query_idx,recall,underfill,latency_ms,dist_ops,n_returned,strategy,target_selectivity,true_selectivity,sel_hat,metadata_variant,planner_reason
20,1.0,False,0.025200002710334957,100,10,pre_filter,0.001,0.001,0.0008299226874113083,uncorrelated,
21,1.0,False,0.025300003471784294,100,10,pre_filter,0.001,0.001,0.0008299226874113083,uncorrelated,
22,1.0,False,0.026699999580159783,100,10,pre_filter,0.001,0.001,0.0008299226874113083,uncorrelated,
23,1.0,False,0.02920000406447798,100,10,pre_filter,0.001,0.001,0.0008299226874113083,uncorrelated,
24,1.0,False,0.024100008886307478,100,10,pre_filter,0.001,0.001,0.0008299226874113083,uncorrelated,
25,1.0,False,0.026500012609176338,100,10,pre_filter,0.001,0.001,0.0008299226874113083,uncorrelated,
26,1.0,False,0.02720000338740647,100,10,pre_filter,0.001,0.001,0.0008299226874113083,uncorrelated,
27,1.0,False,0.03749999450519681,100,10,pre_filter,0.001,0.001,0.0008299226874113083,uncorrelated,
28,1.0,False,0.02889998722821474,100,10,pre_filter,0.001,0.001,0.0008299226874113083,uncorrelated,
29,1.0,False,0.025000001187436283,100,10,pre_filter,0.001,0.001,0.0008299226874113083,uncorrelated,
30,1.0,False,0.029400005587376654,100,10,pre_filter,0.001,0.001,0.0008299226874113083,uncorrelated,
31,1.0,False,0.035599994589574635,100,10,pre_filter,0.001,0.001,0.0008299226874113083,uncorrelated,
32,1.0,False,0.030199997127056122,100,10,pre_filter,0.001,0.001,0.0008299226874113083,uncorrelated,
33,1.0,False,0.026599998818710446,100,10,pre_filter,0.001,0.001,0.0008299226874113083,uncorrelated,
34,1.0,False,0.027900008717551827,100,10,pre_filter,0.001,0.001,0.0008299226874113083,uncorrelated,
35,1.0,False,0.024300010409206152,100,10,pre_filter,0.001,0.001,0.0008299226874113083,uncorrelated,
36,1.0,False,0.023600005079060793,100,10,pre_filter,0.001,0.001,0.0008299226874113083,uncorrelated,
37,1.0,False,0.02719998883549124,100,10,pre_filter,0.001,0.001,0.0008299226874113083,uncorrelated,
38,1.0,False,0.02849999873433262,100,10,pre_filter,0.001,0.001,0.0008299226874113083,uncorrelated,
39,1.0,False,0.034500000765547156,100,10,pre_filter,0.001,0.001,0.0008299226874113083,uncorrelated,
40,1.0,False,0.033899996196851134,100,10,pre_filter,0.001,0.001,0.0008299226874113083,uncorrelated,
41,1.0,False,0.034199998481199145,100,10,pre_filter,0.001,0.001,0.0008299226874113083,uncorrelated,
42,1.0,False,0.035500008380040526,100,10,pre_filter,0.001,0.001,0.0008299226874113083,uncorrelated,
43,1.0,False,0.031100003980100155,100,10,pre_filter,0.001,0.001,0.0008299226874113083,uncorrelated,
44,1.0,False,0.03060000017285347,100,10,pre_filter,0.001,0.001,0.0008299226874113083,uncorrelated,
45,1.0,False,0.027399990358389914,100,10,pre_filter,0.001,0.001,0.0008299226874113083,uncorrelated,
46,1.0,False,0.03390001074876636,100,10,pre_filter,0.001,0.001,0.0008299226874113083,uncorrelated,
47,1.0,False,0.028800001018680632,100,10,pre_filter,0.001,0.001,0.0008299226874113083,uncorrelated,
48,1.0,False,0.027400004910305142,100,10,pre_filter,0.001,0.001,0.0008299226874113083,uncorrelated,
49,1.0,False,0.02370000584051013,100,10,pre_filter,0.001,0.001,0.0008299226874113083,uncorrelated,
50,1.0,False,0.02469999890308827,100,10,pre_filter,0.001,0.001,0.0008299226874113083,uncorrelated,
51,1.0,False,0.026000008801929653,100,10,pre_filter,0.001,0.001,0.0008299226874113083,uncorrelated,
52,1.0,False,0.025200002710334957,100,10,pre_filter,0.001,0.001,0.0008299226874113083,uncorrelated,
53,1.0,False,0.02370000584051013,100,10,pre_filter,0.001,0.001,0.0008299226874113083,uncorrelated,
54,1.0,False,0.0236999912885949,100,10,pre_filter,0.001,0.001,0.0008299226874113083,uncorrelated,
55,1.0,False,0.0261999957729131,100,10,pre_filter,0.001,0.001,0.0008299226874113083,uncorrelated,
56,1.0,False,0.027900008717551827,100,10,pre_filter,0.001,0.001,0.0008299226874113083,uncorrelated,
57,1.0,False,0.02649999805726111,100,10,pre_filter,0.001,0.001,0.0008299226874113083,uncorrelated,
58,1.0,False,0.02989999484270811,100,10,pre_filter,0.001,0.001,0.0008299226874113083,uncorrelated,
59,1.0,False,0.03640000068116933,100,10,pre_filter,0.001,0.001,0.0008299226874113083,uncorrelated,
60,1.0,False,0.03270000161137432,100,10,pre_filter,0.001,0.001,0.0008299226874113083,uncorrelated,
61,1.0,False,0.025000001187436283,100,10,pre_filter,0.001,0.001,0.0008299226874113083,uncorrelated,
62,1.0,False,0.026300011086277664,100,10,pre_filter,0.001,0.001,0.0008299226874113083,uncorrelated,
63,1.0,False,0.023899992811493576,100,10,pre_filter,0.001,0.001,0.0008299226874113083,uncorrelated,
64,1.0,False,0.029000002541579306,100,10,pre_filter,0.001,0.001,0.0008299226874113083,uncorrelated,
65,1.0,False,0.0320999970426783,100,10,pre_filter,0.001,0.001,0.0008299226874113083,uncorrelated,
66,1.0,False,0.03640000068116933,100,10,pre_filter,0.001,0.001,0.0008299226874113083,uncorrelated,
67,1.0,False,0.02920000406447798,100,10,pre_filter,0.001,0.001,0.0008299226874113083,uncorrelated,
68,1.0,False,0.025200002710334957,100,10,pre_filter,0.001,0.001,0.0008299226874113083,uncorrelated,
69,1.0,False,0.028800001018680632,100,10,pre_filter,0.001,0.001,0.0008299226874113083,uncorrelated,
70,1.0,False,0.023899992811493576,100,10,pre_filter,0.001,0.001,0.0008299226874113083,uncorrelated,
71,1.0,False,0.034199998481199145,100,10,pre_filter,0.001,0.001,0.0008299226874113083,uncorrelated,
72,1.0,False,0.032500000088475645,100,10,pre_filter,0.001,0.001,0.0008299226874113083,uncorrelated,
73,1.0,False,0.024200009647756815,100,10,pre_filter,0.001,0.001,0.0008299226874113083,uncorrelated,
74,1.0,False,0.027400004910305142,100,10,pre_filter,0.001,0.001,0.0008299226874113083,uncorrelated,
75,1.0,False,0.02370000584051013,100,10,pre_filter,0.001,0.001,0.0008299226874113083,uncorrelated,
76,1.0,False,0.025300003471784294,100,10,pre_filter,0.001,0.001,0.0008299226874113083,uncorrelated,
77,1.0,False,0.026399997295811772,100,10,pre_filter,0.001,0.001,0.0008299226874113083,uncorrelated,
78,1.0,False,0.02950000634882599,100,10,pre_filter,0.001,0.001,0.0008299226874113083,uncorrelated,
79,1.0,False,0.035299992305226624,100,10,pre_filter,0.001,0.001,0.0008299226874113083,uncorrelated,
80,1.0,False,0.02819999644998461,100,10,pre_filter,0.001,0.001,0.0008299226874113083,uncorrelated,
81,1.0,False,0.026699999580159783,100,10,pre_filter,0.001,0.001,0.0008299226874113083,uncorrelated,
82,1.0,False,0.025399989681318402,100,10,pre_filter,0.001,0.001,0.0008299226874113083,uncorrelated,
83,1.0,False,0.024199995095841587,100,10,pre_filter,0.001,0.001,0.0008299226874113083,uncorrelated,
84,1.0,False,0.02570000651758164,100,10,pre_filter,0.001,0.001,0.0008299226874113083,uncorrelated,
85,1.0,False,0.025200002710334957,100,10,pre_filter,0.001,0.001,0.0008299226874113083,uncorrelated,
86,1.0,False,0.024100008886307478,100,10,pre_filter,0.001,0.001,0.0008299226874113083,uncorrelated,
87,1.0,False,0.02819999644998461,100,10,pre_filter,0.001,0.001,0.0008299226874113083,uncorrelated,
88,1.0,False,0.02379999205004424,100,10,pre_filter,0.001,0.001,0.0008299226874113083,uncorrelated,
89,1.0,False,0.023499989765696228,100,10,pre_filter,0.001,0.001,0.0008299226874113083,uncorrelated,
90,1.0,False,0.029000002541579306,100,10,pre_filter,0.001,0.001,0.0008299226874113083,uncorrelated,
91,1.0,False,0.02370000584051013,100,10,pre_filter,0.001,0.001,0.0008299226874113083,uncorrelated,
92,1.0,False,0.028399997972883284,100,10,pre_filter,0.001,0.001,0.0008299226874113083,uncorrelated,
93,1.0,False,0.03399999695830047,100,10,pre_filter,0.001,0.001,0.0008299226874113083,uncorrelated,
94,1.0,False,0.03239999932702631,100,10,pre_filter,0.001,0.001,0.0008299226874113083,uncorrelated,
95,1.0,False,0.029799994081258774,100,10,pre_filter,0.001,0.001,0.0008299226874113083,uncorrelated,
96,1.0,False,0.02570000651758164,100,10,pre_filter,0.001,0.001,0.0008299226874113083,uncorrelated,
97,1.0,False,0.026900001103058457,100,10,pre_filter,0.001,0.001,0.0008299226874113083,uncorrelated,
98,1.0,False,0.023999993572942913,100,10,pre_filter,0.001,0.001,0.0008299226874113083,uncorrelated,
99,1.0,False,0.02819999644998461,100,10,pre_filter,0.001,0.001,0.0008299226874113083,uncorrelated,
100,1.0,False,0.02649999805726111,100,10,pre_filter,0.001,0.001,0.0008299226874113083,uncorrelated,
101,1.0,False,0.030700000934302807,100,10,pre_filter,0.001,0.001,0.0008299226874113083,uncorrelated,
102,1.0,False,0.025000001187436283,100,10,pre_filter,0.001,0.001,0.0008299226874113083,uncorrelated,
103,1.0,False,0.03989999822806567,100,10,pre_filter,0.001,0.001,0.0008299226874113083,uncorrelated,
104,1.0,False,0.028400012524798512,100,10,pre_filter,0.001,0.001,0.0008299226874113083,uncorrelated,
105,1.0,False,0.02469999890308827,100,10,pre_filter,0.001,0.001,0.0008299226874113083,uncorrelated,
106,1.0,False,0.024299995857290924,100,10,pre_filter,0.001,0.001,0.0008299226874113083,uncorrelated,
107,1.0,False,0.0281000102404505,100,10,pre_filter,0.001,0.001,0.0008299226874113083,uncorrelated,
108,1.0,False,0.023900007363408804,100,10,pre_filter,0.001,0.001,0.0008299226874113083,uncorrelated,
109,1.0,False,0.02370000584051013,100,10,pre_filter,0.001,0.001,0.0008299226874113083,uncorrelated,
110,1.0,False,0.024299995857290924,100,10,pre_filter,0.001,0.001,0.0008299226874113083,uncorrelated,
111,1.0,False,0.030800001695752144,100,10,pre_filter,0.001,0.001,0.0008299226874113083,uncorrelated,
112,1.0,False,0.02610000956337899,100,10,pre_filter,0.001,0.001,0.0008299226874113083,uncorrelated,
113,1.0,False,0.024500011932104826,100,10,pre_filter,0.001,0.001,0.0008299226874113083,uncorrelated,
114,1.0,False,0.024199995095841587,100,10,pre_filter,0.001,0.001,0.0008299226874113083,uncorrelated,
115,1.0,False,0.02750000567175448,100,10,pre_filter,0.001,0.001,0.0008299226874113083,uncorrelated,
116,1.0,False,0.03090000245720148,100,10,pre_filter,0.001,0.001,0.0008299226874113083,uncorrelated,
117,1.0,False,0.03409999771974981,100,10,pre_filter,0.001,0.001,0.0008299226874113083,uncorrelated,
118,1.0,False,0.035200006095692515,100,10,pre_filter,0.001,0.001,0.0008299226874113083,uncorrelated,
119,1.0,False,0.024999986635521054,100,10,pre_filter,0.001,0.001,0.0008299226874113083,uncorrelated,
120,1.0,False,0.025500004994682968,100,10,pre_filter,0.001,0.001,0.0008299226874113083,uncorrelated,
121,1.0,False,0.027000001864507794,100,10,pre_filter,0.001,0.001,0.0008299226874113083,uncorrelated,
122,1.0,False,0.02570000651758164,100,10,pre_filter,0.001,0.001,0.0008299226874113083,uncorrelated,
123,1.0,False,0.0236999912885949,100,10,pre_filter,0.001,0.001,0.0008299226874113083,uncorrelated,
124,1.0,False,0.02339998900424689,100,10,pre_filter,0.001,0.001,0.0008299226874113083,uncorrelated,
125,1.0,False,0.023499989765696228,100,10,pre_filter,0.001,0.001,0.0008299226874113083,uncorrelated,
126,1.0,False,0.02340000355616212,100,10,pre_filter,0.001,0.001,0.0008299226874113083,uncorrelated,
127,1.0,False,0.023600005079060793,100,10,pre_filter,0.001,0.001,0.0008299226874113083,uncorrelated,
128,1.0,False,0.034199998481199145,100,10,pre_filter,0.001,0.001,0.0008299226874113083,uncorrelated,
129,1.0,False,0.031100003980100155,100,10,pre_filter,0.001,0.001,0.0008299226874113083,uncorrelated,
130,1.0,False,0.025200002710334957,100,10,pre_filter,0.001,0.001,0.0008299226874113083,uncorrelated,
131,1.0,False,0.023600005079060793,100,10,pre_filter,0.001,0.001,0.0008299226874113083,uncorrelated,
132,1.0,False,0.027300004148855805,100,10,pre_filter,0.001,0.001,0.0008299226874113083,uncorrelated,
133,1.0,False,0.03339999238960445,100,10,pre_filter,0.001,0.001,0.0008299226874113083,uncorrelated,
134,1.0,False,0.030800001695752144,100,10,pre_filter,0.001,0.001,0.0008299226874113083,uncorrelated,
135,1.0,False,0.025999994250014424,100,10,pre_filter,0.001,0.001,0.0008299226874113083,uncorrelated,
136,1.0,False,0.027399990358389914,100,10,pre_filter,0.001,0.001,0.0008299226874113083,uncorrelated,
137,1.0,False,0.023300002794712782,100,10,pre_filter,0.001,0.001,0.0008299226874113083,uncorrelated,
138,1.0,False,0.02439999661874026,100,10,pre_filter,0.001,0.001,0.0008299226874113083,uncorrelated,
139,1.0,False,0.023900007363408804,100,10,pre_filter,0.001,0.001,0.0008299226874113083,uncorrelated,
140,1.0,False,0.02720000338740647,100,10,pre_filter,0.001,0.001,0.0008299226874113083,uncorrelated,
141,1.0,False,0.02929999027401209,100,10,pre_filter,0.001,0.001,0.0008299226874113083,uncorrelated,
142,1.0,False,0.030399998649954796,100,10,pre_filter,0.001,0.001,0.0008299226874113083,uncorrelated,
143,1.0,False,0.026300011086277664,100,10,pre_filter,0.001,0.001,0.0008299226874113083,uncorrelated,
144,1.0,False,0.03099998866673559,100,10,pre_filter,0.001,0.001,0.0008299226874113083,uncorrelated,
145,1.0,False,0.03329999162815511,100,10,pre_filter,0.001,0.001,0.0008299226874113083,uncorrelated,
146,1.0,False,0.02400000812485814,100,10,pre_filter,0.001,0.001,0.0008299226874113083,uncorrelated,
147,1.0,False,0.024299995857290924,100,10,pre_filter,0.001,0.001,0.0008299226874113083,uncorrelated,
148,1.0,False,0.03680000372696668,100,10,pre_filter,0.001,0.001,0.0008299226874113083,uncorrelated,
149,1.0,False,0.03190001007169485,100,10,pre_filter,0.001,0.001,0.0008299226874113083,uncorrelated,
150,1.0,False,0.028700000257231295,100,10,pre_filter,0.001,0.001,0.0008299226874113083,uncorrelated,
151,1.0,False,0.024599998141638935,100,10,pre_filter,0.001,0.001,0.0008299226874113083,uncorrelated,
152,1.0,False,0.023800006601959467,100,10,pre_filter,0.001,0.001,0.0008299226874113083,uncorrelated,
153,1.0,False,0.029300004825927317,100,10,pre_filter,0.001,0.001,0.0008299226874113083,uncorrelated,
154,1.0,False,0.025999994250014424,100,10,pre_filter,0.001,0.001,0.0008299226874113083,uncorrelated,
155,1.0,False,0.037600009818561375,100,10,pre_filter,0.001,0.001,0.0008299226874113083,uncorrelated,
156,1.0,False,0.030099996365606785,100,10,pre_filter,0.001,0.001,0.0008299226874113083,uncorrelated,
157,1.0,False,0.025899993488565087,100,10,pre_filter,0.001,0.001,0.0008299226874113083,uncorrelated,
158,1.0,False,0.026200010324828327,100,10,pre_filter,0.001,0.001,0.0008299226874113083,uncorrelated,
159,1.0,False,0.02439999661874026,100,10,pre_filter,0.001,0.001,0.0008299226874113083,uncorrelated,
160,1.0,False,0.02400000812485814,100,10,pre_filter,0.001,0.001,0.0008299226874113083,uncorrelated,
161,1.0,False,0.02720000338740647,100,10,pre_filter,0.001,0.001,0.0008299226874113083,uncorrelated,
162,1.0,False,0.0295999925583601,100,10,pre_filter,0.001,0.001,0.0008299226874113083,uncorrelated,
163,1.0,False,0.024900000425986946,100,10,pre_filter,0.001,0.001,0.0008299226874113083,uncorrelated,
164,1.0,False,0.025999994250014424,100,10,pre_filter,0.001,0.001,0.0008299226874113083,uncorrelated,
165,1.0,False,0.027699992642737925,100,10,pre_filter,0.001,0.001,0.0008299226874113083,uncorrelated,
166,1.0,False,0.03359999391250312,100,10,pre_filter,0.001,0.001,0.0008299226874113083,uncorrelated,
167,1.0,False,0.034199998481199145,100,10,pre_filter,0.001,0.001,0.0008299226874113083,uncorrelated,
168,1.0,False,0.032500000088475645,100,10,pre_filter,0.001,0.001,0.0008299226874113083,uncorrelated,
169,1.0,False,0.02819999644998461,100,10,pre_filter,0.001,0.001,0.0008299226874113083,uncorrelated,
170,1.0,False,0.023500004317611456,100,10,pre_filter,0.001,0.001,0.0008299226874113083,uncorrelated,
171,1.0,False,0.024299995857290924,100,10,pre_filter,0.001,0.001,0.0008299226874113083,uncorrelated,
172,1.0,False,0.03239999932702631,100,10,pre_filter,0.001,0.001,0.0008299226874113083,uncorrelated,
173,1.0,False,0.027000001864507794,100,10,pre_filter,0.001,0.001,0.0008299226874113083,uncorrelated,
174,1.0,False,0.024499997380189598,100,10,pre_filter,0.001,0.001,0.0008299226874113083,uncorrelated,
175,1.0,False,0.029800008633174002,100,10,pre_filter,0.001,0.001,0.0008299226874113083,uncorrelated,
176,1.0,False,0.028299997211433947,100,10,pre_filter,0.001,0.001,0.0008299226874113083,uncorrelated,
177,1.0,False,0.034899989259429276,100,10,pre_filter,0.001,0.001,0.0008299226874113083,uncorrelated,
178,1.0,False,0.0295999925583601,100,10,pre_filter,0.001,0.001,0.0008299226874113083,uncorrelated,
179,1.0,False,0.023600005079060793,100,10,pre_filter,0.001,0.001,0.0008299226874113083,uncorrelated,
180,1.0,False,0.030099996365606785,100,10,pre_filter,0.001,0.001,0.0008299226874113083,uncorrelated,
181,1.0,False,0.03679998917505145,100,10,pre_filter,0.001,0.001,0.0008299226874113083,uncorrelated,
182,1.0,False,0.03359999391250312,100,10,pre_filter,0.001,0.001,0.0008299226874113083,uncorrelated,
183,1.0,False,0.02920000406447798,100,10,pre_filter,0.001,0.001,0.0008299226874113083,uncorrelated,
184,1.0,False,0.025500004994682968,100,10,pre_filter,0.001,0.001,0.0008299226874113083,uncorrelated,
185,1.0,False,0.03099998866673559,100,10,pre_filter,0.001,0.001,0.0008299226874113083,uncorrelated,
186,1.0,False,0.024900000425986946,100,10,pre_filter,0.001,0.001,0.0008299226874113083,uncorrelated,
187,1.0,False,0.02479999966453761,100,10,pre_filter,0.001,0.001,0.0008299226874113083,uncorrelated,
188,1.0,False,0.023800006601959467,100,10,pre_filter,0.001,0.001,0.0008299226874113083,uncorrelated,
189,1.0,False,0.0295999925583601,100,10,pre_filter,0.001,0.001,0.0008299226874113083,uncorrelated,
190,1.0,False,0.027600006433203816,100,10,pre_filter,0.001,0.001,0.0008299226874113083,uncorrelated,
191,1.0,False,0.029399991035461426,100,10,pre_filter,0.001,0.001,0.0008299226874113083,uncorrelated,
192,1.0,False,0.02409999433439225,100,10,pre_filter,0.001,0.001,0.0008299226874113083,uncorrelated,
193,1.0,False,0.03560000914148986,100,10,pre_filter,0.001,0.001,0.0008299226874113083,uncorrelated,
194,1.0,False,0.029799994081258774,100,10,pre_filter,0.001,0.001,0.0008299226874113083,uncorrelated,
195,1.0,False,0.03689998993650079,100,10,pre_filter,0.001,0.001,0.0008299226874113083,uncorrelated,
196,1.0,False,0.03029999788850546,100,10,pre_filter,0.001,0.001,0.0008299226874113083,uncorrelated,
197,1.0,False,0.03170000854879618,100,10,pre_filter,0.001,0.001,0.0008299226874113083,uncorrelated,
198,1.0,False,0.029400005587376654,100,10,pre_filter,0.001,0.001,0.0008299226874113083,uncorrelated,
199,1.0,False,0.02510000194888562,100,10,pre_filter,0.001,0.001,0.0008299226874113083,uncorrelated,
20,1.0,False,371.23499999870546,59894,10,post_filter,0.001,0.001,0.0008299226874113083,uncorrelated,
21,1.0,False,360.43359999894165,53963,10,post_filter,0.001,0.001,0.0008299226874113083,uncorrelated,
22,1.0,False,359.1117000032682,53927,10,post_filter,0.001,0.001,0.0008299226874113083,uncorrelated,
23,1.0,False,362.19650000566617,54632,10,post_filter,0.001,0.001,0.0008299226874113083,uncorrelated,
24,1.0,False,354.8396000114735,54031,10,post_filter,0.001,0.001,0.0008299226874113083,uncorrelated,
25,1.0,False,353.26780000468716,55041,10,post_filter,0.001,0.001,0.0008299226874113083,uncorrelated,
26,1.0,False,362.4389000033261,54021,10,post_filter,0.001,0.001,0.0008299226874113083,uncorrelated,
27,1.0,False,354.23460000311024,54106,10,post_filter,0.001,0.001,0.0008299226874113083,uncorrelated,
28,1.0,False,355.1141999923857,53951,10,post_filter,0.001,0.001,0.0008299226874113083,uncorrelated,
29,1.0,False,392.17949999147095,58265,10,post_filter,0.001,0.001,0.0008299226874113083,uncorrelated,
30,1.0,False,353.5196000011638,54232,10,post_filter,0.001,0.001,0.0008299226874113083,uncorrelated,
31,1.0,False,350.8185999962734,54203,10,post_filter,0.001,0.001,0.0008299226874113083,uncorrelated,
32,1.0,False,347.4290999874938,54630,10,post_filter,0.001,0.001,0.0008299226874113083,uncorrelated,
33,1.0,False,380.94259999343194,74538,10,post_filter,0.001,0.001,0.0008299226874113083,uncorrelated,
34,1.0,False,347.1172999998089,54613,10,post_filter,0.001,0.001,0.0008299226874113083,uncorrelated,
35,1.0,False,355.8152999903541,63812,10,post_filter,0.001,0.001,0.0008299226874113083,uncorrelated,
36,1.0,False,353.65920000185724,60597,10,post_filter,0.001,0.001,0.0008299226874113083,uncorrelated,
37,1.0,False,370.26729999342933,71820,10,post_filter,0.001,0.001,0.0008299226874113083,uncorrelated,
38,1.0,False,348.4318999981042,55125,10,post_filter,0.001,0.001,0.0008299226874113083,uncorrelated,
39,1.0,False,383.93329999234993,61132,10,post_filter,0.001,0.001,0.0008299226874113083,uncorrelated,
40,1.0,False,338.0516000033822,54181,10,post_filter,0.001,0.001,0.0008299226874113083,uncorrelated,
41,1.0,False,360.4378999880282,62661,10,post_filter,0.001,0.001,0.0008299226874113083,uncorrelated,
42,1.0,False,357.1605000033742,54187,10,post_filter,0.001,0.001,0.0008299226874113083,uncorrelated,
43,1.0,False,360.36399999284185,54102,10,post_filter,0.001,0.001,0.0008299226874113083,uncorrelated,
44,1.0,False,360.25909999443684,61779,10,post_filter,0.001,0.001,0.0008299226874113083,uncorrelated,
45,1.0,False,356.92829999607056,56143,10,post_filter,0.001,0.001,0.0008299226874113083,uncorrelated,
46,1.0,False,364.2212999984622,65755,10,post_filter,0.001,0.001,0.0008299226874113083,uncorrelated,
47,1.0,False,342.52350000315346,67589,10,post_filter,0.001,0.001,0.0008299226874113083,uncorrelated,
48,1.0,False,364.3729000032181,64333,10,post_filter,0.001,0.001,0.0008299226874113083,uncorrelated,
49,1.0,False,360.76260000118054,53845,10,post_filter,0.001,0.001,0.0008299226874113083,uncorrelated,
50,1.0,False,351.9285999936983,55397,10,post_filter,0.001,0.001,0.0008299226874113083,uncorrelated,
51,1.0,False,377.56969999463763,62508,10,post_filter,0.001,0.001,0.0008299226874113083,uncorrelated,
52,1.0,False,359.55000000831205,53908,10,post_filter,0.001,0.001,0.0008299226874113083,uncorrelated,
53,1.0,False,357.8941999876406,54375,10,post_filter,0.001,0.001,0.0008299226874113083,uncorrelated,
54,1.0,False,444.61829999636393,68115,10,post_filter,0.001,0.001,0.0008299226874113083,uncorrelated,
55,1.0,False,423.53369999909773,68167,10,post_filter,0.001,0.001,0.0008299226874113083,uncorrelated,
56,1.0,False,380.98549999995157,54003,10,post_filter,0.001,0.001,0.0008299226874113083,uncorrelated,
57,1.0,False,350.95550000551157,60455,10,post_filter,0.001,0.001,0.0008299226874113083,uncorrelated,
58,1.0,False,392.37770000181627,64844,10,post_filter,0.001,0.001,0.0008299226874113083,uncorrelated,
59,1.0,False,382.67519998771604,63800,10,post_filter,0.001,0.001,0.0008299226874113083,uncorrelated,
60,1.0,False,370.2498999919044,54160,10,post_filter,0.001,0.001,0.0008299226874113083,uncorrelated,
61,1.0,False,364.7542999970028,54311,10,post_filter,0.001,0.001,0.0008299226874113083,uncorrelated,
62,1.0,False,406.95039999263827,68305,10,post_filter,0.001,0.001,0.0008299226874113083,uncorrelated,
63,1.0,False,380.32970001222566,59331,10,post_filter,0.001,0.001,0.0008299226874113083,uncorrelated,
64,1.0,False,394.5889000024181,67755,10,post_filter,0.001,0.001,0.0008299226874113083,uncorrelated,
65,1.0,False,439.55959999584593,69537,10,post_filter,0.001,0.001,0.0008299226874113083,uncorrelated,
66,1.0,False,420.872300004703,64917,10,post_filter,0.001,0.001,0.0008299226874113083,uncorrelated,
67,1.0,False,418.74680000182707,73339,10,post_filter,0.001,0.001,0.0008299226874113083,uncorrelated,
68,1.0,False,404.3666000070516,57698,10,post_filter,0.001,0.001,0.0008299226874113083,uncorrelated,
69,1.0,False,373.71970000094734,57047,10,post_filter,0.001,0.001,0.0008299226874113083,uncorrelated,
70,1.0,False,395.23280000139493,60800,10,post_filter,0.001,0.001,0.0008299226874113083,uncorrelated,
71,1.0,False,388.3891000004951,67870,10,post_filter,0.001,0.001,0.0008299226874113083,uncorrelated,
72,1.0,False,347.0274999999674,54435,10,post_filter,0.001,0.001,0.0008299226874113083,uncorrelated,
73,1.0,False,445.58060000417754,65043,10,post_filter,0.001,0.001,0.0008299226874113083,uncorrelated,
74,1.0,False,380.66120000439696,54041,10,post_filter,0.001,0.001,0.0008299226874113083,uncorrelated,
75,1.0,False,376.5188999968814,63993,10,post_filter,0.001,0.001,0.0008299226874113083,uncorrelated,
76,1.0,False,396.8797999987146,70753,10,post_filter,0.001,0.001,0.0008299226874113083,uncorrelated,
77,1.0,False,388.2294000068214,68359,10,post_filter,0.001,0.001,0.0008299226874113083,uncorrelated,
78,1.0,False,361.64929998631123,54078,10,post_filter,0.001,0.001,0.0008299226874113083,uncorrelated,
79,1.0,False,390.4039000044577,70434,10,post_filter,0.001,0.001,0.0008299226874113083,uncorrelated,
80,1.0,False,384.72899999760557,71274,10,post_filter,0.001,0.001,0.0008299226874113083,uncorrelated,
81,1.0,False,364.12830000335816,55924,10,post_filter,0.001,0.001,0.0008299226874113083,uncorrelated,
82,1.0,False,377.515800006222,55973,10,post_filter,0.001,0.001,0.0008299226874113083,uncorrelated,
83,1.0,False,372.2874000086449,54731,10,post_filter,0.001,0.001,0.0008299226874113083,uncorrelated,
84,1.0,False,367.9861999989953,54187,10,post_filter,0.001,0.001,0.0008299226874113083,uncorrelated,
85,1.0,False,444.50149999465793,82452,10,post_filter,0.001,0.001,0.0008299226874113083,uncorrelated,
86,1.0,False,403.64380000391975,74690,10,post_filter,0.001,0.001,0.0008299226874113083,uncorrelated,
87,1.0,False,424.5470000023488,80263,10,post_filter,0.001,0.001,0.0008299226874113083,uncorrelated,
88,1.0,False,516.5025000023888,78243,10,post_filter,0.001,0.001,0.0008299226874113083,uncorrelated,
89,1.0,False,538.8383999961661,67376,10,post_filter,0.001,0.001,0.0008299226874113083,uncorrelated,
90,1.0,False,426.1467000033008,53901,10,post_filter,0.001,0.001,0.0008299226874113083,uncorrelated,
91,1.0,False,396.6123999998672,71892,10,post_filter,0.001,0.001,0.0008299226874113083,uncorrelated,
92,1.0,False,354.32569999829866,54888,10,post_filter,0.001,0.001,0.0008299226874113083,uncorrelated,
93,1.0,False,374.5870999991894,57753,10,post_filter,0.001,0.001,0.0008299226874113083,uncorrelated,
94,1.0,False,412.1006000059424,69506,10,post_filter,0.001,0.001,0.0008299226874113083,uncorrelated,
95,1.0,False,393.6295000021346,74228,10,post_filter,0.001,0.001,0.0008299226874113083,uncorrelated,
96,1.0,False,365.75019999872893,58701,10,post_filter,0.001,0.001,0.0008299226874113083,uncorrelated,
97,1.0,False,400.9170999925118,71642,10,post_filter,0.001,0.001,0.0008299226874113083,uncorrelated,
98,1.0,False,386.0988999949768,58666,10,post_filter,0.001,0.001,0.0008299226874113083,uncorrelated,
99,1.0,False,375.75930000457447,63775,10,post_filter,0.001,0.001,0.0008299226874113083,uncorrelated,
100,1.0,False,368.81759999960195,54017,10,post_filter,0.001,0.001,0.0008299226874113083,uncorrelated,
101,1.0,False,419.0645000053337,74649,10,post_filter,0.001,0.001,0.0008299226874113083,uncorrelated,
102,1.0,False,387.3048000095878,53744,10,post_filter,0.001,0.001,0.0008299226874113083,uncorrelated,
103,1.0,False,351.57020000042394,59360,10,post_filter,0.001,0.001,0.0008299226874113083,uncorrelated,
104,1.0,False,375.9414999949513,57627,10,post_filter,0.001,0.001,0.0008299226874113083,uncorrelated,
105,1.0,False,397.4180999939563,73991,10,post_filter,0.001,0.001,0.0008299226874113083,uncorrelated,
106,1.0,False,391.2055999971926,55897,10,post_filter,0.001,0.001,0.0008299226874113083,uncorrelated,
107,1.0,False,387.42400000046473,64629,10,post_filter,0.001,0.001,0.0008299226874113083,uncorrelated,
108,1.0,False,370.03220000769943,61620,10,post_filter,0.001,0.001,0.0008299226874113083,uncorrelated,
109,1.0,False,412.2790000110399,72217,10,post_filter,0.001,0.001,0.0008299226874113083,uncorrelated,
110,1.0,False,363.6475999956019,59835,10,post_filter,0.001,0.001,0.0008299226874113083,uncorrelated,
111,1.0,False,360.73689999466296,54285,10,post_filter,0.001,0.001,0.0008299226874113083,uncorrelated,
112,1.0,False,440.52299999748357,81580,10,post_filter,0.001,0.001,0.0008299226874113083,uncorrelated,
113,1.0,False,392.3127000016393,72167,10,post_filter,0.001,0.001,0.0008299226874113083,uncorrelated,
114,1.0,False,420.10620000655763,72906,10,post_filter,0.001,0.001,0.0008299226874113083,uncorrelated,
115,1.0,False,369.32540000998415,59327,10,post_filter,0.001,0.001,0.0008299226874113083,uncorrelated,
116,1.0,False,391.3089999987278,61857,10,post_filter,0.001,0.001,0.0008299226874113083,uncorrelated,
117,1.0,False,351.03870001330506,54773,10,post_filter,0.001,0.001,0.0008299226874113083,uncorrelated,
118,1.0,False,387.3860000021523,54249,10,post_filter,0.001,0.001,0.0008299226874113083,uncorrelated,
119,1.0,False,422.8858999995282,65048,10,post_filter,0.001,0.001,0.0008299226874113083,uncorrelated,
120,1.0,False,420.49070000939537,75922,10,post_filter,0.001,0.001,0.0008299226874113083,uncorrelated,
121,1.0,False,455.83379999152385,74460,10,post_filter,0.001,0.001,0.0008299226874113083,uncorrelated,
122,1.0,False,358.43420001037885,54106,10,post_filter,0.001,0.001,0.0008299226874113083,uncorrelated,
123,1.0,False,393.66590000281576,61715,10,post_filter,0.001,0.001,0.0008299226874113083,uncorrelated,
124,1.0,False,471.57579999475274,53888,10,post_filter,0.001,0.001,0.0008299226874113083,uncorrelated,
125,1.0,False,410.3543999954127,54005,10,post_filter,0.001,0.001,0.0008299226874113083,uncorrelated,
126,1.0,False,384.7852999897441,54046,10,post_filter,0.001,0.001,0.0008299226874113083,uncorrelated,
127,1.0,False,385.1226999977371,60234,10,post_filter,0.001,0.001,0.0008299226874113083,uncorrelated,
128,1.0,False,371.33280000125524,54009,10,post_filter,0.001,0.001,0.0008299226874113083,uncorrelated,
129,1.0,False,403.02470000460744,68873,10,post_filter,0.001,0.001,0.0008299226874113083,uncorrelated,
130,1.0,False,372.56049999268726,55151,10,post_filter,0.001,0.001,0.0008299226874113083,uncorrelated,
131,1.0,False,445.3970000031404,76498,10,post_filter,0.001,0.001,0.0008299226874113083,uncorrelated,
132,1.0,False,346.66029999789316,61487,10,post_filter,0.001,0.001,0.0008299226874113083,uncorrelated,
133,1.0,False,426.7929999914486,84027,10,post_filter,0.001,0.001,0.0008299226874113083,uncorrelated,
134,1.0,False,379.2558999994071,66635,10,post_filter,0.001,0.001,0.0008299226874113083,uncorrelated,
135,1.0,False,359.2052000021795,54217,10,post_filter,0.001,0.001,0.0008299226874113083,uncorrelated,
136,1.0,False,356.78800000459887,53841,10,post_filter,0.001,0.001,0.0008299226874113083,uncorrelated,
137,1.0,False,381.07590000436176,71116,10,post_filter,0.001,0.001,0.0008299226874113083,uncorrelated,
138,1.0,False,384.6517999918433,73376,10,post_filter,0.001,0.001,0.0008299226874113083,uncorrelated,
139,1.0,False,360.08690000744537,53827,10,post_filter,0.001,0.001,0.0008299226874113083,uncorrelated,
140,1.0,False,349.1171000059694,64540,10,post_filter,0.001,0.001,0.0008299226874113083,uncorrelated,
141,1.0,False,390.5248999944888,61600,10,post_filter,0.001,0.001,0.0008299226874113083,uncorrelated,
142,1.0,False,401.1495000013383,63684,10,post_filter,0.001,0.001,0.0008299226874113083,uncorrelated,
143,1.0,False,442.03079999715555,76551,10,post_filter,0.001,0.001,0.0008299226874113083,uncorrelated,
144,1.0,False,352.8831000003265,64063,10,post_filter,0.001,0.001,0.0008299226874113083,uncorrelated,
145,1.0,False,423.152499992284,81093,10,post_filter,0.001,0.001,0.0008299226874113083,uncorrelated,
146,1.0,False,382.7986999967834,73178,10,post_filter,0.001,0.001,0.0008299226874113083,uncorrelated,
147,1.0,False,346.7081999988295,60400,10,post_filter,0.001,0.001,0.0008299226874113083,uncorrelated,
148,1.0,False,352.0403000002261,63149,10,post_filter,0.001,0.001,0.0008299226874113083,uncorrelated,
149,1.0,False,347.7768000011565,55339,10,post_filter,0.001,0.001,0.0008299226874113083,uncorrelated,
150,1.0,False,368.02629999874625,54009,10,post_filter,0.001,0.001,0.0008299226874113083,uncorrelated,
151,1.0,False,394.3539000028977,68805,10,post_filter,0.001,0.001,0.0008299226874113083,uncorrelated,
152,1.0,False,389.48339999478776,63323,10,post_filter,0.001,0.001,0.0008299226874113083,uncorrelated,
153,1.0,False,408.02249999251217,73305,10,post_filter,0.001,0.001,0.0008299226874113083,uncorrelated,
154,1.0,False,356.10499999893364,69457,10,post_filter,0.001,0.001,0.0008299226874113083,uncorrelated,
155,1.0,False,358.24529999808874,53912,10,post_filter,0.001,0.001,0.0008299226874113083,uncorrelated,
156,1.0,False,342.0936999900732,61617,10,post_filter,0.001,0.001,0.0008299226874113083,uncorrelated,
157,1.0,False,348.54369999084156,54117,10,post_filter,0.001,0.001,0.0008299226874113083,uncorrelated,
158,1.0,False,361.03289999300614,54188,10,post_filter,0.001,0.001,0.0008299226874113083,uncorrelated,
159,1.0,False,334.3350999930408,60615,10,post_filter,0.001,0.001,0.0008299226874113083,uncorrelated,
160,1.0,False,346.6658999968786,61293,10,post_filter,0.001,0.001,0.0008299226874113083,uncorrelated,
161,1.0,False,347.19200000108685,62199,10,post_filter,0.001,0.001,0.0008299226874113083,uncorrelated,
162,1.0,False,356.1145999992732,53993,10,post_filter,0.001,0.001,0.0008299226874113083,uncorrelated,
163,1.0,False,355.39840000274125,53844,10,post_filter,0.001,0.001,0.0008299226874113083,uncorrelated,
164,1.0,False,359.06750000140164,53654,10,post_filter,0.001,0.001,0.0008299226874113083,uncorrelated,
165,1.0,False,352.70620000665076,60505,10,post_filter,0.001,0.001,0.0008299226874113083,uncorrelated,
166,1.0,False,382.28189999063034,74270,10,post_filter,0.001,0.001,0.0008299226874113083,uncorrelated,
167,1.0,False,351.8374999985099,53654,10,post_filter,0.001,0.001,0.0008299226874113083,uncorrelated,
168,1.0,False,353.9417000138201,60528,10,post_filter,0.001,0.001,0.0008299226874113083,uncorrelated,
169,1.0,False,368.23890000232495,54006,10,post_filter,0.001,0.001,0.0008299226874113083,uncorrelated,
170,1.0,False,339.766499993857,61376,10,post_filter,0.001,0.001,0.0008299226874113083,uncorrelated,
171,1.0,False,353.23890000290703,63047,10,post_filter,0.001,0.001,0.0008299226874113083,uncorrelated,
172,1.0,False,361.4627000060864,54075,10,post_filter,0.001,0.001,0.0008299226874113083,uncorrelated,
173,1.0,False,375.7231000054162,68592,10,post_filter,0.001,0.001,0.0008299226874113083,uncorrelated,
174,1.0,False,356.2033999915002,62384,10,post_filter,0.001,0.001,0.0008299226874113083,uncorrelated,
175,1.0,False,344.1885999927763,60851,10,post_filter,0.001,0.001,0.0008299226874113083,uncorrelated,
176,1.0,False,342.5599000038346,61008,10,post_filter,0.001,0.001,0.0008299226874113083,uncorrelated,
177,1.0,False,352.2816999902716,61398,10,post_filter,0.001,0.001,0.0008299226874113083,uncorrelated,
178,1.0,False,367.8706999926362,58228,10,post_filter,0.001,0.001,0.0008299226874113083,uncorrelated,
179,1.0,False,357.1511000045575,53977,10,post_filter,0.001,0.001,0.0008299226874113083,uncorrelated,
180,1.0,False,387.6829000073485,73779,10,post_filter,0.001,0.001,0.0008299226874113083,uncorrelated,
181,1.0,False,352.22390000126325,54143,10,post_filter,0.001,0.001,0.0008299226874113083,uncorrelated,
182,1.0,False,369.9281999870436,68198,10,post_filter,0.001,0.001,0.0008299226874113083,uncorrelated,
183,1.0,False,348.8592000067001,61444,10,post_filter,0.001,0.001,0.0008299226874113083,uncorrelated,
184,1.0,False,373.85079999512527,65396,10,post_filter,0.001,0.001,0.0008299226874113083,uncorrelated,
185,1.0,False,389.41209999029525,60541,10,post_filter,0.001,0.001,0.0008299226874113083,uncorrelated,
186,1.0,False,367.2000999940792,54272,10,post_filter,0.001,0.001,0.0008299226874113083,uncorrelated,
187,1.0,False,339.939500001492,60677,10,post_filter,0.001,0.001,0.0008299226874113083,uncorrelated,
188,1.0,False,365.3792999975849,54278,10,post_filter,0.001,0.001,0.0008299226874113083,uncorrelated,
189,1.0,False,345.8500999986427,55558,10,post_filter,0.001,0.001,0.0008299226874113083,uncorrelated,
190,1.0,False,346.80340001068544,64137,10,post_filter,0.001,0.001,0.0008299226874113083,uncorrelated,
191,1.0,False,335.64590000605676,60684,10,post_filter,0.001,0.001,0.0008299226874113083,uncorrelated,
192,1.0,False,352.24079999898095,54167,10,post_filter,0.001,0.001,0.0008299226874113083,uncorrelated,
193,1.0,False,377.49829998938367,67045,10,post_filter,0.001,0.001,0.0008299226874113083,uncorrelated,
194,1.0,False,351.9955000083428,58986,10,post_filter,0.001,0.001,0.0008299226874113083,uncorrelated,
195,1.0,False,371.5630999940913,53958,10,post_filter,0.001,0.001,0.0008299226874113083,uncorrelated,
196,1.0,False,354.4588000077056,56085,10,post_filter,0.001,0.001,0.0008299226874113083,uncorrelated,
197,1.0,False,347.4428000045009,62383,10,post_filter,0.001,0.001,0.0008299226874113083,uncorrelated,
198,1.0,False,356.14790000545327,61434,10,post_filter,0.001,0.001,0.0008299226874113083,uncorrelated,
199,1.0,False,343.5451999976067,54173,10,post_filter,0.001,0.001,0.0008299226874113083,uncorrelated,
20,1.0,False,73.84060000185855,30071,10,predicate_aware,0.001,0.001,0.0008299226874113083,uncorrelated,
21,1.0,False,54.514699993887916,30065,10,predicate_aware,0.001,0.001,0.0008299226874113083,uncorrelated,
22,1.0,False,60.14169999980368,30051,10,predicate_aware,0.001,0.001,0.0008299226874113083,uncorrelated,
23,1.0,False,63.09299998974893,30075,10,predicate_aware,0.001,0.001,0.0008299226874113083,uncorrelated,
24,1.0,False,51.596300007076934,30117,10,predicate_aware,0.001,0.001,0.0008299226874113083,uncorrelated,
25,1.0,False,48.0768999987049,30052,10,predicate_aware,0.001,0.001,0.0008299226874113083,uncorrelated,
26,1.0,False,50.54450000170618,30082,10,predicate_aware,0.001,0.001,0.0008299226874113083,uncorrelated,
27,1.0,False,54.797700009658,30119,10,predicate_aware,0.001,0.001,0.0008299226874113083,uncorrelated,
28,1.0,False,51.8002000026172,30076,10,predicate_aware,0.001,0.001,0.0008299226874113083,uncorrelated,
29,1.0,False,72.9220999928657,30095,10,predicate_aware,0.001,0.001,0.0008299226874113083,uncorrelated,
30,1.0,False,52.17809999885503,30085,10,predicate_aware,0.001,0.001,0.0008299226874113083,uncorrelated,
31,1.0,False,42.64770000008866,30074,10,predicate_aware,0.001,0.001,0.0008299226874113083,uncorrelated,
32,1.0,False,47.63400000229012,30074,10,predicate_aware,0.001,0.001,0.0008299226874113083,uncorrelated,
33,1.0,False,53.84409999533091,30057,10,predicate_aware,0.001,0.001,0.0008299226874113083,uncorrelated,
34,1.0,False,43.854200004716404,30061,10,predicate_aware,0.001,0.001,0.0008299226874113083,uncorrelated,
35,1.0,False,49.506199997267686,30085,10,predicate_aware,0.001,0.001,0.0008299226874113083,uncorrelated,
36,1.0,False,49.753200000850484,30052,10,predicate_aware,0.001,0.001,0.0008299226874113083,uncorrelated,
37,1.0,False,57.267700001830235,30073,10,predicate_aware,0.001,0.001,0.0008299226874113083,uncorrelated,
38,1.0,False,44.51179999159649,30058,10,predicate_aware,0.001,0.001,0.0008299226874113083,uncorrelated,
39,1.0,False,78.21969999349676,30064,10,predicate_aware,0.001,0.001,0.0008299226874113083,uncorrelated,
40,1.0,False,43.40110000339337,30073,10,predicate_aware,0.001,0.001,0.0008299226874113083,uncorrelated,
41,1.0,False,77.83200000994839,30062,10,predicate_aware,0.001,0.001,0.0008299226874113083,uncorrelated,
42,0.9,False,50.396000006003305,30104,10,predicate_aware,0.001,0.001,0.0008299226874113083,uncorrelated,
43,1.0,False,41.261199992732145,30163,10,predicate_aware,0.001,0.001,0.0008299226874113083,uncorrelated,
44,1.0,False,69.26299999759067,30073,10,predicate_aware,0.001,0.001,0.0008299226874113083,uncorrelated,
45,1.0,False,55.90009999286849,30086,10,predicate_aware,0.001,0.001,0.0008299226874113083,uncorrelated,
46,1.0,False,73.54029999987688,30107,10,predicate_aware,0.001,0.001,0.0008299226874113083,uncorrelated,
47,1.0,False,43.77770000428427,30085,10,predicate_aware,0.001,0.001,0.0008299226874113083,uncorrelated,
48,0.9,False,47.817200000281446,30045,10,predicate_aware,0.001,0.001,0.0008299226874113083,uncorrelated,
49,1.0,False,56.73840000235941,30077,10,predicate_aware,0.001,0.001,0.0008299226874113083,uncorrelated,
50,1.0,False,44.79100000753533,30070,10,predicate_aware,0.001,0.001,0.0008299226874113083,uncorrelated,
51,1.0,False,68.08890000684187,30052,10,predicate_aware,0.001,0.001,0.0008299226874113083,uncorrelated,
52,1.0,False,54.376999993110076,30052,10,predicate_aware,0.001,0.001,0.0008299226874113083,uncorrelated,
53,1.0,False,50.24070000217762,30071,10,predicate_aware,0.001,0.001,0.0008299226874113083,uncorrelated,
54,1.0,False,79.93839999835473,30044,10,predicate_aware,0.001,0.001,0.0008299226874113083,uncorrelated,
55,1.0,False,73.99330000043847,30083,10,predicate_aware,0.001,0.001,0.0008299226874113083,uncorrelated,
56,1.0,False,58.823200000915676,30070,10,predicate_aware,0.001,0.001,0.0008299226874113083,uncorrelated,
57,1.0,False,58.1977999972878,30065,10,predicate_aware,0.001,0.001,0.0008299226874113083,uncorrelated,
58,1.0,False,39.001199998892844,30086,10,predicate_aware,0.001,0.001,0.0008299226874113083,uncorrelated,
59,1.0,False,81.55869999609422,30090,10,predicate_aware,0.001,0.001,0.0008299226874113083,uncorrelated,
60,0.9,False,45.33629999787081,30070,10,predicate_aware,0.001,0.001,0.0008299226874113083,uncorrelated,
61,1.0,False,56.65679999219719,30069,10,predicate_aware,0.001,0.001,0.0008299226874113083,uncorrelated,
62,1.0,False,70.83529999363236,30066,10,predicate_aware,0.001,0.001,0.0008299226874113083,uncorrelated,
63,1.0,False,67.48430000152439,30050,10,predicate_aware,0.001,0.001,0.0008299226874113083,uncorrelated,
64,1.0,False,65.73760000173934,30059,10,predicate_aware,0.001,0.001,0.0008299226874113083,uncorrelated,
65,1.0,False,82.71879999665543,30054,10,predicate_aware,0.001,0.001,0.0008299226874113083,uncorrelated,
66,1.0,False,57.492699997965246,30079,10,predicate_aware,0.001,0.001,0.0008299226874113083,uncorrelated,
67,1.0,False,77.93949999904726,30053,10,predicate_aware,0.001,0.001,0.0008299226874113083,uncorrelated,
68,1.0,False,68.53730000148062,30042,10,predicate_aware,0.001,0.001,0.0008299226874113083,uncorrelated,
69,1.0,False,44.500000003608875,30045,10,predicate_aware,0.001,0.001,0.0008299226874113083,uncorrelated,
70,1.0,False,74.67410000390373,30070,10,predicate_aware,0.001,0.001,0.0008299226874113083,uncorrelated,
71,1.0,False,63.137999997707084,30061,10,predicate_aware,0.001,0.001,0.0008299226874113083,uncorrelated,
72,0.8,False,35.21289999480359,30067,10,predicate_aware,0.001,0.001,0.0008299226874113083,uncorrelated,
73,1.0,False,53.23760000464972,30092,10,predicate_aware,0.001,0.001,0.0008299226874113083,uncorrelated,
74,0.9,False,52.13180001010187,30094,10,predicate_aware,0.001,0.001,0.0008299226874113083,uncorrelated,
75,1.0,False,42.26469999412075,30087,10,predicate_aware,0.001,0.001,0.0008299226874113083,uncorrelated,
76,1.0,False,79.152599995723,30057,10,predicate_aware,0.001,0.001,0.0008299226874113083,uncorrelated,
77,1.0,False,50.09509999945294,30061,10,predicate_aware,0.001,0.001,0.0008299226874113083,uncorrelated,
78,1.0,False,48.874400003114715,30090,10,predicate_aware,0.001,0.001,0.0008299226874113083,uncorrelated,
79,1.0,False,78.91409999865573,30066,10,predicate_aware,0.001,0.001,0.0008299226874113083,uncorrelated,
80,1.0,False,73.94790000398643,30070,10,predicate_aware,0.001,0.001,0.0008299226874113083,uncorrelated,
81,0.9,False,43.662900003255345,30089,10,predicate_aware,0.001,0.001,0.0008299226874113083,uncorrelated,
82,0.9,False,47.46870000963099,30116,10,predicate_aware,0.001,0.001,0.0008299226874113083,uncorrelated,
83,0.9,False,56.00489999051206,30080,10,predicate_aware,0.001,0.001,0.0008299226874113083,uncorrelated,
84,0.9,False,50.064800001564436,30081,10,predicate_aware,0.001,0.001,0.0008299226874113083,uncorrelated,
85,1.0,False,43.5321999975713,30101,10,predicate_aware,0.001,0.001,0.0008299226874113083,uncorrelated,
86,1.0,False,66.47350000275765,30042,10,predicate_aware,0.001,0.001,0.0008299226874113083,uncorrelated,
87,1.0,False,64.9453999940306,30063,10,predicate_aware,0.001,0.001,0.0008299226874113083,uncorrelated,
88,1.0,False,79.59280000068247,30037,10,predicate_aware,0.001,0.001,0.0008299226874113083,uncorrelated,
89,1.0,False,81.30879999953322,30055,10,predicate_aware,0.001,0.001,0.0008299226874113083,uncorrelated,
90,1.0,False,65.76810000115074,30075,10,predicate_aware,0.001,0.001,0.0008299226874113083,uncorrelated,
91,1.0,False,58.86119999922812,30051,10,predicate_aware,0.001,0.001,0.0008299226874113083,uncorrelated,
92,1.0,False,41.07700000167824,30101,10,predicate_aware,0.001,0.001,0.0008299226874113083,uncorrelated,
93,1.0,False,64.91669999377336,30087,10,predicate_aware,0.001,0.001,0.0008299226874113083,uncorrelated,
94,1.0,False,62.32700000691693,30090,10,predicate_aware,0.001,0.001,0.0008299226874113083,uncorrelated,
95,1.0,False,52.349599995068274,30069,10,predicate_aware,0.001,0.001,0.0008299226874113083,uncorrelated,
96,1.0,False,44.98020000755787,30085,10,predicate_aware,0.001,0.001,0.0008299226874113083,uncorrelated,
97,1.0,False,59.484400000656024,30077,10,predicate_aware,0.001,0.001,0.0008299226874113083,uncorrelated,
98,1.0,False,75.46649999858346,30076,10,predicate_aware,0.001,0.001,0.0008299226874113083,uncorrelated,
99,1.0,False,52.72569999215193,30070,10,predicate_aware,0.001,0.001,0.0008299226874113083,uncorrelated,
100,1.0,False,54.175000012037344,30053,10,predicate_aware,0.001,0.001,0.0008299226874113083,uncorrelated,
101,1.0,False,64.22050000401214,30087,10,predicate_aware,0.001,0.001,0.0008299226874113083,uncorrelated,
102,0.9,False,48.42250001092907,30066,10,predicate_aware,0.001,0.001,0.0008299226874113083,uncorrelated,
103,1.0,False,59.73900000390131,30096,10,predicate_aware,0.001,0.001,0.0008299226874113083,uncorrelated,
104,1.0,False,72.88979999430012,30085,10,predicate_aware,0.001,0.001,0.0008299226874113083,uncorrelated,
105,1.0,False,64.41259999701288,30107,10,predicate_aware,0.001,0.001,0.0008299226874113083,uncorrelated,
106,1.0,False,72.2408000001451,30055,10,predicate_aware,0.001,0.001,0.0008299226874113083,uncorrelated,
107,1.0,False,67.61280000500847,30106,10,predicate_aware,0.001,0.001,0.0008299226874113083,uncorrelated,
108,1.0,False,77.56130000052508,30054,10,predicate_aware,0.001,0.001,0.0008299226874113083,uncorrelated,
109,1.0,False,69.98200000089128,30113,10,predicate_aware,0.001,0.001,0.0008299226874113083,uncorrelated,
110,1.0,False,74.69619999756105,30089,10,predicate_aware,0.001,0.001,0.0008299226874113083,uncorrelated,
111,1.0,False,44.20269999536686,30053,10,predicate_aware,0.001,0.001,0.0008299226874113083,uncorrelated,
112,1.0,False,60.89649999921676,30096,10,predicate_aware,0.001,0.001,0.0008299226874113083,uncorrelated,
113,1.0,False,64.51769999694079,30110,10,predicate_aware,0.001,0.001,0.0008299226874113083,uncorrelated,
114,0.9,False,62.90990000707097,30098,10,predicate_aware,0.001,0.001,0.0008299226874113083,uncorrelated,
115,1.0,False,59.65119999018498,30072,10,predicate_aware,0.001,0.001,0.0008299226874113083,uncorrelated,
116,1.0,False,81.42869999574032,30077,10,predicate_aware,0.001,0.001,0.0008299226874113083,uncorrelated,
117,0.8,False,35.92419999768026,30069,10,predicate_aware,0.001,0.001,0.0008299226874113083,uncorrelated,
118,0.9,False,50.26460000954103,30059,10,predicate_aware,0.001,0.001,0.0008299226874113083,uncorrelated,
119,1.0,False,76.73660000727978,30103,10,predicate_aware,0.001,0.001,0.0008299226874113083,uncorrelated,
120,1.0,False,62.57880000339355,30075,10,predicate_aware,0.001,0.001,0.0008299226874113083,uncorrelated,
121,1.0,False,62.58930001058616,30061,10,predicate_aware,0.001,0.001,0.0008299226874113083,uncorrelated,
122,1.0,False,38.52099999494385,30075,10,predicate_aware,0.001,0.001,0.0008299226874113083,uncorrelated,
123,1.0,False,61.303499998757616,30061,10,predicate_aware,0.001,0.001,0.0008299226874113083,uncorrelated,
124,1.0,False,51.95990001084283,30081,10,predicate_aware,0.001,0.001,0.0008299226874113083,uncorrelated,
125,1.0,False,56.4369999920018,30105,10,predicate_aware,0.001,0.001,0.0008299226874113083,uncorrelated,
126,1.0,False,49.889399990206584,30057,10,predicate_aware,0.001,0.001,0.0008299226874113083,uncorrelated,
127,1.0,False,57.89820000063628,30066,10,predicate_aware,0.001,0.001,0.0008299226874113083,uncorrelated,
128,1.0,False,55.04999999538995,30080,10,predicate_aware,0.001,0.001,0.0008299226874113083,uncorrelated,
129,1.0,False,55.840000000898726,30070,10,predicate_aware,0.001,0.001,0.0008299226874113083,uncorrelated,
130,1.0,False,39.189200004329905,30062,10,predicate_aware,0.001,0.001,0.0008299226874113083,uncorrelated,
131,1.0,False,68.92039999365807,30056,10,predicate_aware,0.001,0.001,0.0008299226874113083,uncorrelated,
132,1.0,False,51.01650000142399,30075,10,predicate_aware,0.001,0.001,0.0008299226874113083,uncorrelated,
133,0.9,False,42.82789998978842,30079,10,predicate_aware,0.001,0.001,0.0008299226874113083,uncorrelated,
134,1.0,False,75.56889999250416,30094,10,predicate_aware,0.001,0.001,0.0008299226874113083,uncorrelated,
135,1.0,False,50.08290000841953,30095,10,predicate_aware,0.001,0.001,0.0008299226874113083,uncorrelated,
136,1.0,False,46.846999990521,30040,10,predicate_aware,0.001,0.001,0.0008299226874113083,uncorrelated,
137,0.9,False,39.9018000025535,30046,10,predicate_aware,0.001,0.001,0.0008299226874113083,uncorrelated,
138,0.9,False,60.00579999818001,30095,10,predicate_aware,0.001,0.001,0.0008299226874113083,uncorrelated,
139,1.0,False,55.10430000140332,30061,10,predicate_aware,0.001,0.001,0.0008299226874113083,uncorrelated,
140,1.0,False,51.263599991216324,30050,10,predicate_aware,0.001,0.001,0.0008299226874113083,uncorrelated,
141,1.0,False,57.5651000108337,30077,10,predicate_aware,0.001,0.001,0.0008299226874113083,uncorrelated,
142,1.0,False,51.37570000078995,30086,10,predicate_aware,0.001,0.001,0.0008299226874113083,uncorrelated,
143,1.0,False,69.81589998758864,30061,10,predicate_aware,0.001,0.001,0.0008299226874113083,uncorrelated,
144,1.0,False,58.6745000036899,30065,10,predicate_aware,0.001,0.001,0.0008299226874113083,uncorrelated,
145,1.0,False,68.83810000726953,30069,10,predicate_aware,0.001,0.001,0.0008299226874113083,uncorrelated,
146,1.0,False,53.39549999916926,30070,10,predicate_aware,0.001,0.001,0.0008299226874113083,uncorrelated,
147,1.0,False,55.87820000073407,30078,10,predicate_aware,0.001,0.001,0.0008299226874113083,uncorrelated,
148,1.0,False,73.67969999904744,30122,10,predicate_aware,0.001,0.001,0.0008299226874113083,uncorrelated,
149,0.9,False,42.9673000035109,30058,10,predicate_aware,0.001,0.001,0.0008299226874113083,uncorrelated,
150,1.0,False,47.35380000784062,30084,10,predicate_aware,0.001,0.001,0.0008299226874113083,uncorrelated,
151,1.0,False,103.44550000445452,30038,10,predicate_aware,0.001,0.001,0.0008299226874113083,uncorrelated,
152,1.0,False,54.333299995050766,30064,10,predicate_aware,0.001,0.001,0.0008299226874113083,uncorrelated,
153,1.0,False,75.26480000524316,30054,10,predicate_aware,0.001,0.001,0.0008299226874113083,uncorrelated,
154,1.0,False,46.52720000012778,30079,10,predicate_aware,0.001,0.001,0.0008299226874113083,uncorrelated,
155,1.0,False,53.49949999072123,30055,10,predicate_aware,0.001,0.001,0.0008299226874113083,uncorrelated,
156,1.0,False,58.6293999949703,30070,10,predicate_aware,0.001,0.001,0.0008299226874113083,uncorrelated,
157,1.0,False,46.67890000564512,30091,10,predicate_aware,0.001,0.001,0.0008299226874113083,uncorrelated,
158,1.0,False,57.36869999964256,30061,10,predicate_aware,0.001,0.001,0.0008299226874113083,uncorrelated,
159,1.0,False,62.588000000687316,30052,10,predicate_aware,0.001,0.001,0.0008299226874113083,uncorrelated,
160,1.0,False,63.43429999833461,30055,10,predicate_aware,0.001,0.001,0.0008299226874113083,uncorrelated,
161,1.0,False,57.5379000074463,30088,10,predicate_aware,0.001,0.001,0.0008299226874113083,uncorrelated,
162,0.9,False,42.51280000607949,30058,10,predicate_aware,0.001,0.001,0.0008299226874113083,uncorrelated,
163,1.0,False,49.74130001210142,30079,10,predicate_aware,0.001,0.001,0.0008299226874113083,uncorrelated,
164,1.0,False,55.16390000411775,30082,10,predicate_aware,0.001,0.001,0.0008299226874113083,uncorrelated,
165,1.0,False,64.34359999548178,30072,10,predicate_aware,0.001,0.001,0.0008299226874113083,uncorrelated,
166,1.0,False,58.512099989457056,30069,10,predicate_aware,0.001,0.001,0.0008299226874113083,uncorrelated,
167,1.0,False,48.97819999314379,30069,10,predicate_aware,0.001,0.001,0.0008299226874113083,uncorrelated,
168,1.0,False,60.330100008286536,30046,10,predicate_aware,0.001,0.001,0.0008299226874113083,uncorrelated,
169,1.0,False,56.466900001396425,30129,10,predicate_aware,0.001,0.001,0.0008299226874113083,uncorrelated,
170,1.0,False,57.51459999009967,30064,10,predicate_aware,0.001,0.001,0.0008299226874113083,uncorrelated,
171,1.0,False,53.89709999144543,30106,10,predicate_aware,0.001,0.001,0.0008299226874113083,uncorrelated,
172,0.8,False,52.3654999997234,30077,10,predicate_aware,0.001,0.001,0.0008299226874113083,uncorrelated,
173,1.0,False,49.88559999037534,30076,10,predicate_aware,0.001,0.001,0.0008299226874113083,uncorrelated,
174,1.0,False,55.923099993378855,30093,10,predicate_aware,0.001,0.001,0.0008299226874113083,uncorrelated,
175,1.0,False,53.740699993795715,30061,10,predicate_aware,0.001,0.001,0.0008299226874113083,uncorrelated,
176,1.0,False,49.70760000287555,30068,10,predicate_aware,0.001,0.001,0.0008299226874113083,uncorrelated,
177,1.0,False,58.19709999195766,30108,10,predicate_aware,0.001,0.001,0.0008299226874113083,uncorrelated,
178,1.0,False,56.09449998883065,30072,10,predicate_aware,0.001,0.001,0.0008299226874113083,uncorrelated,
179,1.0,False,52.382300011231564,30105,10,predicate_aware,0.001,0.001,0.0008299226874113083,uncorrelated,
180,1.0,False,64.89559999317862,30065,10,predicate_aware,0.001,0.001,0.0008299226874113083,uncorrelated,
181,1.0,False,45.954200002597645,30080,10,predicate_aware,0.001,0.001,0.0008299226874113083,uncorrelated,
182,1.0,False,64.69519999518525,30051,10,predicate_aware,0.001,0.001,0.0008299226874113083,uncorrelated,
183,1.0,False,60.047999999369495,30056,10,predicate_aware,0.001,0.001,0.0008299226874113083,uncorrelated,
184,1.0,False,63.3708000095794,30074,10,predicate_aware,0.001,0.001,0.0008299226874113083,uncorrelated,
185,1.0,False,78.36629998928402,30072,10,predicate_aware,0.001,0.001,0.0008299226874113083,uncorrelated,
186,1.0,False,52.60769999586046,30083,10,predicate_aware,0.001,0.001,0.0008299226874113083,uncorrelated,
187,1.0,False,50.6835999985924,30070,10,predicate_aware,0.001,0.001,0.0008299226874113083,uncorrelated,
188,1.0,False,50.55200000060722,30066,10,predicate_aware,0.001,0.001,0.0008299226874113083,uncorrelated,
189,1.0,False,40.14409999945201,30053,10,predicate_aware,0.001,0.001,0.0008299226874113083,uncorrelated,
190,1.0,False,49.33850000088569,30064,10,predicate_aware,0.001,0.001,0.0008299226874113083,uncorrelated,
191,1.0,False,58.74469999980647,30053,10,predicate_aware,0.001,0.001,0.0008299226874113083,uncorrelated,
192,1.0,False,48.64130000350997,30098,10,predicate_aware,0.001,0.001,0.0008299226874113083,uncorrelated,
193,1.0,False,76.05769998917822,30099,10,predicate_aware,0.001,0.001,0.0008299226874113083,uncorrelated,
194,1.0,False,43.34409999137279,30099,10,predicate_aware,0.001,0.001,0.0008299226874113083,uncorrelated,
195,1.0,False,43.37779998604674,30050,10,predicate_aware,0.001,0.001,0.0008299226874113083,uncorrelated,
196,0.9,False,43.08879999734927,30084,10,predicate_aware,0.001,0.001,0.0008299226874113083,uncorrelated,
197,1.0,False,59.4347000005655,30066,10,predicate_aware,0.001,0.001,0.0008299226874113083,uncorrelated,
198,1.0,False,72.42630000109784,30109,10,predicate_aware,0.001,0.001,0.0008299226874113083,uncorrelated,
199,0.8,False,39.336500005447306,30068,10,predicate_aware,0.001,0.001,0.0008299226874113083,uncorrelated,
20,1.0,False,0.025200002710334957,100,10,planner,0.001,0.001,0.0008299226874113083,uncorrelated,"pre_filter: ŝ=0.0008 -> cost=83 < post_filter=79327, predicate_aware=219"
21,1.0,False,0.025300003471784294,100,10,planner,0.001,0.001,0.0008299226874113083,uncorrelated,"pre_filter: ŝ=0.0008 -> cost=83 < post_filter=79327, predicate_aware=219"
22,1.0,False,0.026699999580159783,100,10,planner,0.001,0.001,0.0008299226874113083,uncorrelated,"pre_filter: ŝ=0.0008 -> cost=83 < post_filter=79327, predicate_aware=219"
23,1.0,False,0.02920000406447798,100,10,planner,0.001,0.001,0.0008299226874113083,uncorrelated,"pre_filter: ŝ=0.0008 -> cost=83 < post_filter=79327, predicate_aware=219"
24,1.0,False,0.024100008886307478,100,10,planner,0.001,0.001,0.0008299226874113083,uncorrelated,"pre_filter: ŝ=0.0008 -> cost=83 < post_filter=79327, predicate_aware=219"
25,1.0,False,0.026500012609176338,100,10,planner,0.001,0.001,0.0008299226874113083,uncorrelated,"pre_filter: ŝ=0.0008 -> cost=83 < post_filter=79327, predicate_aware=219"
26,1.0,False,0.02720000338740647,100,10,planner,0.001,0.001,0.0008299226874113083,uncorrelated,"pre_filter: ŝ=0.0008 -> cost=83 < post_filter=79327, predicate_aware=219"
27,1.0,False,0.03749999450519681,100,10,planner,0.001,0.001,0.0008299226874113083,uncorrelated,"pre_filter: ŝ=0.0008 -> cost=83 < post_filter=79327, predicate_aware=219"
28,1.0,False,0.02889998722821474,100,10,planner,0.001,0.001,0.0008299226874113083,uncorrelated,"pre_filter: ŝ=0.0008 -> cost=83 < post_filter=79327, predicate_aware=219"
29,1.0,False,0.025000001187436283,100,10,planner,0.001,0.001,0.0008299226874113083,uncorrelated,"pre_filter: ŝ=0.0008 -> cost=83 < post_filter=79327, predicate_aware=219"
30,1.0,False,0.029400005587376654,100,10,planner,0.001,0.001,0.0008299226874113083,uncorrelated,"pre_filter: ŝ=0.0008 -> cost=83 < post_filter=79327, predicate_aware=219"
31,1.0,False,0.035599994589574635,100,10,planner,0.001,0.001,0.0008299226874113083,uncorrelated,"pre_filter: ŝ=0.0008 -> cost=83 < post_filter=79327, predicate_aware=219"
32,1.0,False,0.030199997127056122,100,10,planner,0.001,0.001,0.0008299226874113083,uncorrelated,"pre_filter: ŝ=0.0008 -> cost=83 < post_filter=79327, predicate_aware=219"
33,1.0,False,0.026599998818710446,100,10,planner,0.001,0.001,0.0008299226874113083,uncorrelated,"pre_filter: ŝ=0.0008 -> cost=83 < post_filter=79327, predicate_aware=219"
34,1.0,False,0.027900008717551827,100,10,planner,0.001,0.001,0.0008299226874113083,uncorrelated,"pre_filter: ŝ=0.0008 -> cost=83 < post_filter=79327, predicate_aware=219"
35,1.0,False,0.024300010409206152,100,10,planner,0.001,0.001,0.0008299226874113083,uncorrelated,"pre_filter: ŝ=0.0008 -> cost=83 < post_filter=79327, predicate_aware=219"
36,1.0,False,0.023600005079060793,100,10,planner,0.001,0.001,0.0008299226874113083,uncorrelated,"pre_filter: ŝ=0.0008 -> cost=83 < post_filter=79327, predicate_aware=219"
37,1.0,False,0.02719998883549124,100,10,planner,0.001,0.001,0.0008299226874113083,uncorrelated,"pre_filter: ŝ=0.0008 -> cost=83 < post_filter=79327, predicate_aware=219"
38,1.0,False,0.02849999873433262,100,10,planner,0.001,0.001,0.0008299226874113083,uncorrelated,"pre_filter: ŝ=0.0008 -> cost=83 < post_filter=79327, predicate_aware=219"
39,1.0,False,0.034500000765547156,100,10,planner,0.001,0.001,0.0008299226874113083,uncorrelated,"pre_filter: ŝ=0.0008 -> cost=83 < post_filter=79327, predicate_aware=219"
40,1.0,False,0.033899996196851134,100,10,planner,0.001,0.001,0.0008299226874113083,uncorrelated,"pre_filter: ŝ=0.0008 -> cost=83 < post_filter=79327, predicate_aware=219"
41,1.0,False,0.034199998481199145,100,10,planner,0.001,0.001,0.0008299226874113083,uncorrelated,"pre_filter: ŝ=0.0008 -> cost=83 < post_filter=79327, predicate_aware=219"
42,1.0,False,0.035500008380040526,100,10,planner,0.001,0.001,0.0008299226874113083,uncorrelated,"pre_filter: ŝ=0.0008 -> cost=83 < post_filter=79327, predicate_aware=219"
43,1.0,False,0.031100003980100155,100,10,planner,0.001,0.001,0.0008299226874113083,uncorrelated,"pre_filter: ŝ=0.0008 -> cost=83 < post_filter=79327, predicate_aware=219"
44,1.0,False,0.03060000017285347,100,10,planner,0.001,0.001,0.0008299226874113083,uncorrelated,"pre_filter: ŝ=0.0008 -> cost=83 < post_filter=79327, predicate_aware=219"
45,1.0,False,0.027399990358389914,100,10,planner,0.001,0.001,0.0008299226874113083,uncorrelated,"pre_filter: ŝ=0.0008 -> cost=83 < post_filter=79327, predicate_aware=219"
46,1.0,False,0.03390001074876636,100,10,planner,0.001,0.001,0.0008299226874113083,uncorrelated,"pre_filter: ŝ=0.0008 -> cost=83 < post_filter=79327, predicate_aware=219"
47,1.0,False,0.028800001018680632,100,10,planner,0.001,0.001,0.0008299226874113083,uncorrelated,"pre_filter: ŝ=0.0008 -> cost=83 < post_filter=79327, predicate_aware=219"
48,1.0,False,0.027400004910305142,100,10,planner,0.001,0.001,0.0008299226874113083,uncorrelated,"pre_filter: ŝ=0.0008 -> cost=83 < post_filter=79327, predicate_aware=219"
49,1.0,False,0.02370000584051013,100,10,planner,0.001,0.001,0.0008299226874113083,uncorrelated,"pre_filter: ŝ=0.0008 -> cost=83 < post_filter=79327, predicate_aware=219"
50,1.0,False,0.02469999890308827,100,10,planner,0.001,0.001,0.0008299226874113083,uncorrelated,"pre_filter: ŝ=0.0008 -> cost=83 < post_filter=79327, predicate_aware=219"
51,1.0,False,0.026000008801929653,100,10,planner,0.001,0.001,0.0008299226874113083,uncorrelated,"pre_filter: ŝ=0.0008 -> cost=83 < post_filter=79327, predicate_aware=219"
52,1.0,False,0.025200002710334957,100,10,planner,0.001,0.001,0.0008299226874113083,uncorrelated,"pre_filter: ŝ=0.0008 -> cost=83 < post_filter=79327, predicate_aware=219"
53,1.0,False,0.02370000584051013,100,10,planner,0.001,0.001,0.0008299226874113083,uncorrelated,"pre_filter: ŝ=0.0008 -> cost=83 < post_filter=79327, predicate_aware=219"
54,1.0,False,0.0236999912885949,100,10,planner,0.001,0.001,0.0008299226874113083,uncorrelated,"pre_filter: ŝ=0.0008 -> cost=83 < post_filter=79327, predicate_aware=219"
55,1.0,False,0.0261999957729131,100,10,planner,0.001,0.001,0.0008299226874113083,uncorrelated,"pre_filter: ŝ=0.0008 -> cost=83 < post_filter=79327, predicate_aware=219"
56,1.0,False,0.027900008717551827,100,10,planner,0.001,0.001,0.0008299226874113083,uncorrelated,"pre_filter: ŝ=0.0008 -> cost=83 < post_filter=79327, predicate_aware=219"
57,1.0,False,0.02649999805726111,100,10,planner,0.001,0.001,0.0008299226874113083,uncorrelated,"pre_filter: ŝ=0.0008 -> cost=83 < post_filter=79327, predicate_aware=219"
58,1.0,False,0.02989999484270811,100,10,planner,0.001,0.001,0.0008299226874113083,uncorrelated,"pre_filter: ŝ=0.0008 -> cost=83 < post_filter=79327, predicate_aware=219"
59,1.0,False,0.03640000068116933,100,10,planner,0.001,0.001,0.0008299226874113083,uncorrelated,"pre_filter: ŝ=0.0008 -> cost=83 < post_filter=79327, predicate_aware=219"
60,1.0,False,0.03270000161137432,100,10,planner,0.001,0.001,0.0008299226874113083,uncorrelated,"pre_filter: ŝ=0.0008 -> cost=83 < post_filter=79327, predicate_aware=219"
61,1.0,False,0.025000001187436283,100,10,planner,0.001,0.001,0.0008299226874113083,uncorrelated,"pre_filter: ŝ=0.0008 -> cost=83 < post_filter=79327, predicate_aware=219"
62,1.0,False,0.026300011086277664,100,10,planner,0.001,0.001,0.0008299226874113083,uncorrelated,"pre_filter: ŝ=0.0008 -> cost=83 < post_filter=79327, predicate_aware=219"
63,1.0,False,0.023899992811493576,100,10,planner,0.001,0.001,0.0008299226874113083,uncorrelated,"pre_filter: ŝ=0.0008 -> cost=83 < post_filter=79327, predicate_aware=219"
64,1.0,False,0.029000002541579306,100,10,planner,0.001,0.001,0.0008299226874113083,uncorrelated,"pre_filter: ŝ=0.0008 -> cost=83 < post_filter=79327, predicate_aware=219"
65,1.0,False,0.0320999970426783,100,10,planner,0.001,0.001,0.0008299226874113083,uncorrelated,"pre_filter: ŝ=0.0008 -> cost=83 < post_filter=79327, predicate_aware=219"
66,1.0,False,0.03640000068116933,100,10,planner,0.001,0.001,0.0008299226874113083,uncorrelated,"pre_filter: ŝ=0.0008 -> cost=83 < post_filter=79327, predicate_aware=219"
67,1.0,False,0.02920000406447798,100,10,planner,0.001,0.001,0.0008299226874113083,uncorrelated,"pre_filter: ŝ=0.0008 -> cost=83 < post_filter=79327, predicate_aware=219"
68,1.0,False,0.025200002710334957,100,10,planner,0.001,0.001,0.0008299226874113083,uncorrelated,"pre_filter: ŝ=0.0008 -> cost=83 < post_filter=79327, predicate_aware=219"
69,1.0,False,0.028800001018680632,100,10,planner,0.001,0.001,0.0008299226874113083,uncorrelated,"pre_filter: ŝ=0.0008 -> cost=83 < post_filter=79327, predicate_aware=219"
70,1.0,False,0.023899992811493576,100,10,planner,0.001,0.001,0.0008299226874113083,uncorrelated,"pre_filter: ŝ=0.0008 -> cost=83 < post_filter=79327, predicate_aware=219"
71,1.0,False,0.034199998481199145,100,10,planner,0.001,0.001,0.0008299226874113083,uncorrelated,"pre_filter: ŝ=0.0008 -> cost=83 < post_filter=79327, predicate_aware=219"
72,1.0,False,0.032500000088475645,100,10,planner,0.001,0.001,0.0008299226874113083,uncorrelated,"pre_filter: ŝ=0.0008 -> cost=83 < post_filter=79327, predicate_aware=219"
73,1.0,False,0.024200009647756815,100,10,planner,0.001,0.001,0.0008299226874113083,uncorrelated,"pre_filter: ŝ=0.0008 -> cost=83 < post_filter=79327, predicate_aware=219"
74,1.0,False,0.027400004910305142,100,10,planner,0.001,0.001,0.0008299226874113083,uncorrelated,"pre_filter: ŝ=0.0008 -> cost=83 < post_filter=79327, predicate_aware=219"
75,1.0,False,0.02370000584051013,100,10,planner,0.001,0.001,0.0008299226874113083,uncorrelated,"pre_filter: ŝ=0.0008 -> cost=83 < post_filter=79327, predicate_aware=219"
76,1.0,False,0.025300003471784294,100,10,planner,0.001,0.001,0.0008299226874113083,uncorrelated,"pre_filter: ŝ=0.0008 -> cost=83 < post_filter=79327, predicate_aware=219"
77,1.0,False,0.026399997295811772,100,10,planner,0.001,0.001,0.0008299226874113083,uncorrelated,"pre_filter: ŝ=0.0008 -> cost=83 < post_filter=79327, predicate_aware=219"
78,1.0,False,0.02950000634882599,100,10,planner,0.001,0.001,0.0008299226874113083,uncorrelated,"pre_filter: ŝ=0.0008 -> cost=83 < post_filter=79327, predicate_aware=219"
79,1.0,False,0.035299992305226624,100,10,planner,0.001,0.001,0.0008299226874113083,uncorrelated,"pre_filter: ŝ=0.0008 -> cost=83 < post_filter=79327, predicate_aware=219"
80,1.0,False,0.02819999644998461,100,10,planner,0.001,0.001,0.0008299226874113083,uncorrelated,"pre_filter: ŝ=0.0008 -> cost=83 < post_filter=79327, predicate_aware=219"
81,1.0,False,0.026699999580159783,100,10,planner,0.001,0.001,0.0008299226874113083,uncorrelated,"pre_filter: ŝ=0.0008 -> cost=83 < post_filter=79327, predicate_aware=219"
82,1.0,False,0.025399989681318402,100,10,planner,0.001,0.001,0.0008299226874113083,uncorrelated,"pre_filter: ŝ=0.0008 -> cost=83 < post_filter=79327, predicate_aware=219"
83,1.0,False,0.024199995095841587,100,10,planner,0.001,0.001,0.0008299226874113083,uncorrelated,"pre_filter: ŝ=0.0008 -> cost=83 < post_filter=79327, predicate_aware=219"
84,1.0,False,0.02570000651758164,100,10,planner,0.001,0.001,0.0008299226874113083,uncorrelated,"pre_filter: ŝ=0.0008 -> cost=83 < post_filter=79327, predicate_aware=219"
85,1.0,False,0.025200002710334957,100,10,planner,0.001,0.001,0.0008299226874113083,uncorrelated,"pre_filter: ŝ=0.0008 -> cost=83 < post_filter=79327, predicate_aware=219"
86,1.0,False,0.024100008886307478,100,10,planner,0.001,0.001,0.0008299226874113083,uncorrelated,"pre_filter: ŝ=0.0008 -> cost=83 < post_filter=79327, predicate_aware=219"
87,1.0,False,0.02819999644998461,100,10,planner,0.001,0.001,0.0008299226874113083,uncorrelated,"pre_filter: ŝ=0.0008 -> cost=83 < post_filter=79327, predicate_aware=219"
88,1.0,False,0.02379999205004424,100,10,planner,0.001,0.001,0.0008299226874113083,uncorrelated,"pre_filter: ŝ=0.0008 -> cost=83 < post_filter=79327, predicate_aware=219"
89,1.0,False,0.023499989765696228,100,10,planner,0.001,0.001,0.0008299226874113083,uncorrelated,"pre_filter: ŝ=0.0008 -> cost=83 < post_filter=79327, predicate_aware=219"
90,1.0,False,0.029000002541579306,100,10,planner,0.001,0.001,0.0008299226874113083,uncorrelated,"pre_filter: ŝ=0.0008 -> cost=83 < post_filter=79327, predicate_aware=219"
91,1.0,False,0.02370000584051013,100,10,planner,0.001,0.001,0.0008299226874113083,uncorrelated,"pre_filter: ŝ=0.0008 -> cost=83 < post_filter=79327, predicate_aware=219"
92,1.0,False,0.028399997972883284,100,10,planner,0.001,0.001,0.0008299226874113083,uncorrelated,"pre_filter: ŝ=0.0008 -> cost=83 < post_filter=79327, predicate_aware=219"
93,1.0,False,0.03399999695830047,100,10,planner,0.001,0.001,0.0008299226874113083,uncorrelated,"pre_filter: ŝ=0.0008 -> cost=83 < post_filter=79327, predicate_aware=219"
94,1.0,False,0.03239999932702631,100,10,planner,0.001,0.001,0.0008299226874113083,uncorrelated,"pre_filter: ŝ=0.0008 -> cost=83 < post_filter=79327, predicate_aware=219"
95,1.0,False,0.029799994081258774,100,10,planner,0.001,0.001,0.0008299226874113083,uncorrelated,"pre_filter: ŝ=0.0008 -> cost=83 < post_filter=79327, predicate_aware=219"
96,1.0,False,0.02570000651758164,100,10,planner,0.001,0.001,0.0008299226874113083,uncorrelated,"pre_filter: ŝ=0.0008 -> cost=83 < post_filter=79327, predicate_aware=219"
97,1.0,False,0.026900001103058457,100,10,planner,0.001,0.001,0.0008299226874113083,uncorrelated,"pre_filter: ŝ=0.0008 -> cost=83 < post_filter=79327, predicate_aware=219"
98,1.0,False,0.023999993572942913,100,10,planner,0.001,0.001,0.0008299226874113083,uncorrelated,"pre_filter: ŝ=0.0008 -> cost=83 < post_filter=79327, predicate_aware=219"
99,1.0,False,0.02819999644998461,100,10,planner,0.001,0.001,0.0008299226874113083,uncorrelated,"pre_filter: ŝ=0.0008 -> cost=83 < post_filter=79327, predicate_aware=219"
100,1.0,False,0.02649999805726111,100,10,planner,0.001,0.001,0.0008299226874113083,uncorrelated,"pre_filter: ŝ=0.0008 -> cost=83 < post_filter=79327, predicate_aware=219"
101,1.0,False,0.030700000934302807,100,10,planner,0.001,0.001,0.0008299226874113083,uncorrelated,"pre_filter: ŝ=0.0008 -> cost=83 < post_filter=79327, predicate_aware=219"
102,1.0,False,0.025000001187436283,100,10,planner,0.001,0.001,0.0008299226874113083,uncorrelated,"pre_filter: ŝ=0.0008 -> cost=83 < post_filter=79327, predicate_aware=219"
103,1.0,False,0.03989999822806567,100,10,planner,0.001,0.001,0.0008299226874113083,uncorrelated,"pre_filter: ŝ=0.0008 -> cost=83 < post_filter=79327, predicate_aware=219"
104,1.0,False,0.028400012524798512,100,10,planner,0.001,0.001,0.0008299226874113083,uncorrelated,"pre_filter: ŝ=0.0008 -> cost=83 < post_filter=79327, predicate_aware=219"
105,1.0,False,0.02469999890308827,100,10,planner,0.001,0.001,0.0008299226874113083,uncorrelated,"pre_filter: ŝ=0.0008 -> cost=83 < post_filter=79327, predicate_aware=219"
106,1.0,False,0.024299995857290924,100,10,planner,0.001,0.001,0.0008299226874113083,uncorrelated,"pre_filter: ŝ=0.0008 -> cost=83 < post_filter=79327, predicate_aware=219"
107,1.0,False,0.0281000102404505,100,10,planner,0.001,0.001,0.0008299226874113083,uncorrelated,"pre_filter: ŝ=0.0008 -> cost=83 < post_filter=79327, predicate_aware=219"
108,1.0,False,0.023900007363408804,100,10,planner,0.001,0.001,0.0008299226874113083,uncorrelated,"pre_filter: ŝ=0.0008 -> cost=83 < post_filter=79327, predicate_aware=219"
109,1.0,False,0.02370000584051013,100,10,planner,0.001,0.001,0.0008299226874113083,uncorrelated,"pre_filter: ŝ=0.0008 -> cost=83 < post_filter=79327, predicate_aware=219"
110,1.0,False,0.024299995857290924,100,10,planner,0.001,0.001,0.0008299226874113083,uncorrelated,"pre_filter: ŝ=0.0008 -> cost=83 < post_filter=79327, predicate_aware=219"
111,1.0,False,0.030800001695752144,100,10,planner,0.001,0.001,0.0008299226874113083,uncorrelated,"pre_filter: ŝ=0.0008 -> cost=83 < post_filter=79327, predicate_aware=219"
112,1.0,False,0.02610000956337899,100,10,planner,0.001,0.001,0.0008299226874113083,uncorrelated,"pre_filter: ŝ=0.0008 -> cost=83 < post_filter=79327, predicate_aware=219"
113,1.0,False,0.024500011932104826,100,10,planner,0.001,0.001,0.0008299226874113083,uncorrelated,"pre_filter: ŝ=0.0008 -> cost=83 < post_filter=79327, predicate_aware=219"
114,1.0,False,0.024199995095841587,100,10,planner,0.001,0.001,0.0008299226874113083,uncorrelated,"pre_filter: ŝ=0.0008 -> cost=83 < post_filter=79327, predicate_aware=219"
115,1.0,False,0.02750000567175448,100,10,planner,0.001,0.001,0.0008299226874113083,uncorrelated,"pre_filter: ŝ=0.0008 -> cost=83 < post_filter=79327, predicate_aware=219"
116,1.0,False,0.03090000245720148,100,10,planner,0.001,0.001,0.0008299226874113083,uncorrelated,"pre_filter: ŝ=0.0008 -> cost=83 < post_filter=79327, predicate_aware=219"
117,1.0,False,0.03409999771974981,100,10,planner,0.001,0.001,0.0008299226874113083,uncorrelated,"pre_filter: ŝ=0.0008 -> cost=83 < post_filter=79327, predicate_aware=219"
118,1.0,False,0.035200006095692515,100,10,planner,0.001,0.001,0.0008299226874113083,uncorrelated,"pre_filter: ŝ=0.0008 -> cost=83 < post_filter=79327, predicate_aware=219"
119,1.0,False,0.024999986635521054,100,10,planner,0.001,0.001,0.0008299226874113083,uncorrelated,"pre_filter: ŝ=0.0008 -> cost=83 < post_filter=79327, predicate_aware=219"
120,1.0,False,0.025500004994682968,100,10,planner,0.001,0.001,0.0008299226874113083,uncorrelated,"pre_filter: ŝ=0.0008 -> cost=83 < post_filter=79327, predicate_aware=219"
121,1.0,False,0.027000001864507794,100,10,planner,0.001,0.001,0.0008299226874113083,uncorrelated,"pre_filter: ŝ=0.0008 -> cost=83 < post_filter=79327, predicate_aware=219"
122,1.0,False,0.02570000651758164,100,10,planner,0.001,0.001,0.0008299226874113083,uncorrelated,"pre_filter: ŝ=0.0008 -> cost=83 < post_filter=79327, predicate_aware=219"
123,1.0,False,0.0236999912885949,100,10,planner,0.001,0.001,0.0008299226874113083,uncorrelated,"pre_filter: ŝ=0.0008 -> cost=83 < post_filter=79327, predicate_aware=219"
124,1.0,False,0.02339998900424689,100,10,planner,0.001,0.001,0.0008299226874113083,uncorrelated,"pre_filter: ŝ=0.0008 -> cost=83 < post_filter=79327, predicate_aware=219"
125,1.0,False,0.023499989765696228,100,10,planner,0.001,0.001,0.0008299226874113083,uncorrelated,"pre_filter: ŝ=0.0008 -> cost=83 < post_filter=79327, predicate_aware=219"
126,1.0,False,0.02340000355616212,100,10,planner,0.001,0.001,0.0008299226874113083,uncorrelated,"pre_filter: ŝ=0.0008 -> cost=83 < post_filter=79327, predicate_aware=219"
127,1.0,False,0.023600005079060793,100,10,planner,0.001,0.001,0.0008299226874113083,uncorrelated,"pre_filter: ŝ=0.0008 -> cost=83 < post_filter=79327, predicate_aware=219"
128,1.0,False,0.034199998481199145,100,10,planner,0.001,0.001,0.0008299226874113083,uncorrelated,"pre_filter: ŝ=0.0008 -> cost=83 < post_filter=79327, predicate_aware=219"
129,1.0,False,0.031100003980100155,100,10,planner,0.001,0.001,0.0008299226874113083,uncorrelated,"pre_filter: ŝ=0.0008 -> cost=83 < post_filter=79327, predicate_aware=219"
130,1.0,False,0.025200002710334957,100,10,planner,0.001,0.001,0.0008299226874113083,uncorrelated,"pre_filter: ŝ=0.0008 -> cost=83 < post_filter=79327, predicate_aware=219"
131,1.0,False,0.023600005079060793,100,10,planner,0.001,0.001,0.0008299226874113083,uncorrelated,"pre_filter: ŝ=0.0008 -> cost=83 < post_filter=79327, predicate_aware=219"
132,1.0,False,0.027300004148855805,100,10,planner,0.001,0.001,0.0008299226874113083,uncorrelated,"pre_filter: ŝ=0.0008 -> cost=83 < post_filter=79327, predicate_aware=219"
133,1.0,False,0.03339999238960445,100,10,planner,0.001,0.001,0.0008299226874113083,uncorrelated,"pre_filter: ŝ=0.0008 -> cost=83 < post_filter=79327, predicate_aware=219"
134,1.0,False,0.030800001695752144,100,10,planner,0.001,0.001,0.0008299226874113083,uncorrelated,"pre_filter: ŝ=0.0008 -> cost=83 < post_filter=79327, predicate_aware=219"
135,1.0,False,0.025999994250014424,100,10,planner,0.001,0.001,0.0008299226874113083,uncorrelated,"pre_filter: ŝ=0.0008 -> cost=83 < post_filter=79327, predicate_aware=219"
136,1.0,False,0.027399990358389914,100,10,planner,0.001,0.001,0.0008299226874113083,uncorrelated,"pre_filter: ŝ=0.0008 -> cost=83 < post_filter=79327, predicate_aware=219"
137,1.0,False,0.023300002794712782,100,10,planner,0.001,0.001,0.0008299226874113083,uncorrelated,"pre_filter: ŝ=0.0008 -> cost=83 < post_filter=79327, predicate_aware=219"
138,1.0,False,0.02439999661874026,100,10,planner,0.001,0.001,0.0008299226874113083,uncorrelated,"pre_filter: ŝ=0.0008 -> cost=83 < post_filter=79327, predicate_aware=219"
139,1.0,False,0.023900007363408804,100,10,planner,0.001,0.001,0.0008299226874113083,uncorrelated,"pre_filter: ŝ=0.0008 -> cost=83 < post_filter=79327, predicate_aware=219"
140,1.0,False,0.02720000338740647,100,10,planner,0.001,0.001,0.0008299226874113083,uncorrelated,"pre_filter: ŝ=0.0008 -> cost=83 < post_filter=79327, predicate_aware=219"
141,1.0,False,0.02929999027401209,100,10,planner,0.001,0.001,0.0008299226874113083,uncorrelated,"pre_filter: ŝ=0.0008 -> cost=83 < post_filter=79327, predicate_aware=219"
142,1.0,False,0.030399998649954796,100,10,planner,0.001,0.001,0.0008299226874113083,uncorrelated,"pre_filter: ŝ=0.0008 -> cost=83 < post_filter=79327, predicate_aware=219"
143,1.0,False,0.026300011086277664,100,10,planner,0.001,0.001,0.0008299226874113083,uncorrelated,"pre_filter: ŝ=0.0008 -> cost=83 < post_filter=79327, predicate_aware=219"
144,1.0,False,0.03099998866673559,100,10,planner,0.001,0.001,0.0008299226874113083,uncorrelated,"pre_filter: ŝ=0.0008 -> cost=83 < post_filter=79327, predicate_aware=219"
145,1.0,False,0.03329999162815511,100,10,planner,0.001,0.001,0.0008299226874113083,uncorrelated,"pre_filter: ŝ=0.0008 -> cost=83 < post_filter=79327, predicate_aware=219"
146,1.0,False,0.02400000812485814,100,10,planner,0.001,0.001,0.0008299226874113083,uncorrelated,"pre_filter: ŝ=0.0008 -> cost=83 < post_filter=79327, predicate_aware=219"
147,1.0,False,0.024299995857290924,100,10,planner,0.001,0.001,0.0008299226874113083,uncorrelated,"pre_filter: ŝ=0.0008 -> cost=83 < post_filter=79327, predicate_aware=219"
148,1.0,False,0.03680000372696668,100,10,planner,0.001,0.001,0.0008299226874113083,uncorrelated,"pre_filter: ŝ=0.0008 -> cost=83 < post_filter=79327, predicate_aware=219"
149,1.0,False,0.03190001007169485,100,10,planner,0.001,0.001,0.0008299226874113083,uncorrelated,"pre_filter: ŝ=0.0008 -> cost=83 < post_filter=79327, predicate_aware=219"
150,1.0,False,0.028700000257231295,100,10,planner,0.001,0.001,0.0008299226874113083,uncorrelated,"pre_filter: ŝ=0.0008 -> cost=83 < post_filter=79327, predicate_aware=219"
151,1.0,False,0.024599998141638935,100,10,planner,0.001,0.001,0.0008299226874113083,uncorrelated,"pre_filter: ŝ=0.0008 -> cost=83 < post_filter=79327, predicate_aware=219"
152,1.0,False,0.023800006601959467,100,10,planner,0.001,0.001,0.0008299226874113083,uncorrelated,"pre_filter: ŝ=0.0008 -> cost=83 < post_filter=79327, predicate_aware=219"
153,1.0,False,0.029300004825927317,100,10,planner,0.001,0.001,0.0008299226874113083,uncorrelated,"pre_filter: ŝ=0.0008 -> cost=83 < post_filter=79327, predicate_aware=219"
154,1.0,False,0.025999994250014424,100,10,planner,0.001,0.001,0.0008299226874113083,uncorrelated,"pre_filter: ŝ=0.0008 -> cost=83 < post_filter=79327, predicate_aware=219"
155,1.0,False,0.037600009818561375,100,10,planner,0.001,0.001,0.0008299226874113083,uncorrelated,"pre_filter: ŝ=0.0008 -> cost=83 < post_filter=79327, predicate_aware=219"
156,1.0,False,0.030099996365606785,100,10,planner,0.001,0.001,0.0008299226874113083,uncorrelated,"pre_filter: ŝ=0.0008 -> cost=83 < post_filter=79327, predicate_aware=219"
157,1.0,False,0.025899993488565087,100,10,planner,0.001,0.001,0.0008299226874113083,uncorrelated,"pre_filter: ŝ=0.0008 -> cost=83 < post_filter=79327, predicate_aware=219"
158,1.0,False,0.026200010324828327,100,10,planner,0.001,0.001,0.0008299226874113083,uncorrelated,"pre_filter: ŝ=0.0008 -> cost=83 < post_filter=79327, predicate_aware=219"
159,1.0,False,0.02439999661874026,100,10,planner,0.001,0.001,0.0008299226874113083,uncorrelated,"pre_filter: ŝ=0.0008 -> cost=83 < post_filter=79327, predicate_aware=219"
160,1.0,False,0.02400000812485814,100,10,planner,0.001,0.001,0.0008299226874113083,uncorrelated,"pre_filter: ŝ=0.0008 -> cost=83 < post_filter=79327, predicate_aware=219"
161,1.0,False,0.02720000338740647,100,10,planner,0.001,0.001,0.0008299226874113083,uncorrelated,"pre_filter: ŝ=0.0008 -> cost=83 < post_filter=79327, predicate_aware=219"
162,1.0,False,0.0295999925583601,100,10,planner,0.001,0.001,0.0008299226874113083,uncorrelated,"pre_filter: ŝ=0.0008 -> cost=83 < post_filter=79327, predicate_aware=219"
163,1.0,False,0.024900000425986946,100,10,planner,0.001,0.001,0.0008299226874113083,uncorrelated,"pre_filter: ŝ=0.0008 -> cost=83 < post_filter=79327, predicate_aware=219"
164,1.0,False,0.025999994250014424,100,10,planner,0.001,0.001,0.0008299226874113083,uncorrelated,"pre_filter: ŝ=0.0008 -> cost=83 < post_filter=79327, predicate_aware=219"
165,1.0,False,0.027699992642737925,100,10,planner,0.001,0.001,0.0008299226874113083,uncorrelated,"pre_filter: ŝ=0.0008 -> cost=83 < post_filter=79327, predicate_aware=219"
166,1.0,False,0.03359999391250312,100,10,planner,0.001,0.001,0.0008299226874113083,uncorrelated,"pre_filter: ŝ=0.0008 -> cost=83 < post_filter=79327, predicate_aware=219"
167,1.0,False,0.034199998481199145,100,10,planner,0.001,0.001,0.0008299226874113083,uncorrelated,"pre_filter: ŝ=0.0008 -> cost=83 < post_filter=79327, predicate_aware=219"
168,1.0,False,0.032500000088475645,100,10,planner,0.001,0.001,0.0008299226874113083,uncorrelated,"pre_filter: ŝ=0.0008 -> cost=83 < post_filter=79327, predicate_aware=219"
169,1.0,False,0.02819999644998461,100,10,planner,0.001,0.001,0.0008299226874113083,uncorrelated,"pre_filter: ŝ=0.0008 -> cost=83 < post_filter=79327, predicate_aware=219"
170,1.0,False,0.023500004317611456,100,10,planner,0.001,0.001,0.0008299226874113083,uncorrelated,"pre_filter: ŝ=0.0008 -> cost=83 < post_filter=79327, predicate_aware=219"
171,1.0,False,0.024299995857290924,100,10,planner,0.001,0.001,0.0008299226874113083,uncorrelated,"pre_filter: ŝ=0.0008 -> cost=83 < post_filter=79327, predicate_aware=219"
172,1.0,False,0.03239999932702631,100,10,planner,0.001,0.001,0.0008299226874113083,uncorrelated,"pre_filter: ŝ=0.0008 -> cost=83 < post_filter=79327, predicate_aware=219"
173,1.0,False,0.027000001864507794,100,10,planner,0.001,0.001,0.0008299226874113083,uncorrelated,"pre_filter: ŝ=0.0008 -> cost=83 < post_filter=79327, predicate_aware=219"
174,1.0,False,0.024499997380189598,100,10,planner,0.001,0.001,0.0008299226874113083,uncorrelated,"pre_filter: ŝ=0.0008 -> cost=83 < post_filter=79327, predicate_aware=219"
175,1.0,False,0.029800008633174002,100,10,planner,0.001,0.001,0.0008299226874113083,uncorrelated,"pre_filter: ŝ=0.0008 -> cost=83 < post_filter=79327, predicate_aware=219"
176,1.0,False,0.028299997211433947,100,10,planner,0.001,0.001,0.0008299226874113083,uncorrelated,"pre_filter: ŝ=0.0008 -> cost=83 < post_filter=79327, predicate_aware=219"
177,1.0,False,0.034899989259429276,100,10,planner,0.001,0.001,0.0008299226874113083,uncorrelated,"pre_filter: ŝ=0.0008 -> cost=83 < post_filter=79327, predicate_aware=219"
178,1.0,False,0.0295999925583601,100,10,planner,0.001,0.001,0.0008299226874113083,uncorrelated,"pre_filter: ŝ=0.0008 -> cost=83 < post_filter=79327, predicate_aware=219"
179,1.0,False,0.023600005079060793,100,10,planner,0.001,0.001,0.0008299226874113083,uncorrelated,"pre_filter: ŝ=0.0008 -> cost=83 < post_filter=79327, predicate_aware=219"
180,1.0,False,0.030099996365606785,100,10,planner,0.001,0.001,0.0008299226874113083,uncorrelated,"pre_filter: ŝ=0.0008 -> cost=83 < post_filter=79327, predicate_aware=219"
181,1.0,False,0.03679998917505145,100,10,planner,0.001,0.001,0.0008299226874113083,uncorrelated,"pre_filter: ŝ=0.0008 -> cost=83 < post_filter=79327, predicate_aware=219"
182,1.0,False,0.03359999391250312,100,10,planner,0.001,0.001,0.0008299226874113083,uncorrelated,"pre_filter: ŝ=0.0008 -> cost=83 < post_filter=79327, predicate_aware=219"
183,1.0,False,0.02920000406447798,100,10,planner,0.001,0.001,0.0008299226874113083,uncorrelated,"pre_filter: ŝ=0.0008 -> cost=83 < post_filter=79327, predicate_aware=219"
184,1.0,False,0.025500004994682968,100,10,planner,0.001,0.001,0.0008299226874113083,uncorrelated,"pre_filter: ŝ=0.0008 -> cost=83 < post_filter=79327, predicate_aware=219"
185,1.0,False,0.03099998866673559,100,10,planner,0.001,0.001,0.0008299226874113083,uncorrelated,"pre_filter: ŝ=0.0008 -> cost=83 < post_filter=79327, predicate_aware=219"
186,1.0,False,0.024900000425986946,100,10,planner,0.001,0.001,0.0008299226874113083,uncorrelated,"pre_filter: ŝ=0.0008 -> cost=83 < post_filter=79327, predicate_aware=219"
187,1.0,False,0.02479999966453761,100,10,planner,0.001,0.001,0.0008299226874113083,uncorrelated,"pre_filter: ŝ=0.0008 -> cost=83 < post_filter=79327, predicate_aware=219"
188,1.0,False,0.023800006601959467,100,10,planner,0.001,0.001,0.0008299226874113083,uncorrelated,"pre_filter: ŝ=0.0008 -> cost=83 < post_filter=79327, predicate_aware=219"
189,1.0,False,0.0295999925583601,100,10,planner,0.001,0.001,0.0008299226874113083,uncorrelated,"pre_filter: ŝ=0.0008 -> cost=83 < post_filter=79327, predicate_aware=219"
190,1.0,False,0.027600006433203816,100,10,planner,0.001,0.001,0.0008299226874113083,uncorrelated,"pre_filter: ŝ=0.0008 -> cost=83 < post_filter=79327, predicate_aware=219"
191,1.0,False,0.029399991035461426,100,10,planner,0.001,0.001,0.0008299226874113083,uncorrelated,"pre_filter: ŝ=0.0008 -> cost=83 < post_filter=79327, predicate_aware=219"
192,1.0,False,0.02409999433439225,100,10,planner,0.001,0.001,0.0008299226874113083,uncorrelated,"pre_filter: ŝ=0.0008 -> cost=83 < post_filter=79327, predicate_aware=219"
193,1.0,False,0.03560000914148986,100,10,planner,0.001,0.001,0.0008299226874113083,uncorrelated,"pre_filter: ŝ=0.0008 -> cost=83 < post_filter=79327, predicate_aware=219"
194,1.0,False,0.029799994081258774,100,10,planner,0.001,0.001,0.0008299226874113083,uncorrelated,"pre_filter: ŝ=0.0008 -> cost=83 < post_filter=79327, predicate_aware=219"
195,1.0,False,0.03689998993650079,100,10,planner,0.001,0.001,0.0008299226874113083,uncorrelated,"pre_filter: ŝ=0.0008 -> cost=83 < post_filter=79327, predicate_aware=219"
196,1.0,False,0.03029999788850546,100,10,planner,0.001,0.001,0.0008299226874113083,uncorrelated,"pre_filter: ŝ=0.0008 -> cost=83 < post_filter=79327, predicate_aware=219"
197,1.0,False,0.03170000854879618,100,10,planner,0.001,0.001,0.0008299226874113083,uncorrelated,"pre_filter: ŝ=0.0008 -> cost=83 < post_filter=79327, predicate_aware=219"
198,1.0,False,0.029400005587376654,100,10,planner,0.001,0.001,0.0008299226874113083,uncorrelated,"pre_filter: ŝ=0.0008 -> cost=83 < post_filter=79327, predicate_aware=219"
199,1.0,False,0.02510000194888562,100,10,planner,0.001,0.001,0.0008299226874113083,uncorrelated,"pre_filter: ŝ=0.0008 -> cost=83 < post_filter=79327, predicate_aware=219"
20,1.0,False,0.038700003642588854,500,10,pre_filter,0.005,0.005,0.00457696297109127,uncorrelated,
21,1.0,False,0.03959999594371766,500,10,pre_filter,0.005,0.005,0.00457696297109127,uncorrelated,
22,1.0,False,0.041099992813542485,500,10,pre_filter,0.005,0.005,0.00457696297109127,uncorrelated,
23,1.0,False,0.04020000051241368,500,10,pre_filter,0.005,0.005,0.00457696297109127,uncorrelated,
24,1.0,False,0.04020000051241368,500,10,pre_filter,0.005,0.005,0.00457696297109127,uncorrelated,
25,1.0,False,0.040099999750964344,500,10,pre_filter,0.005,0.005,0.00457696297109127,uncorrelated,
26,1.0,False,0.040099999750964344,500,10,pre_filter,0.005,0.005,0.00457696297109127,uncorrelated,
27,1.0,False,0.03980001201853156,500,10,pre_filter,0.005,0.005,0.00457696297109127,uncorrelated,
28,1.0,False,0.03880000440403819,500,10,pre_filter,0.005,0.005,0.00457696297109127,uncorrelated,
29,1.0,False,0.040400002035312355,500,10,pre_filter,0.005,0.005,0.00457696297109127,uncorrelated,
30,1.0,False,0.04060000355821103,500,10,pre_filter,0.005,0.005,0.00457696297109127,uncorrelated,
31,1.0,False,0.03979999746661633,500,10,pre_filter,0.005,0.005,0.00457696297109127,uncorrelated,
32,1.0,False,0.040099999750964344,500,10,pre_filter,0.005,0.005,0.00457696297109127,uncorrelated,
33,1.0,False,0.03999999898951501,500,10,pre_filter,0.005,0.005,0.00457696297109127,uncorrelated,
34,1.0,False,0.03919999289792031,500,10,pre_filter,0.005,0.005,0.00457696297109127,uncorrelated,
35,1.0,False,0.03960001049563289,500,10,pre_filter,0.005,0.005,0.00457696297109127,uncorrelated,
36,1.0,False,0.04780000017490238,500,10,pre_filter,0.005,0.005,0.00457696297109127,uncorrelated,
37,1.0,False,0.04669999179895967,500,10,pre_filter,0.005,0.005,0.00457696297109127,uncorrelated,
38,1.0,False,0.04060000355821103,500,10,pre_filter,0.005,0.005,0.00457696297109127,uncorrelated,
39,1.0,False,0.04029998672194779,500,10,pre_filter,0.005,0.005,0.00457696297109127,uncorrelated,
40,1.0,False,0.039699996705166996,500,10,pre_filter,0.005,0.005,0.00457696297109127,uncorrelated,
41,1.0,False,0.03980001201853156,500,10,pre_filter,0.005,0.005,0.00457696297109127,uncorrelated,
42,1.0,False,0.039700011257082224,500,10,pre_filter,0.005,0.005,0.00457696297109127,uncorrelated,
43,1.0,False,0.040099999750964344,500,10,pre_filter,0.005,0.005,0.00457696297109127,uncorrelated,
44,1.0,False,0.03940000897273421,500,10,pre_filter,0.005,0.005,0.00457696297109127,uncorrelated,
45,1.0,False,0.03999999898951501,500,10,pre_filter,0.005,0.005,0.00457696297109127,uncorrelated,
46,1.0,False,0.03920000744983554,500,10,pre_filter,0.005,0.005,0.00457696297109127,uncorrelated,
47,1.0,False,0.04159999662078917,500,10,pre_filter,0.005,0.005,0.00457696297109127,uncorrelated,
48,1.0,False,0.040799990529194474,500,10,pre_filter,0.005,0.005,0.00457696297109127,uncorrelated,
49,1.0,False,0.04049998824484646,500,10,pre_filter,0.005,0.005,0.00457696297109127,uncorrelated,
50,1.0,False,0.03950000973418355,500,10,pre_filter,0.005,0.005,0.00457696297109127,uncorrelated,
51,1.0,False,0.03989999822806567,500,10,pre_filter,0.005,0.005,0.00457696297109127,uncorrelated,
52,1.0,False,0.03780001134146005,500,10,pre_filter,0.005,0.005,0.00457696297109127,uncorrelated,
53,1.0,False,0.039000005926936865,500,10,pre_filter,0.005,0.005,0.00457696297109127,uncorrelated,
54,1.0,False,0.040099999750964344,500,10,pre_filter,0.005,0.005,0.00457696297109127,uncorrelated,
55,1.0,False,0.03949999518226832,500,10,pre_filter,0.005,0.005,0.00457696297109127,uncorrelated,
56,1.0,False,0.03979999746661633,500,10,pre_filter,0.005,0.005,0.00457696297109127,uncorrelated,
57,1.0,False,0.038300000596791506,500,10,pre_filter,0.005,0.005,0.00457696297109127,uncorrelated,
58,1.0,False,0.03999999898951501,500,10,pre_filter,0.005,0.005,0.00457696297109127,uncorrelated,
59,1.0,False,0.03949999518226832,500,10,pre_filter,0.005,0.005,0.00457696297109127,uncorrelated,
60,1.0,False,0.03840000135824084,500,10,pre_filter,0.005,0.005,0.00457696297109127,uncorrelated,
61,1.0,False,0.04020000051241368,500,10,pre_filter,0.005,0.005,0.00457696297109127,uncorrelated,
62,1.0,False,0.03950000973418355,500,10,pre_filter,0.005,0.005,0.00457696297109127,uncorrelated,
63,1.0,False,0.03929999365936965,500,10,pre_filter,0.005,0.005,0.00457696297109127,uncorrelated,
64,1.0,False,0.03989999822806567,500,10,pre_filter,0.005,0.005,0.00457696297109127,uncorrelated,
65,1.0,False,0.03890000516548753,500,10,pre_filter,0.005,0.005,0.00457696297109127,uncorrelated,
66,1.0,False,0.03949999518226832,500,10,pre_filter,0.005,0.005,0.00457696297109127,uncorrelated,
67,1.0,False,0.039700011257082224,500,10,pre_filter,0.005,0.005,0.00457696297109127,uncorrelated,
68,1.0,False,0.038999991375021636,500,10,pre_filter,0.005,0.005,0.00457696297109127,uncorrelated,
69,1.0,False,0.0391000066883862,500,10,pre_filter,0.005,0.005,0.00457696297109127,uncorrelated,
70,1.0,False,0.03860000288113952,500,10,pre_filter,0.005,0.005,0.00457696297109127,uncorrelated,
71,1.0,False,0.03920000744983554,500,10,pre_filter,0.005,0.005,0.00457696297109127,uncorrelated,
72,1.0,False,0.04020000051241368,500,10,pre_filter,0.005,0.005,0.00457696297109127,uncorrelated,
73,1.0,False,0.039699996705166996,500,10,pre_filter,0.005,0.005,0.00457696297109127,uncorrelated,
74,1.0,False,0.03979999746661633,500,10,pre_filter,0.005,0.005,0.00457696297109127,uncorrelated,
75,1.0,False,0.03819999983534217,500,10,pre_filter,0.005,0.005,0.00457696297109127,uncorrelated,
76,1.0,False,0.037600009818561375,500,10,pre_filter,0.005,0.005,0.00457696297109127,uncorrelated,
77,1.0,False,0.03950000973418355,500,10,pre_filter,0.005,0.005,0.00457696297109127,uncorrelated,
78,1.0,False,0.039699996705166996,500,10,pre_filter,0.005,0.005,0.00457696297109127,uncorrelated,
79,1.0,False,0.038999991375021636,500,10,pre_filter,0.005,0.005,0.00457696297109127,uncorrelated,
80,1.0,False,0.03800001286435872,500,10,pre_filter,0.005,0.005,0.00457696297109127,uncorrelated,
81,1.0,False,0.037900012102909386,500,10,pre_filter,0.005,0.005,0.00457696297109127,uncorrelated,
82,1.0,False,0.047900000936351717,500,10,pre_filter,0.005,0.005,0.00457696297109127,uncorrelated,
83,1.0,False,0.040700004319660366,500,10,pre_filter,0.005,0.005,0.00457696297109127,uncorrelated,
84,1.0,False,0.039699996705166996,500,10,pre_filter,0.005,0.005,0.00457696297109127,uncorrelated,
85,1.0,False,0.04020000051241368,500,10,pre_filter,0.005,0.005,0.00457696297109127,uncorrelated,
86,1.0,False,0.03949999518226832,500,10,pre_filter,0.005,0.005,0.00457696297109127,uncorrelated,
87,1.0,False,0.03880000440403819,500,10,pre_filter,0.005,0.005,0.00457696297109127,uncorrelated,
88,1.0,False,0.03949999518226832,500,10,pre_filter,0.005,0.005,0.00457696297109127,uncorrelated,
89,1.0,False,0.03890000516548753,500,10,pre_filter,0.005,0.005,0.00457696297109127,uncorrelated,
90,1.0,False,0.03789999755099416,500,10,pre_filter,0.005,0.005,0.00457696297109127,uncorrelated,
91,1.0,False,0.037999998312443495,500,10,pre_filter,0.005,0.005,0.00457696297109127,uncorrelated,
92,1.0,False,0.039300008211284876,500,10,pre_filter,0.005,0.005,0.00457696297109127,uncorrelated,
93,1.0,False,0.03960001049563289,500,10,pre_filter,0.005,0.005,0.00457696297109127,uncorrelated,
94,1.0,False,0.03959999594371766,500,10,pre_filter,0.005,0.005,0.00457696297109127,uncorrelated,
95,1.0,False,0.03890000516548753,500,10,pre_filter,0.005,0.005,0.00457696297109127,uncorrelated,
96,1.0,False,0.039699996705166996,500,10,pre_filter,0.005,0.005,0.00457696297109127,uncorrelated,
97,1.0,False,0.03980001201853156,500,10,pre_filter,0.005,0.005,0.00457696297109127,uncorrelated,
98,1.0,False,0.03809999907389283,500,10,pre_filter,0.005,0.005,0.00457696297109127,uncorrelated,
99,1.0,False,0.03929999365936965,500,10,pre_filter,0.005,0.005,0.00457696297109127,uncorrelated,
100,1.0,False,0.03940000897273421,500,10,pre_filter,0.005,0.005,0.00457696297109127,uncorrelated,
101,1.0,False,0.03919999289792031,500,10,pre_filter,0.005,0.005,0.00457696297109127,uncorrelated,
102,1.0,False,0.037900012102909386,500,10,pre_filter,0.005,0.005,0.00457696297109127,uncorrelated,
103,1.0,False,0.03949999518226832,500,10,pre_filter,0.005,0.005,0.00457696297109127,uncorrelated,
104,1.0,False,0.03979999746661633,500,10,pre_filter,0.005,0.005,0.00457696297109127,uncorrelated,
105,1.0,False,0.039099992136470973,500,10,pre_filter,0.005,0.005,0.00457696297109127,uncorrelated,
106,1.0,False,0.03840000135824084,500,10,pre_filter,0.005,0.005,0.00457696297109127,uncorrelated,
107,1.0,False,0.03920000744983554,500,10,pre_filter,0.005,0.005,0.00457696297109127,uncorrelated,
108,1.0,False,0.03880000440403819,500,10,pre_filter,0.005,0.005,0.00457696297109127,uncorrelated,
109,1.0,False,0.038699989090673625,500,10,pre_filter,0.005,0.005,0.00457696297109127,uncorrelated,
110,1.0,False,0.0388999906135723,500,10,pre_filter,0.005,0.005,0.00457696297109127,uncorrelated,
111,1.0,False,0.039699996705166996,500,10,pre_filter,0.005,0.005,0.00457696297109127,uncorrelated,
112,1.0,False,0.03859998832922429,500,10,pre_filter,0.005,0.005,0.00457696297109127,uncorrelated,
113,1.0,False,0.03950000973418355,500,10,pre_filter,0.005,0.005,0.00457696297109127,uncorrelated,
114,1.0,False,0.038300000596791506,500,10,pre_filter,0.005,0.005,0.00457696297109127,uncorrelated,
115,1.0,False,0.039099992136470973,500,10,pre_filter,0.005,0.005,0.00457696297109127,uncorrelated,
116,1.0,False,0.039300008211284876,500,10,pre_filter,0.005,0.005,0.00457696297109127,uncorrelated,
117,1.0,False,0.03819999983534217,500,10,pre_filter,0.005,0.005,0.00457696297109127,uncorrelated,
118,1.0,False,0.03940000897273421,500,10,pre_filter,0.005,0.005,0.00457696297109127,uncorrelated,
119,1.0,False,0.039099992136470973,500,10,pre_filter,0.005,0.005,0.00457696297109127,uncorrelated,
120,1.0,False,0.03989999822806567,500,10,pre_filter,0.005,0.005,0.00457696297109127,uncorrelated,
121,1.0,False,0.040400002035312355,500,10,pre_filter,0.005,0.005,0.00457696297109127,uncorrelated,
122,1.0,False,0.039000005926936865,500,10,pre_filter,0.005,0.005,0.00457696297109127,uncorrelated,
123,1.0,False,0.039099992136470973,500,10,pre_filter,0.005,0.005,0.00457696297109127,uncorrelated,
124,1.0,False,0.0391000066883862,500,10,pre_filter,0.005,0.005,0.00457696297109127,uncorrelated,
125,1.0,False,0.040099999750964344,500,10,pre_filter,0.005,0.005,0.00457696297109127,uncorrelated,
126,1.0,False,0.03999999898951501,500,10,pre_filter,0.005,0.005,0.00457696297109127,uncorrelated,
127,1.0,False,0.037699996028095484,500,10,pre_filter,0.005,0.005,0.00457696297109127,uncorrelated,
128,1.0,False,0.037999998312443495,500,10,pre_filter,0.005,0.005,0.00457696297109127,uncorrelated,
129,1.0,False,0.04940001235809177,500,10,pre_filter,0.005,0.005,0.00457696297109127,uncorrelated,
130,1.0,False,0.039399994420818985,500,10,pre_filter,0.005,0.005,0.00457696297109127,uncorrelated,
131,1.0,False,0.03960001049563289,500,10,pre_filter,0.005,0.005,0.00457696297109127,uncorrelated,
132,1.0,False,0.038699989090673625,500,10,pre_filter,0.005,0.005,0.00457696297109127,uncorrelated,
133,1.0,False,0.03999999898951501,500,10,pre_filter,0.005,0.005,0.00457696297109127,uncorrelated,
134,1.0,False,0.04030000127386302,500,10,pre_filter,0.005,0.005,0.00457696297109127,uncorrelated,
135,1.0,False,0.03860000288113952,500,10,pre_filter,0.005,0.005,0.00457696297109127,uncorrelated,
136,1.0,False,0.03959999594371766,500,10,pre_filter,0.005,0.005,0.00457696297109127,uncorrelated,
137,1.0,False,0.03950000973418355,500,10,pre_filter,0.005,0.005,0.00457696297109127,uncorrelated,
138,1.0,False,0.03739999374374747,500,10,pre_filter,0.005,0.005,0.00457696297109127,uncorrelated,
139,1.0,False,0.039300008211284876,500,10,pre_filter,0.005,0.005,0.00457696297109127,uncorrelated,
140,1.0,False,0.03919999289792031,500,10,pre_filter,0.005,0.005,0.00457696297109127,uncorrelated,
141,1.0,False,0.03880000440403819,500,10,pre_filter,0.005,0.005,0.00457696297109127,uncorrelated,
142,1.0,False,0.03919999289792031,500,10,pre_filter,0.005,0.005,0.00457696297109127,uncorrelated,
143,1.0,False,0.03950000973418355,500,10,pre_filter,0.005,0.005,0.00457696297109127,uncorrelated,
144,1.0,False,0.038999991375021636,500,10,pre_filter,0.005,0.005,0.00457696297109127,uncorrelated,
145,1.0,False,0.03940000897273421,500,10,pre_filter,0.005,0.005,0.00457696297109127,uncorrelated,
146,1.0,False,0.038999991375021636,500,10,pre_filter,0.005,0.005,0.00457696297109127,uncorrelated,
147,1.0,False,0.0388999906135723,500,10,pre_filter,0.005,0.005,0.00457696297109127,uncorrelated,
148,1.0,False,0.03880000440403819,500,10,pre_filter,0.005,0.005,0.00457696297109127,uncorrelated,
149,1.0,False,0.037999998312443495,500,10,pre_filter,0.005,0.005,0.00457696297109127,uncorrelated,
150,1.0,False,0.039399994420818985,500,10,pre_filter,0.005,0.005,0.00457696297109127,uncorrelated,
151,1.0,False,0.038699989090673625,500,10,pre_filter,0.005,0.005,0.00457696297109127,uncorrelated,
152,1.0,False,0.039099992136470973,500,10,pre_filter,0.005,0.005,0.00457696297109127,uncorrelated,
153,1.0,False,0.038700003642588854,500,10,pre_filter,0.005,0.005,0.00457696297109127,uncorrelated,
154,1.0,False,0.03949999518226832,500,10,pre_filter,0.005,0.005,0.00457696297109127,uncorrelated,
155,1.0,False,0.042800005758181214,500,10,pre_filter,0.005,0.005,0.00457696297109127,uncorrelated,
156,1.0,False,0.038700003642588854,500,10,pre_filter,0.005,0.005,0.00457696297109127,uncorrelated,
157,1.0,False,0.039099992136470973,500,10,pre_filter,0.005,0.005,0.00457696297109127,uncorrelated,
158,1.0,False,0.03929999365936965,500,10,pre_filter,0.005,0.005,0.00457696297109127,uncorrelated,
159,1.0,False,0.039000005926936865,500,10,pre_filter,0.005,0.005,0.00457696297109127,uncorrelated,
160,1.0,False,0.0371999922208488,500,10,pre_filter,0.005,0.005,0.00457696297109127,uncorrelated,
161,1.0,False,0.03880000440403819,500,10,pre_filter,0.005,0.005,0.00457696297109127,uncorrelated,
162,1.0,False,0.03920000744983554,500,10,pre_filter,0.005,0.005,0.00457696297109127,uncorrelated,
163,1.0,False,0.03919999289792031,500,10,pre_filter,0.005,0.005,0.00457696297109127,uncorrelated,
164,1.0,False,0.04440000338945538,500,10,pre_filter,0.005,0.005,0.00457696297109127,uncorrelated,
165,1.0,False,0.04020000051241368,500,10,pre_filter,0.005,0.005,0.00457696297109127,uncorrelated,
166,1.0,False,0.04410000110510737,500,10,pre_filter,0.005,0.005,0.00457696297109127,uncorrelated,
167,1.0,False,0.039300008211284876,500,10,pre_filter,0.005,0.005,0.00457696297109127,uncorrelated,
168,1.0,False,0.037299992982298136,500,10,pre_filter,0.005,0.005,0.00457696297109127,uncorrelated,
169,1.0,False,0.04859999171458185,500,10,pre_filter,0.005,0.005,0.00457696297109127,uncorrelated,
170,1.0,False,0.03999999898951501,500,10,pre_filter,0.005,0.005,0.00457696297109127,uncorrelated,
171,1.0,False,0.03979999746661633,500,10,pre_filter,0.005,0.005,0.00457696297109127,uncorrelated,
172,1.0,False,0.04020000051241368,500,10,pre_filter,0.005,0.005,0.00457696297109127,uncorrelated,
173,1.0,False,0.040399987483397126,500,10,pre_filter,0.005,0.005,0.00457696297109127,uncorrelated,
174,1.0,False,0.03890000516548753,500,10,pre_filter,0.005,0.005,0.00457696297109127,uncorrelated,
175,1.0,False,0.03789999755099416,500,10,pre_filter,0.005,0.005,0.00457696297109127,uncorrelated,
176,1.0,False,0.037999998312443495,500,10,pre_filter,0.005,0.005,0.00457696297109127,uncorrelated,
177,1.0,False,0.03979999746661633,500,10,pre_filter,0.005,0.005,0.00457696297109127,uncorrelated,
178,1.0,False,0.03809999907389283,500,10,pre_filter,0.005,0.005,0.00457696297109127,uncorrelated,
179,1.0,False,0.03980001201853156,500,10,pre_filter,0.005,0.005,0.00457696297109127,uncorrelated,
180,1.0,False,0.038999991375021636,500,10,pre_filter,0.005,0.005,0.00457696297109127,uncorrelated,
181,1.0,False,0.03959999594371766,500,10,pre_filter,0.005,0.005,0.00457696297109127,uncorrelated,
182,1.0,False,0.03950000973418355,500,10,pre_filter,0.005,0.005,0.00457696297109127,uncorrelated,
183,1.0,False,0.03789999755099416,500,10,pre_filter,0.005,0.005,0.00457696297109127,uncorrelated,
184,1.0,False,0.03929999365936965,500,10,pre_filter,0.005,0.005,0.00457696297109127,uncorrelated,
185,1.0,False,0.03950000973418355,500,10,pre_filter,0.005,0.005,0.00457696297109127,uncorrelated,
186,1.0,False,0.03709999145939946,500,10,pre_filter,0.005,0.005,0.00457696297109127,uncorrelated,
187,1.0,False,0.0391000066883862,500,10,pre_filter,0.005,0.005,0.00457696297109127,uncorrelated,
188,1.0,False,0.039399994420818985,500,10,pre_filter,0.005,0.005,0.00457696297109127,uncorrelated,
189,1.0,False,0.03929999365936965,500,10,pre_filter,0.005,0.005,0.00457696297109127,uncorrelated,
190,1.0,False,0.03880000440403819,500,10,pre_filter,0.005,0.005,0.00457696297109127,uncorrelated,
191,1.0,False,0.03879998985212296,500,10,pre_filter,0.005,0.005,0.00457696297109127,uncorrelated,
192,1.0,False,0.03770001058001071,500,10,pre_filter,0.005,0.005,0.00457696297109127,uncorrelated,
193,1.0,False,0.0391000066883862,500,10,pre_filter,0.005,0.005,0.00457696297109127,uncorrelated,
194,1.0,False,0.03809999907389283,500,10,pre_filter,0.005,0.005,0.00457696297109127,uncorrelated,
195,1.0,False,0.03950000973418355,500,10,pre_filter,0.005,0.005,0.00457696297109127,uncorrelated,
196,1.0,False,0.03919999289792031,500,10,pre_filter,0.005,0.005,0.00457696297109127,uncorrelated,
197,1.0,False,0.03860000288113952,500,10,pre_filter,0.005,0.005,0.00457696297109127,uncorrelated,
198,1.0,False,0.0391000066883862,500,10,pre_filter,0.005,0.005,0.00457696297109127,uncorrelated,
199,1.0,False,0.038999991375021636,500,10,pre_filter,0.005,0.005,0.00457696297109127,uncorrelated,
20,1.0,False,83.03419999720063,22136,10,post_filter,0.005,0.005,0.00457696297109127,uncorrelated,
21,1.0,False,89.93449999252334,26727,10,post_filter,0.005,0.005,0.00457696297109127,uncorrelated,
22,1.0,False,85.26110000093468,25515,10,post_filter,0.005,0.005,0.00457696297109127,uncorrelated,
23,1.0,False,88.02729999297298,25165,10,post_filter,0.005,0.005,0.00457696297109127,uncorrelated,
24,1.0,False,86.63070001057349,27568,10,post_filter,0.005,0.005,0.00457696297109127,uncorrelated,
25,1.0,False,91.05529999942519,29010,10,post_filter,0.005,0.005,0.00457696297109127,uncorrelated,
26,1.0,False,89.07810000528116,27921,10,post_filter,0.005,0.005,0.00457696297109127,uncorrelated,
27,1.0,False,89.25119999912567,27223,10,post_filter,0.005,0.005,0.00457696297109127,uncorrelated,
28,1.0,False,89.48429999873042,27685,10,post_filter,0.005,0.005,0.00457696297109127,uncorrelated,
29,1.0,False,84.74740000383463,23349,10,post_filter,0.005,0.005,0.00457696297109127,uncorrelated,
30,1.0,False,90.03050001047086,27294,10,post_filter,0.005,0.005,0.00457696297109127,uncorrelated,
31,1.0,False,95.36950000619981,31689,10,post_filter,0.005,0.005,0.00457696297109127,uncorrelated,
32,1.0,False,91.58280001429375,29937,10,post_filter,0.005,0.005,0.00457696297109127,uncorrelated,
33,1.0,False,89.10690000629984,27737,10,post_filter,0.005,0.005,0.00457696297109127,uncorrelated,
34,1.0,False,97.73579999455251,30260,10,post_filter,0.005,0.005,0.00457696297109127,uncorrelated,
35,1.0,False,95.42670000519138,28844,10,post_filter,0.005,0.005,0.00457696297109127,uncorrelated,
36,1.0,False,91.44350000133272,29209,10,post_filter,0.005,0.005,0.00457696297109127,uncorrelated,
37,1.0,False,88.54320000682492,27677,10,post_filter,0.005,0.005,0.00457696297109127,uncorrelated,
38,1.0,False,94.42700000363402,31902,10,post_filter,0.005,0.005,0.00457696297109127,uncorrelated,
39,1.0,False,88.5569999954896,20765,10,post_filter,0.005,0.005,0.00457696297109127,uncorrelated,
40,1.0,False,109.4911999971373,33183,10,post_filter,0.005,0.005,0.00457696297109127,uncorrelated,
41,1.0,False,95.29100000509061,21982,10,post_filter,0.005,0.005,0.00457696297109127,uncorrelated,
42,1.0,False,107.87300000083633,28752,10,post_filter,0.005,0.005,0.00457696297109127,uncorrelated,
43,1.0,False,90.84879999863915,31555,10,post_filter,0.005,0.005,0.00457696297109127,uncorrelated,
44,1.0,False,82.389700008207,23672,10,post_filter,0.005,0.005,0.00457696297109127,uncorrelated,
45,1.0,False,91.57270001014695,27221,10,post_filter,0.005,0.005,0.00457696297109127,uncorrelated,
46,1.0,False,78.28469999367371,22221,10,post_filter,0.005,0.005,0.00457696297109127,uncorrelated,
47,1.0,False,94.45940000296105,30799,10,post_filter,0.005,0.005,0.00457696297109127,uncorrelated,
48,1.0,False,93.28390000155196,29988,10,post_filter,0.005,0.005,0.00457696297109127,uncorrelated,
49,1.0,False,88.36720000545029,27326,10,post_filter,0.005,0.005,0.00457696297109127,uncorrelated,
50,1.0,False,103.06750000745524,31686,10,post_filter,0.005,0.005,0.00457696297109127,uncorrelated,
51,1.0,False,80.37609999882989,22698,10,post_filter,0.005,0.005,0.00457696297109127,uncorrelated,
52,1.0,False,89.4860999978846,27421,10,post_filter,0.005,0.005,0.00457696297109127,uncorrelated,
53,1.0,False,93.35679998912383,28225,10,post_filter,0.005,0.005,0.00457696297109127,uncorrelated,
54,1.0,False,89.15960000013001,21071,10,post_filter,0.005,0.005,0.00457696297109127,uncorrelated,
55,1.0,False,83.76729999145027,22446,10,post_filter,0.005,0.005,0.00457696297109127,uncorrelated,
56,1.0,False,88.24070000264328,25826,10,post_filter,0.005,0.005,0.00457696297109127,uncorrelated,
57,1.0,False,89.33960000285879,27919,10,post_filter,0.005,0.005,0.00457696297109127,uncorrelated,
58,1.0,False,96.13479999825358,33179,10,post_filter,0.005,0.005,0.00457696297109127,uncorrelated,
59,1.0,False,84.31930000369903,21339,10,post_filter,0.005,0.005,0.00457696297109127,uncorrelated,
60,1.0,False,90.41319999960251,29738,10,post_filter,0.005,0.005,0.00457696297109127,uncorrelated,
61,1.0,False,92.33080000558402,27177,10,post_filter,0.005,0.005,0.00457696297109127,uncorrelated,
62,1.0,False,82.06300000892952,21604,10,post_filter,0.005,0.005,0.00457696297109127,uncorrelated,
63,1.0,False,82.63420000730548,22897,10,post_filter,0.005,0.005,0.00457696297109127,uncorrelated,
64,1.0,False,86.56739999423735,24914,10,post_filter,0.005,0.005,0.00457696297109127,uncorrelated,
65,1.0,False,80.7453000015812,21359,10,post_filter,0.005,0.005,0.00457696297109127,uncorrelated,
66,1.0,False,84.55780000076629,26086,10,post_filter,0.005,0.005,0.00457696297109127,uncorrelated,
67,1.0,False,81.49130000674631,22119,10,post_filter,0.005,0.005,0.00457696297109127,uncorrelated,
68,1.0,False,83.79459999559913,23201,10,post_filter,0.005,0.005,0.00457696297109127,uncorrelated,
69,1.0,False,93.78470000228845,30634,10,post_filter,0.005,0.005,0.00457696297109127,uncorrelated,
70,1.0,False,84.1321999905631,21479,10,post_filter,0.005,0.005,0.00457696297109127,uncorrelated,
71,1.0,False,99.94339999684598,24578,10,post_filter,0.005,0.005,0.00457696297109127,uncorrelated,
72,1.0,False,96.84910000942182,33931,10,post_filter,0.005,0.005,0.00457696297109127,uncorrelated,
73,1.0,False,87.66200000536628,28518,10,post_filter,0.005,0.005,0.00457696297109127,uncorrelated,
74,1.0,False,88.02499999001157,27633,10,post_filter,0.005,0.005,0.00457696297109127,uncorrelated,
75,1.0,False,96.53870000329334,33149,10,post_filter,0.005,0.005,0.00457696297109127,uncorrelated,
76,1.0,False,82.1453999960795,22249,10,post_filter,0.005,0.005,0.00457696297109127,uncorrelated,
77,1.0,False,90.42480000061914,29907,10,post_filter,0.005,0.005,0.00457696297109127,uncorrelated,
78,1.0,False,89.47430000989698,28070,10,post_filter,0.005,0.005,0.00457696297109127,uncorrelated,
79,1.0,False,82.3478999955114,20958,10,post_filter,0.005,0.005,0.00457696297109127,uncorrelated,
80,1.0,False,81.49609999964014,22525,10,post_filter,0.005,0.005,0.00457696297109127,uncorrelated,
81,1.0,False,94.84039999369998,31497,10,post_filter,0.005,0.005,0.00457696297109127,uncorrelated,
82,1.0,False,94.14010000182316,29859,10,post_filter,0.005,0.005,0.00457696297109127,uncorrelated,
83,1.0,False,86.41599999100436,26782,10,post_filter,0.005,0.005,0.00457696297109127,uncorrelated,
84,1.0,False,89.55150000110734,29035,10,post_filter,0.005,0.005,0.00457696297109127,uncorrelated,
85,1.0,False,93.7634000001708,34125,10,post_filter,0.005,0.005,0.00457696297109127,uncorrelated,
86,1.0,False,84.5982000028016,24541,10,post_filter,0.005,0.005,0.00457696297109127,uncorrelated,
87,1.0,False,87.5674999988405,27435,10,post_filter,0.005,0.005,0.00457696297109127,uncorrelated,
88,1.0,False,78.80170000134967,21225,10,post_filter,0.005,0.005,0.00457696297109127,uncorrelated,
89,1.0,False,79.67619999544695,20954,10,post_filter,0.005,0.005,0.00457696297109127,uncorrelated,
90,1.0,False,86.49770000192802,24272,10,post_filter,0.005,0.005,0.00457696297109127,uncorrelated,
91,1.0,False,90.39779999875464,26264,10,post_filter,0.005,0.005,0.00457696297109127,uncorrelated,
92,1.0,False,97.34649999882095,33849,10,post_filter,0.005,0.005,0.00457696297109127,uncorrelated,
93,1.0,False,83.85729999281466,24087,10,post_filter,0.005,0.005,0.00457696297109127,uncorrelated,
94,1.0,False,83.5615000105463,24263,10,post_filter,0.005,0.005,0.00457696297109127,uncorrelated,
95,1.0,False,92.45809999993071,28366,10,post_filter,0.005,0.005,0.00457696297109127,uncorrelated,
96,1.0,False,92.62369999487419,30926,10,post_filter,0.005,0.005,0.00457696297109127,uncorrelated,
97,1.0,False,83.26840000518132,25260,10,post_filter,0.005,0.005,0.00457696297109127,uncorrelated,
98,1.0,False,82.89049999439158,22132,10,post_filter,0.005,0.005,0.00457696297109127,uncorrelated,
99,1.0,False,91.62010000727605,27749,10,post_filter,0.005,0.005,0.00457696297109127,uncorrelated,
100,1.0,False,85.31939999375027,26769,10,post_filter,0.005,0.005,0.00457696297109127,uncorrelated,
101,1.0,False,83.75259999593254,25185,10,post_filter,0.005,0.005,0.00457696297109127,uncorrelated,
102,1.0,False,90.2226000034716,28655,10,post_filter,0.005,0.005,0.00457696297109127,uncorrelated,
103,1.0,False,87.30559999821708,25875,10,post_filter,0.005,0.005,0.00457696297109127,uncorrelated,
104,1.0,False,84.95250000851229,24060,10,post_filter,0.005,0.005,0.00457696297109127,uncorrelated,
105,1.0,False,86.32080000825226,25093,10,post_filter,0.005,0.005,0.00457696297109127,uncorrelated,
106,1.0,False,81.78819999739062,22568,10,post_filter,0.005,0.005,0.00457696297109127,uncorrelated,
107,1.0,False,87.13819998956751,23866,10,post_filter,0.005,0.005,0.00457696297109127,uncorrelated,
108,1.0,False,84.96300000115298,22042,10,post_filter,0.005,0.005,0.00457696297109127,uncorrelated,
109,1.0,False,83.18800000415649,23707,10,post_filter,0.005,0.005,0.00457696297109127,uncorrelated,
110,1.0,False,82.28580000286456,22389,10,post_filter,0.005,0.005,0.00457696297109127,uncorrelated,
111,1.0,False,86.41550000174902,28991,10,post_filter,0.005,0.005,0.00457696297109127,uncorrelated,
112,1.0,False,87.94230000057723,26523,10,post_filter,0.005,0.005,0.00457696297109127,uncorrelated,
113,1.0,False,86.22089998971205,25466,10,post_filter,0.005,0.005,0.00457696297109127,uncorrelated,
114,1.0,False,88.45419999852311,26127,10,post_filter,0.005,0.005,0.00457696297109127,uncorrelated,
115,1.0,False,89.9302999896463,27028,10,post_filter,0.005,0.005,0.00457696297109127,uncorrelated,
116,1.0,False,82.9853000032017,21272,10,post_filter,0.005,0.005,0.00457696297109127,uncorrelated,
117,1.0,False,96.28240000165533,34264,10,post_filter,0.005,0.005,0.00457696297109127,uncorrelated,
118,1.0,False,90.93380000558682,28176,10,post_filter,0.005,0.005,0.00457696297109127,uncorrelated,
119,1.0,False,82.49960000102874,22316,10,post_filter,0.005,0.005,0.00457696297109127,uncorrelated,
120,1.0,False,86.30129999073688,25309,10,post_filter,0.005,0.005,0.00457696297109127,uncorrelated,
121,1.0,False,82.08950000698678,24158,10,post_filter,0.005,0.005,0.00457696297109127,uncorrelated,
122,1.0,False,97.55259999656118,34338,10,post_filter,0.005,0.005,0.00457696297109127,uncorrelated,
123,1.0,False,85.52550000604242,25641,10,post_filter,0.005,0.005,0.00457696297109127,uncorrelated,
124,1.0,False,92.96739999263082,28954,10,post_filter,0.005,0.005,0.00457696297109127,uncorrelated,
125,1.0,False,91.47369999845978,26881,10,post_filter,0.005,0.005,0.00457696297109127,uncorrelated,
126,1.0,False,90.2730999951018,28061,10,post_filter,0.005,0.005,0.00457696297109127,uncorrelated,
127,1.0,False,91.2735000019893,26946,10,post_filter,0.005,0.005,0.00457696297109127,uncorrelated,
128,1.0,False,91.71820001211017,26932,10,post_filter,0.005,0.005,0.00457696297109127,uncorrelated,
129,1.0,False,85.66080000309739,26319,10,post_filter,0.005,0.005,0.00457696297109127,uncorrelated,
130,1.0,False,97.00639999937266,33335,10,post_filter,0.005,0.005,0.00457696297109127,uncorrelated,
131,1.0,False,85.14060000015888,24293,10,post_filter,0.005,0.005,0.00457696297109127,uncorrelated,
132,1.0,False,91.34049998829141,28679,10,post_filter,0.005,0.005,0.00457696297109127,uncorrelated,
133,1.0,False,92.46020000136923,30583,10,post_filter,0.005,0.005,0.00457696297109127,uncorrelated,
134,1.0,False,81.5431999944849,22170,10,post_filter,0.005,0.005,0.00457696297109127,uncorrelated,
135,1.0,False,91.72760001092684,29730,10,post_filter,0.005,0.005,0.00457696297109127,uncorrelated,
136,1.0,False,94.12019999581389,29072,10,post_filter,0.005,0.005,0.00457696297109127,uncorrelated,
137,1.0,False,96.78820001136046,32951,10,post_filter,0.005,0.005,0.00457696297109127,uncorrelated,
138,1.0,False,80.65099999657832,24647,10,post_filter,0.005,0.005,0.00457696297109127,uncorrelated,
139,1.0,False,87.75630001036916,27532,10,post_filter,0.005,0.005,0.00457696297109127,uncorrelated,
140,1.0,False,88.16650000517257,27849,10,post_filter,0.005,0.005,0.00457696297109127,uncorrelated,
141,1.0,False,87.90969999972731,26956,10,post_filter,0.005,0.005,0.00457696297109127,uncorrelated,
142,1.0,False,89.61959999578539,28000,10,post_filter,0.005,0.005,0.00457696297109127,uncorrelated,
143,1.0,False,86.14650000527035,23089,10,post_filter,0.005,0.005,0.00457696297109127,uncorrelated,
144,1.0,False,85.38029999181163,26820,10,post_filter,0.005,0.005,0.00457696297109127,uncorrelated,
145,1.0,False,84.55629998934455,24138,10,post_filter,0.005,0.005,0.00457696297109127,uncorrelated,
146,1.0,False,88.97919999435544,27871,10,post_filter,0.005,0.005,0.00457696297109127,uncorrelated,
147,1.0,False,88.93030000035651,26829,10,post_filter,0.005,0.005,0.00457696297109127,uncorrelated,
148,1.0,False,84.97130000614561,25270,10,post_filter,0.005,0.005,0.00457696297109127,uncorrelated,
149,1.0,False,95.64359999785665,35735,10,post_filter,0.005,0.005,0.00457696297109127,uncorrelated,
150,1.0,False,90.9718999901088,29791,10,post_filter,0.005,0.005,0.00457696297109127,uncorrelated,
151,1.0,False,86.22040000045672,20789,10,post_filter,0.005,0.005,0.00457696297109127,uncorrelated,
152,1.0,False,95.67940000852104,29305,10,post_filter,0.005,0.005,0.00457696297109127,uncorrelated,
153,1.0,False,92.18559999135323,24058,10,post_filter,0.005,0.005,0.00457696297109127,uncorrelated,
154,1.0,False,91.20919999259058,30956,10,post_filter,0.005,0.005,0.00457696297109127,uncorrelated,
155,1.0,False,90.34369999426417,27696,10,post_filter,0.005,0.005,0.00457696297109127,uncorrelated,
156,1.0,False,97.39830000034999,28324,10,post_filter,0.005,0.005,0.00457696297109127,uncorrelated,
157,1.0,False,105.92909999832045,29872,10,post_filter,0.005,0.005,0.00457696297109127,uncorrelated,
158,1.0,False,87.00390000012703,27796,10,post_filter,0.005,0.005,0.00457696297109127,uncorrelated,
159,1.0,False,86.7419999995036,27405,10,post_filter,0.005,0.005,0.00457696297109127,uncorrelated,
160,1.0,False,85.8412999950815,27863,10,post_filter,0.005,0.005,0.00457696297109127,uncorrelated,
161,1.0,False,89.81550000316929,27558,10,post_filter,0.005,0.005,0.00457696297109127,uncorrelated,
162,1.0,False,92.29329999652691,30664,10,post_filter,0.005,0.005,0.00457696297109127,uncorrelated,
163,1.0,False,85.90069999627303,27372,10,post_filter,0.005,0.005,0.00457696297109127,uncorrelated,
164,1.0,False,90.9756000037305,27063,10,post_filter,0.005,0.005,0.00457696297109127,uncorrelated,
165,1.0,False,86.99939999496564,26098,10,post_filter,0.005,0.005,0.00457696297109127,uncorrelated,
166,1.0,False,87.30959999957122,26193,10,post_filter,0.005,0.005,0.00457696297109127,uncorrelated,
167,1.0,False,90.78600000066217,29529,10,post_filter,0.005,0.005,0.00457696297109127,uncorrelated,
168,1.0,False,90.0617000006605,26662,10,post_filter,0.005,0.005,0.00457696297109127,uncorrelated,
169,1.0,False,91.96269999665674,27144,10,post_filter,0.005,0.005,0.00457696297109127,uncorrelated,
170,1.0,False,88.39129999978468,27093,10,post_filter,0.005,0.005,0.00457696297109127,uncorrelated,
171,1.0,False,88.05140000185929,27447,10,post_filter,0.005,0.005,0.00457696297109127,uncorrelated,
172,1.0,False,91.83659999689553,29620,10,post_filter,0.005,0.005,0.00457696297109127,uncorrelated,
173,1.0,False,90.6018999958178,28851,10,post_filter,0.005,0.005,0.00457696297109127,uncorrelated,
174,1.0,False,101.44559999753255,27336,10,post_filter,0.005,0.005,0.00457696297109127,uncorrelated,
175,1.0,False,92.69879999919794,27762,10,post_filter,0.005,0.005,0.00457696297109127,uncorrelated,
176,1.0,False,90.04270000150427,29076,10,post_filter,0.005,0.005,0.00457696297109127,uncorrelated,
177,1.0,False,95.25929999654181,27314,10,post_filter,0.005,0.005,0.00457696297109127,uncorrelated,
178,1.0,False,88.90940000128467,26963,10,post_filter,0.005,0.005,0.00457696297109127,uncorrelated,
179,1.0,False,86.10610000323504,27369,10,post_filter,0.005,0.005,0.00457696297109127,uncorrelated,
180,1.0,False,90.9654999995837,25173,10,post_filter,0.005,0.005,0.00457696297109127,uncorrelated,
181,1.0,False,90.80279999761842,29126,10,post_filter,0.005,0.005,0.00457696297109127,uncorrelated,
182,1.0,False,86.87679999275133,25577,10,post_filter,0.005,0.005,0.00457696297109127,uncorrelated,
183,1.0,False,88.03820000321139,25964,10,post_filter,0.005,0.005,0.00457696297109127,uncorrelated,
184,1.0,False,88.13129999907687,25449,10,post_filter,0.005,0.005,0.00457696297109127,uncorrelated,
185,1.0,False,80.90969998738728,21548,10,post_filter,0.005,0.005,0.00457696297109127,uncorrelated,
186,1.0,False,91.06599999358878,27924,10,post_filter,0.005,0.005,0.00457696297109127,uncorrelated,
187,1.0,False,90.2631999924779,28108,10,post_filter,0.005,0.005,0.00457696297109127,uncorrelated,
188,1.0,False,94.41859999787994,29464,10,post_filter,0.005,0.005,0.00457696297109127,uncorrelated,
189,1.0,False,106.35279999405611,33571,10,post_filter,0.005,0.005,0.00457696297109127,uncorrelated,
190,1.0,False,89.83510000689421,29434,10,post_filter,0.005,0.005,0.00457696297109127,uncorrelated,
191,1.0,False,89.3796000018483,28654,10,post_filter,0.005,0.005,0.00457696297109127,uncorrelated,
192,1.0,False,89.14070000173524,29249,10,post_filter,0.005,0.005,0.00457696297109127,uncorrelated,
193,1.0,False,81.18560000730213,22866,10,post_filter,0.005,0.005,0.00457696297109127,uncorrelated,
194,1.0,False,98.03969999484252,32708,10,post_filter,0.005,0.005,0.00457696297109127,uncorrelated,
195,1.0,False,91.37049999844749,30613,10,post_filter,0.005,0.005,0.00457696297109127,uncorrelated,
196,1.0,False,91.3451999949757,31538,10,post_filter,0.005,0.005,0.00457696297109127,uncorrelated,
197,1.0,False,91.2765999964904,27204,10,post_filter,0.005,0.005,0.00457696297109127,uncorrelated,
198,1.0,False,83.49659999657888,22553,10,post_filter,0.005,0.005,0.00457696297109127,uncorrelated,
199,1.0,False,93.90380000695586,31381,10,post_filter,0.005,0.005,0.00457696297109127,uncorrelated,
20,1.0,False,74.52739999280311,30067,10,predicate_aware,0.005,0.005,0.00457696297109127,uncorrelated,
21,1.0,False,57.25179999717511,30073,10,predicate_aware,0.005,0.005,0.00457696297109127,uncorrelated,
22,1.0,False,61.1983999988297,30052,10,predicate_aware,0.005,0.005,0.00457696297109127,uncorrelated,
23,1.0,False,62.68840000848286,30076,10,predicate_aware,0.005,0.005,0.00457696297109127,uncorrelated,
24,1.0,False,52.23650000698399,30111,10,predicate_aware,0.005,0.005,0.00457696297109127,uncorrelated,
25,1.0,False,48.11290001089219,30074,10,predicate_aware,0.005,0.005,0.00457696297109127,uncorrelated,
26,1.0,False,52.330099992104806,30081,10,predicate_aware,0.005,0.005,0.00457696297109127,uncorrelated,
27,1.0,False,55.356500000925735,30109,10,predicate_aware,0.005,0.005,0.00457696297109127,uncorrelated,
28,1.0,False,62.81589998980053,30076,10,predicate_aware,0.005,0.005,0.00457696297109127,uncorrelated,
29,1.0,False,82.09479998913594,30092,10,predicate_aware,0.005,0.005,0.00457696297109127,uncorrelated,
30,1.0,False,70.19250000303145,30085,10,predicate_aware,0.005,0.005,0.00457696297109127,uncorrelated,
31,1.0,False,48.561199990217574,30091,10,predicate_aware,0.005,0.005,0.00457696297109127,uncorrelated,
32,1.0,False,59.48720000742469,30061,10,predicate_aware,0.005,0.005,0.00457696297109127,uncorrelated,
33,1.0,False,61.26129999756813,30069,10,predicate_aware,0.005,0.005,0.00457696297109127,uncorrelated,
34,1.0,False,49.71189999196213,30062,10,predicate_aware,0.005,0.005,0.00457696297109127,uncorrelated,
35,1.0,False,59.830099999089725,30090,10,predicate_aware,0.005,0.005,0.00457696297109127,uncorrelated,
36,1.0,False,60.92190000344999,30054,10,predicate_aware,0.005,0.005,0.00457696297109127,uncorrelated,
37,1.0,False,62.48540000524372,30065,10,predicate_aware,0.005,0.005,0.00457696297109127,uncorrelated,
38,1.0,False,49.10020000534132,30058,10,predicate_aware,0.005,0.005,0.00457696297109127,uncorrelated,
39,1.0,False,80.43059999181423,30066,10,predicate_aware,0.005,0.005,0.00457696297109127,uncorrelated,
40,1.0,False,43.2823000010103,30075,10,predicate_aware,0.005,0.005,0.00457696297109127,uncorrelated,
41,1.0,False,81.50960000057239,30059,10,predicate_aware,0.005,0.005,0.00457696297109127,uncorrelated,
42,1.0,False,50.37359999550972,30086,10,predicate_aware,0.005,0.005,0.00457696297109127,uncorrelated,
43,1.0,False,44.756999996025115,30089,10,predicate_aware,0.005,0.005,0.00457696297109127,uncorrelated,
44,1.0,False,71.30840000172611,30072,10,predicate_aware,0.005,0.005,0.00457696297109127,uncorrelated,
45,1.0,False,55.97090000810567,30078,10,predicate_aware,0.005,0.005,0.00457696297109127,uncorrelated,
46,1.0,False,76.08830000390299,30123,10,predicate_aware,0.005,0.005,0.00457696297109127,uncorrelated,
47,1.0,False,43.78330000326969,30112,10,predicate_aware,0.005,0.005,0.00457696297109127,uncorrelated,
48,1.0,False,47.982399992179126,30045,10,predicate_aware,0.005,0.005,0.00457696297109127,uncorrelated,
49,1.0,False,57.73169999883976,30065,10,predicate_aware,0.005,0.005,0.00457696297109127,uncorrelated,
50,1.0,False,46.27230000915006,30077,10,predicate_aware,0.005,0.005,0.00457696297109127,uncorrelated,
51,1.0,False,72.11990001087543,30050,10,predicate_aware,0.005,0.005,0.00457696297109127,uncorrelated,
52,1.0,False,56.51829999987967,30049,10,predicate_aware,0.005,0.005,0.00457696297109127,uncorrelated,
53,1.0,False,52.20700000063516,30071,10,predicate_aware,0.005,0.005,0.00457696297109127,uncorrelated,
54,1.0,False,83.47599999979138,30060,10,predicate_aware,0.005,0.005,0.00457696297109127,uncorrelated,
55,1.0,False,76.26310001069214,30064,10,predicate_aware,0.005,0.005,0.00457696297109127,uncorrelated,
56,1.0,False,57.894300000043586,30068,10,predicate_aware,0.005,0.005,0.00457696297109127,uncorrelated,
57,1.0,False,53.49729998852126,30049,10,predicate_aware,0.005,0.005,0.00457696297109127,uncorrelated,
58,1.0,False,40.12940000393428,30082,10,predicate_aware,0.005,0.005,0.00457696297109127,uncorrelated,
59,1.0,False,83.30010001373012,30128,10,predicate_aware,0.005,0.005,0.00457696297109127,uncorrelated,
60,1.0,False,49.155699991388246,30071,10,predicate_aware,0.005,0.005,0.00457696297109127,uncorrelated,
61,1.0,False,56.88110001210589,30077,10,predicate_aware,0.005,0.005,0.00457696297109127,uncorrelated,
62,1.0,False,76.09600000432692,30066,10,predicate_aware,0.005,0.005,0.00457696297109127,uncorrelated,
63,1.0,False,68.15320000168867,30050,10,predicate_aware,0.005,0.005,0.00457696297109127,uncorrelated,
64,1.0,False,63.639900006819516,30058,10,predicate_aware,0.005,0.005,0.00457696297109127,uncorrelated,
65,1.0,False,85.37519999663346,30057,10,predicate_aware,0.005,0.005,0.00457696297109127,uncorrelated,
66,1.0,False,59.8481999913929,30079,10,predicate_aware,0.005,0.005,0.00457696297109127,uncorrelated,
67,1.0,False,82.91739999549463,30053,10,predicate_aware,0.005,0.005,0.00457696297109127,uncorrelated,
68,1.0,False,71.51840000005905,30048,10,predicate_aware,0.005,0.005,0.00457696297109127,uncorrelated,
69,1.0,False,47.713699997984804,30066,10,predicate_aware,0.005,0.005,0.00457696297109127,uncorrelated,
70,1.0,False,78.13080000050832,30072,10,predicate_aware,0.005,0.005,0.00457696297109127,uncorrelated,
71,1.0,False,63.80590000480879,30058,10,predicate_aware,0.005,0.005,0.00457696297109127,uncorrelated,
72,1.0,False,36.21879999991506,30065,10,predicate_aware,0.005,0.005,0.00457696297109127,uncorrelated,
73,1.0,False,52.90559999411926,30060,10,predicate_aware,0.005,0.005,0.00457696297109127,uncorrelated,
74,1.0,False,54.38570000114851,30096,10,predicate_aware,0.005,0.005,0.00457696297109127,uncorrelated,
75,1.0,False,43.16349999862723,30111,10,predicate_aware,0.005,0.005,0.00457696297109127,uncorrelated,
76,1.0,False,79.3405000003986,30053,10,predicate_aware,0.005,0.005,0.00457696297109127,uncorrelated,
77,1.0,False,54.66589999559801,30075,10,predicate_aware,0.005,0.005,0.00457696297109127,uncorrelated,
78,1.0,False,52.44690000836272,30074,10,predicate_aware,0.005,0.005,0.00457696297109127,uncorrelated,
79,1.0,False,81.81199998944066,30061,10,predicate_aware,0.005,0.005,0.00457696297109127,uncorrelated,
80,1.0,False,75.51290000264999,30075,10,predicate_aware,0.005,0.005,0.00457696297109127,uncorrelated,
81,1.0,False,44.909000003826804,30078,10,predicate_aware,0.005,0.005,0.00457696297109127,uncorrelated,
82,1.0,False,48.2761000021128,30114,10,predicate_aware,0.005,0.005,0.00457696297109127,uncorrelated,
83,1.0,False,57.50770001031924,30084,10,predicate_aware,0.005,0.005,0.00457696297109127,uncorrelated,
84,1.0,False,48.467700005858205,30087,10,predicate_aware,0.005,0.005,0.00457696297109127,uncorrelated,
85,1.0,False,43.50729999714531,30099,10,predicate_aware,0.005,0.005,0.00457696297109127,uncorrelated,
86,1.0,False,72.51130000804551,30039,10,predicate_aware,0.005,0.005,0.00457696297109127,uncorrelated,
87,1.0,False,59.81920000340324,30054,10,predicate_aware,0.005,0.005,0.00457696297109127,uncorrelated,
88,1.0,False,80.67090000258759,30035,10,predicate_aware,0.005,0.005,0.00457696297109127,uncorrelated,
89,1.0,False,84.21190000080969,30052,10,predicate_aware,0.005,0.005,0.00457696297109127,uncorrelated,
90,1.0,False,68.57360000140034,30079,10,predicate_aware,0.005,0.005,0.00457696297109127,uncorrelated,
91,1.0,False,60.908600004040636,30056,10,predicate_aware,0.005,0.005,0.00457696297109127,uncorrelated,
92,1.0,False,41.14439999102615,30103,10,predicate_aware,0.005,0.005,0.00457696297109127,uncorrelated,
93,1.0,False,69.19749999360647,30054,10,predicate_aware,0.005,0.005,0.00457696297109127,uncorrelated,
94,1.0,False,65.17709999752697,30061,10,predicate_aware,0.005,0.005,0.00457696297109127,uncorrelated,
95,1.0,False,53.242099995259196,30074,10,predicate_aware,0.005,0.005,0.00457696297109127,uncorrelated,
96,1.0,False,47.756600004504435,30085,10,predicate_aware,0.005,0.005,0.00457696297109127,uncorrelated,
97,1.0,False,59.622699991450645,30067,10,predicate_aware,0.005,0.005,0.00457696297109127,uncorrelated,
98,1.0,False,76.25809998717159,30085,10,predicate_aware,0.005,0.005,0.00457696297109127,uncorrelated,
99,1.0,False,52.47330000565853,30076,10,predicate_aware,0.005,0.005,0.00457696297109127,uncorrelated,
100,1.0,False,58.55270000756718,30051,10,predicate_aware,0.005,0.005,0.00457696297109127,uncorrelated,
101,1.0,False,63.1779999966966,30076,10,predicate_aware,0.005,0.005,0.00457696297109127,uncorrelated,
102,1.0,False,56.012200002442114,30063,10,predicate_aware,0.005,0.005,0.00457696297109127,uncorrelated,
103,1.0,False,66.30809999478515,30086,10,predicate_aware,0.005,0.005,0.00457696297109127,uncorrelated,
104,1.0,False,68.75289999879897,30085,10,predicate_aware,0.005,0.005,0.00457696297109127,uncorrelated,
105,1.0,False,66.23379999655299,30103,10,predicate_aware,0.005,0.005,0.00457696297109127,uncorrelated,
106,1.0,False,74.35799999802839,30053,10,predicate_aware,0.005,0.005,0.00457696297109127,uncorrelated,
107,1.0,False,67.05310000688769,30098,10,predicate_aware,0.005,0.005,0.00457696297109127,uncorrelated,
108,1.0,False,87.39270000660326,30069,10,predicate_aware,0.005,0.005,0.00457696297109127,uncorrelated,
109,1.0,False,71.06870001007337,30108,10,predicate_aware,0.005,0.005,0.00457696297109127,uncorrelated,
110,1.0,False,76.40469999751076,30092,10,predicate_aware,0.005,0.005,0.00457696297109127,uncorrelated,
111,1.0,False,47.03380000137258,30048,10,predicate_aware,0.005,0.005,0.00457696297109127,uncorrelated,
112,1.0,False,68.16270000126678,30102,10,predicate_aware,0.005,0.005,0.00457696297109127,uncorrelated,
113,1.0,False,64.21790001331829,30095,10,predicate_aware,0.005,0.005,0.00457696297109127,uncorrelated,
114,1.0,False,62.54340001032688,30108,10,predicate_aware,0.005,0.005,0.00457696297109127,uncorrelated,
115,1.0,False,61.52770000335295,30067,10,predicate_aware,0.005,0.005,0.00457696297109127,uncorrelated,
116,1.0,False,83.42409999750089,30079,10,predicate_aware,0.005,0.005,0.00457696297109127,uncorrelated,
117,1.0,False,36.47790000832174,30082,10,predicate_aware,0.005,0.005,0.00457696297109127,uncorrelated,
118,1.0,False,52.9270999977598,30050,10,predicate_aware,0.005,0.005,0.00457696297109127,uncorrelated,
119,1.0,False,80.58140000503045,30117,10,predicate_aware,0.005,0.005,0.00457696297109127,uncorrelated,
120,1.0,False,63.55510000139475,30071,10,predicate_aware,0.005,0.005,0.00457696297109127,uncorrelated,
121,1.0,False,64.28459999733604,30068,10,predicate_aware,0.005,0.005,0.00457696297109127,uncorrelated,
122,1.0,False,38.82580000208691,30087,10,predicate_aware,0.005,0.005,0.00457696297109127,uncorrelated,
123,1.0,False,62.20400000165682,30064,10,predicate_aware,0.005,0.005,0.00457696297109127,uncorrelated,
124,1.0,False,53.37619999772869,30081,10,predicate_aware,0.005,0.005,0.00457696297109127,uncorrelated,
125,1.0,False,55.89779998990707,30105,10,predicate_aware,0.005,0.005,0.00457696297109127,uncorrelated,
126,1.0,False,50.091700002667494,30052,10,predicate_aware,0.005,0.005,0.00457696297109127,uncorrelated,
127,1.0,False,57.6396999967983,30063,10,predicate_aware,0.005,0.005,0.00457696297109127,uncorrelated,
128,1.0,False,57.221900002332404,30077,10,predicate_aware,0.005,0.005,0.00457696297109127,uncorrelated,
129,1.0,False,58.96160000702366,30067,10,predicate_aware,0.005,0.005,0.00457696297109127,uncorrelated,
130,1.0,False,44.836899993242696,30062,10,predicate_aware,0.005,0.005,0.00457696297109127,uncorrelated,
131,1.0,False,81.54990000184625,30064,10,predicate_aware,0.005,0.005,0.00457696297109127,uncorrelated,
132,1.0,False,58.189799994579516,30070,10,predicate_aware,0.005,0.005,0.00457696297109127,uncorrelated,
133,1.0,False,47.09320000256412,30079,10,predicate_aware,0.005,0.005,0.00457696297109127,uncorrelated,
134,1.0,False,82.31549999618437,30090,10,predicate_aware,0.005,0.005,0.00457696297109127,uncorrelated,
135,1.0,False,49.820600004750304,30088,10,predicate_aware,0.005,0.005,0.00457696297109127,uncorrelated,
136,1.0,False,46.558800007915124,30041,10,predicate_aware,0.005,0.005,0.00457696297109127,uncorrelated,
137,1.0,False,41.48479999275878,30069,10,predicate_aware,0.005,0.005,0.00457696297109127,uncorrelated,
138,1.0,False,62.795800011372194,30129,10,predicate_aware,0.005,0.005,0.00457696297109127,uncorrelated,
139,1.0,False,53.46250000002328,30052,10,predicate_aware,0.005,0.005,0.00457696297109127,uncorrelated,
140,1.0,False,57.243100003688596,30043,10,predicate_aware,0.005,0.005,0.00457696297109127,uncorrelated,
141,1.0,False,57.88110000139568,30075,10,predicate_aware,0.005,0.005,0.00457696297109127,uncorrelated,
142,1.0,False,51.21839999628719,30084,10,predicate_aware,0.005,0.005,0.00457696297109127,uncorrelated,
143,1.0,False,70.12680001207627,30062,10,predicate_aware,0.005,0.005,0.00457696297109127,uncorrelated,
144,1.0,False,58.13389999093488,30066,10,predicate_aware,0.005,0.005,0.00457696297109127,uncorrelated,
145,1.0,False,69.15120000485331,30058,10,predicate_aware,0.005,0.005,0.00457696297109127,uncorrelated,
146,1.0,False,55.93400000361726,30079,10,predicate_aware,0.005,0.005,0.00457696297109127,uncorrelated,
147,1.0,False,56.31879999418743,30067,10,predicate_aware,0.005,0.005,0.00457696297109127,uncorrelated,
148,1.0,False,63.703200008603744,30081,10,predicate_aware,0.005,0.005,0.00457696297109127,uncorrelated,
149,1.0,False,39.3571000022348,30046,10,predicate_aware,0.005,0.005,0.00457696297109127,uncorrelated,
150,1.0,False,46.479999989969656,30095,10,predicate_aware,0.005,0.005,0.00457696297109127,uncorrelated,
151,1.0,False,88.86509999865666,30040,10,predicate_aware,0.005,0.005,0.00457696297109127,uncorrelated,
152,1.0,False,61.66699998721015,30098,10,predicate_aware,0.005,0.005,0.00457696297109127,uncorrelated,
153,1.0,False,87.29680000396911,30051,10,predicate_aware,0.005,0.005,0.00457696297109127,uncorrelated,
154,1.0,False,55.695499991998076,30092,10,predicate_aware,0.005,0.005,0.00457696297109127,uncorrelated,
155,1.0,False,64.13549999706447,30056,10,predicate_aware,0.005,0.005,0.00457696297109127,uncorrelated,
156,1.0,False,58.06949999532662,30061,10,predicate_aware,0.005,0.005,0.00457696297109127,uncorrelated,
157,1.0,False,48.102400003699586,30078,10,predicate_aware,0.005,0.005,0.00457696297109127,uncorrelated,
158,1.0,False,59.55079999694135,30059,10,predicate_aware,0.005,0.005,0.00457696297109127,uncorrelated,
159,1.0,False,59.35110000427812,30053,10,predicate_aware,0.005,0.005,0.00457696297109127,uncorrelated,
160,1.0,False,62.20099999336526,30060,10,predicate_aware,0.005,0.005,0.00457696297109127,uncorrelated,
161,1.0,False,71.6336999903433,30085,10,predicate_aware,0.005,0.005,0.00457696297109127,uncorrelated,
162,1.0,False,49.51270000310615,30060,10,predicate_aware,0.005,0.005,0.00457696297109127,uncorrelated,
163,1.0,False,59.23139999504201,30070,10,predicate_aware,0.005,0.005,0.00457696297109127,uncorrelated,
164,1.0,False,59.169200001633726,30098,10,predicate_aware,0.005,0.005,0.00457696297109127,uncorrelated,
165,1.0,False,62.74439999833703,30074,10,predicate_aware,0.005,0.005,0.00457696297109127,uncorrelated,
166,1.0,False,63.13969999609981,30056,10,predicate_aware,0.005,0.005,0.00457696297109127,uncorrelated,
167,1.0,False,47.611400004825555,30070,10,predicate_aware,0.005,0.005,0.00457696297109127,uncorrelated,
168,1.0,False,62.39340000320226,30044,10,predicate_aware,0.005,0.005,0.00457696297109127,uncorrelated,
169,1.0,False,58.84519999381155,30105,10,predicate_aware,0.005,0.005,0.00457696297109127,uncorrelated,
170,1.0,False,59.85309999960009,30074,10,predicate_aware,0.005,0.005,0.00457696297109127,uncorrelated,
171,1.0,False,58.10680000286084,30094,10,predicate_aware,0.005,0.005,0.00457696297109127,uncorrelated,
172,1.0,False,49.41210000833962,30076,10,predicate_aware,0.005,0.005,0.00457696297109127,uncorrelated,
173,1.0,False,51.83039999974426,30081,10,predicate_aware,0.005,0.005,0.00457696297109127,uncorrelated,
174,1.0,False,60.8349999965867,30056,10,predicate_aware,0.005,0.005,0.00457696297109127,uncorrelated,
175,1.0,False,56.20420000923332,30070,10,predicate_aware,0.005,0.005,0.00457696297109127,uncorrelated,
176,1.0,False,53.08539999532513,30070,10,predicate_aware,0.005,0.005,0.00457696297109127,uncorrelated,
177,1.0,False,61.62680000124965,30107,10,predicate_aware,0.005,0.005,0.00457696297109127,uncorrelated,
178,1.0,False,56.774399999994785,30058,10,predicate_aware,0.005,0.005,0.00457696297109127,uncorrelated,
179,1.0,False,53.17319999448955,30100,10,predicate_aware,0.005,0.005,0.00457696297109127,uncorrelated,
180,1.0,False,65.59689999266993,30063,10,predicate_aware,0.005,0.005,0.00457696297109127,uncorrelated,
181,1.0,False,46.33900000771973,30082,10,predicate_aware,0.005,0.005,0.00457696297109127,uncorrelated,
182,1.0,False,67.09280000359286,30052,10,predicate_aware,0.005,0.005,0.00457696297109127,uncorrelated,
183,1.0,False,62.40889999025967,30070,10,predicate_aware,0.005,0.005,0.00457696297109127,uncorrelated,
184,1.0,False,64.17669999063946,30076,10,predicate_aware,0.005,0.005,0.00457696297109127,uncorrelated,
185,1.0,False,78.70670000556856,30084,10,predicate_aware,0.005,0.005,0.00457696297109127,uncorrelated,
186,1.0,False,58.44720000459347,30082,10,predicate_aware,0.005,0.005,0.00457696297109127,uncorrelated,
187,1.0,False,52.803500002482906,30072,10,predicate_aware,0.005,0.005,0.00457696297109127,uncorrelated,
188,1.0,False,51.90610000863671,30067,10,predicate_aware,0.005,0.005,0.00457696297109127,uncorrelated,
189,1.0,False,42.83120000036433,30075,10,predicate_aware,0.005,0.005,0.00457696297109127,uncorrelated,
190,1.0,False,49.62740000337362,30064,10,predicate_aware,0.005,0.005,0.00457696297109127,uncorrelated,
191,1.0,False,51.34839999664109,30061,10,predicate_aware,0.005,0.005,0.00457696297109127,uncorrelated,
192,1.0,False,47.63909999746829,30093,10,predicate_aware,0.005,0.005,0.00457696297109127,uncorrelated,
193,1.0,False,80.72220000030939,30089,10,predicate_aware,0.005,0.005,0.00457696297109127,uncorrelated,
194,1.0,False,43.691700004274026,30082,10,predicate_aware,0.005,0.005,0.00457696297109127,uncorrelated,
195,1.0,False,45.569499998237006,30051,10,predicate_aware,0.005,0.005,0.00457696297109127,uncorrelated,
196,1.0,False,45.69640000408981,30082,10,predicate_aware,0.005,0.005,0.00457696297109127,uncorrelated,
197,1.0,False,61.316299994359724,30067,10,predicate_aware,0.005,0.005,0.00457696297109127,uncorrelated,
198,1.0,False,82.67799999157432,30111,10,predicate_aware,0.005,0.005,0.00457696297109127,uncorrelated,
199,1.0,False,40.84339999826625,30072,10,predicate_aware,0.005,0.005,0.00457696297109127,uncorrelated,
20,1.0,False,74.52739999280311,30067,10,planner,0.005,0.005,0.00457696297109127,uncorrelated,"predicate_aware: ŝ=0.0046 -> cost=126 < pre_filter=458, post_filter=14384"
21,1.0,False,57.25179999717511,30073,10,planner,0.005,0.005,0.00457696297109127,uncorrelated,"predicate_aware: ŝ=0.0046 -> cost=126 < pre_filter=458, post_filter=14384"
22,1.0,False,61.1983999988297,30052,10,planner,0.005,0.005,0.00457696297109127,uncorrelated,"predicate_aware: ŝ=0.0046 -> cost=126 < pre_filter=458, post_filter=14384"
23,1.0,False,62.68840000848286,30076,10,planner,0.005,0.005,0.00457696297109127,uncorrelated,"predicate_aware: ŝ=0.0046 -> cost=126 < pre_filter=458, post_filter=14384"
24,1.0,False,52.23650000698399,30111,10,planner,0.005,0.005,0.00457696297109127,uncorrelated,"predicate_aware: ŝ=0.0046 -> cost=126 < pre_filter=458, post_filter=14384"
25,1.0,False,48.11290001089219,30074,10,planner,0.005,0.005,0.00457696297109127,uncorrelated,"predicate_aware: ŝ=0.0046 -> cost=126 < pre_filter=458, post_filter=14384"
26,1.0,False,52.330099992104806,30081,10,planner,0.005,0.005,0.00457696297109127,uncorrelated,"predicate_aware: ŝ=0.0046 -> cost=126 < pre_filter=458, post_filter=14384"
27,1.0,False,55.356500000925735,30109,10,planner,0.005,0.005,0.00457696297109127,uncorrelated,"predicate_aware: ŝ=0.0046 -> cost=126 < pre_filter=458, post_filter=14384"
28,1.0,False,62.81589998980053,30076,10,planner,0.005,0.005,0.00457696297109127,uncorrelated,"predicate_aware: ŝ=0.0046 -> cost=126 < pre_filter=458, post_filter=14384"
29,1.0,False,82.09479998913594,30092,10,planner,0.005,0.005,0.00457696297109127,uncorrelated,"predicate_aware: ŝ=0.0046 -> cost=126 < pre_filter=458, post_filter=14384"
30,1.0,False,70.19250000303145,30085,10,planner,0.005,0.005,0.00457696297109127,uncorrelated,"predicate_aware: ŝ=0.0046 -> cost=126 < pre_filter=458, post_filter=14384"
31,1.0,False,48.561199990217574,30091,10,planner,0.005,0.005,0.00457696297109127,uncorrelated,"predicate_aware: ŝ=0.0046 -> cost=126 < pre_filter=458, post_filter=14384"
32,1.0,False,59.48720000742469,30061,10,planner,0.005,0.005,0.00457696297109127,uncorrelated,"predicate_aware: ŝ=0.0046 -> cost=126 < pre_filter=458, post_filter=14384"
33,1.0,False,61.26129999756813,30069,10,planner,0.005,0.005,0.00457696297109127,uncorrelated,"predicate_aware: ŝ=0.0046 -> cost=126 < pre_filter=458, post_filter=14384"
34,1.0,False,49.71189999196213,30062,10,planner,0.005,0.005,0.00457696297109127,uncorrelated,"predicate_aware: ŝ=0.0046 -> cost=126 < pre_filter=458, post_filter=14384"
35,1.0,False,59.830099999089725,30090,10,planner,0.005,0.005,0.00457696297109127,uncorrelated,"predicate_aware: ŝ=0.0046 -> cost=126 < pre_filter=458, post_filter=14384"
36,1.0,False,60.92190000344999,30054,10,planner,0.005,0.005,0.00457696297109127,uncorrelated,"predicate_aware: ŝ=0.0046 -> cost=126 < pre_filter=458, post_filter=14384"
37,1.0,False,62.48540000524372,30065,10,planner,0.005,0.005,0.00457696297109127,uncorrelated,"predicate_aware: ŝ=0.0046 -> cost=126 < pre_filter=458, post_filter=14384"
38,1.0,False,49.10020000534132,30058,10,planner,0.005,0.005,0.00457696297109127,uncorrelated,"predicate_aware: ŝ=0.0046 -> cost=126 < pre_filter=458, post_filter=14384"
39,1.0,False,80.43059999181423,30066,10,planner,0.005,0.005,0.00457696297109127,uncorrelated,"predicate_aware: ŝ=0.0046 -> cost=126 < pre_filter=458, post_filter=14384"
40,1.0,False,43.2823000010103,30075,10,planner,0.005,0.005,0.00457696297109127,uncorrelated,"predicate_aware: ŝ=0.0046 -> cost=126 < pre_filter=458, post_filter=14384"
41,1.0,False,81.50960000057239,30059,10,planner,0.005,0.005,0.00457696297109127,uncorrelated,"predicate_aware: ŝ=0.0046 -> cost=126 < pre_filter=458, post_filter=14384"
42,1.0,False,50.37359999550972,30086,10,planner,0.005,0.005,0.00457696297109127,uncorrelated,"predicate_aware: ŝ=0.0046 -> cost=126 < pre_filter=458, post_filter=14384"
43,1.0,False,44.756999996025115,30089,10,planner,0.005,0.005,0.00457696297109127,uncorrelated,"predicate_aware: ŝ=0.0046 -> cost=126 < pre_filter=458, post_filter=14384"
44,1.0,False,71.30840000172611,30072,10,planner,0.005,0.005,0.00457696297109127,uncorrelated,"predicate_aware: ŝ=0.0046 -> cost=126 < pre_filter=458, post_filter=14384"
45,1.0,False,55.97090000810567,30078,10,planner,0.005,0.005,0.00457696297109127,uncorrelated,"predicate_aware: ŝ=0.0046 -> cost=126 < pre_filter=458, post_filter=14384"
46,1.0,False,76.08830000390299,30123,10,planner,0.005,0.005,0.00457696297109127,uncorrelated,"predicate_aware: ŝ=0.0046 -> cost=126 < pre_filter=458, post_filter=14384"
47,1.0,False,43.78330000326969,30112,10,planner,0.005,0.005,0.00457696297109127,uncorrelated,"predicate_aware: ŝ=0.0046 -> cost=126 < pre_filter=458, post_filter=14384"
48,1.0,False,47.982399992179126,30045,10,planner,0.005,0.005,0.00457696297109127,uncorrelated,"predicate_aware: ŝ=0.0046 -> cost=126 < pre_filter=458, post_filter=14384"
49,1.0,False,57.73169999883976,30065,10,planner,0.005,0.005,0.00457696297109127,uncorrelated,"predicate_aware: ŝ=0.0046 -> cost=126 < pre_filter=458, post_filter=14384"
50,1.0,False,46.27230000915006,30077,10,planner,0.005,0.005,0.00457696297109127,uncorrelated,"predicate_aware: ŝ=0.0046 -> cost=126 < pre_filter=458, post_filter=14384"
51,1.0,False,72.11990001087543,30050,10,planner,0.005,0.005,0.00457696297109127,uncorrelated,"predicate_aware: ŝ=0.0046 -> cost=126 < pre_filter=458, post_filter=14384"
52,1.0,False,56.51829999987967,30049,10,planner,0.005,0.005,0.00457696297109127,uncorrelated,"predicate_aware: ŝ=0.0046 -> cost=126 < pre_filter=458, post_filter=14384"
53,1.0,False,52.20700000063516,30071,10,planner,0.005,0.005,0.00457696297109127,uncorrelated,"predicate_aware: ŝ=0.0046 -> cost=126 < pre_filter=458, post_filter=14384"
54,1.0,False,83.47599999979138,30060,10,planner,0.005,0.005,0.00457696297109127,uncorrelated,"predicate_aware: ŝ=0.0046 -> cost=126 < pre_filter=458, post_filter=14384"
55,1.0,False,76.26310001069214,30064,10,planner,0.005,0.005,0.00457696297109127,uncorrelated,"predicate_aware: ŝ=0.0046 -> cost=126 < pre_filter=458, post_filter=14384"
56,1.0,False,57.894300000043586,30068,10,planner,0.005,0.005,0.00457696297109127,uncorrelated,"predicate_aware: ŝ=0.0046 -> cost=126 < pre_filter=458, post_filter=14384"
57,1.0,False,53.49729998852126,30049,10,planner,0.005,0.005,0.00457696297109127,uncorrelated,"predicate_aware: ŝ=0.0046 -> cost=126 < pre_filter=458, post_filter=14384"
58,1.0,False,40.12940000393428,30082,10,planner,0.005,0.005,0.00457696297109127,uncorrelated,"predicate_aware: ŝ=0.0046 -> cost=126 < pre_filter=458, post_filter=14384"
59,1.0,False,83.30010001373012,30128,10,planner,0.005,0.005,0.00457696297109127,uncorrelated,"predicate_aware: ŝ=0.0046 -> cost=126 < pre_filter=458, post_filter=14384"
60,1.0,False,49.155699991388246,30071,10,planner,0.005,0.005,0.00457696297109127,uncorrelated,"predicate_aware: ŝ=0.0046 -> cost=126 < pre_filter=458, post_filter=14384"
61,1.0,False,56.88110001210589,30077,10,planner,0.005,0.005,0.00457696297109127,uncorrelated,"predicate_aware: ŝ=0.0046 -> cost=126 < pre_filter=458, post_filter=14384"
62,1.0,False,76.09600000432692,30066,10,planner,0.005,0.005,0.00457696297109127,uncorrelated,"predicate_aware: ŝ=0.0046 -> cost=126 < pre_filter=458, post_filter=14384"
63,1.0,False,68.15320000168867,30050,10,planner,0.005,0.005,0.00457696297109127,uncorrelated,"predicate_aware: ŝ=0.0046 -> cost=126 < pre_filter=458, post_filter=14384"
64,1.0,False,63.639900006819516,30058,10,planner,0.005,0.005,0.00457696297109127,uncorrelated,"predicate_aware: ŝ=0.0046 -> cost=126 < pre_filter=458, post_filter=14384"
65,1.0,False,85.37519999663346,30057,10,planner,0.005,0.005,0.00457696297109127,uncorrelated,"predicate_aware: ŝ=0.0046 -> cost=126 < pre_filter=458, post_filter=14384"
66,1.0,False,59.8481999913929,30079,10,planner,0.005,0.005,0.00457696297109127,uncorrelated,"predicate_aware: ŝ=0.0046 -> cost=126 < pre_filter=458, post_filter=14384"
67,1.0,False,82.91739999549463,30053,10,planner,0.005,0.005,0.00457696297109127,uncorrelated,"predicate_aware: ŝ=0.0046 -> cost=126 < pre_filter=458, post_filter=14384"
68,1.0,False,71.51840000005905,30048,10,planner,0.005,0.005,0.00457696297109127,uncorrelated,"predicate_aware: ŝ=0.0046 -> cost=126 < pre_filter=458, post_filter=14384"
69,1.0,False,47.713699997984804,30066,10,planner,0.005,0.005,0.00457696297109127,uncorrelated,"predicate_aware: ŝ=0.0046 -> cost=126 < pre_filter=458, post_filter=14384"
70,1.0,False,78.13080000050832,30072,10,planner,0.005,0.005,0.00457696297109127,uncorrelated,"predicate_aware: ŝ=0.0046 -> cost=126 < pre_filter=458, post_filter=14384"
71,1.0,False,63.80590000480879,30058,10,planner,0.005,0.005,0.00457696297109127,uncorrelated,"predicate_aware: ŝ=0.0046 -> cost=126 < pre_filter=458, post_filter=14384"
72,1.0,False,36.21879999991506,30065,10,planner,0.005,0.005,0.00457696297109127,uncorrelated,"predicate_aware: ŝ=0.0046 -> cost=126 < pre_filter=458, post_filter=14384"
73,1.0,False,52.90559999411926,30060,10,planner,0.005,0.005,0.00457696297109127,uncorrelated,"predicate_aware: ŝ=0.0046 -> cost=126 < pre_filter=458, post_filter=14384"
74,1.0,False,54.38570000114851,30096,10,planner,0.005,0.005,0.00457696297109127,uncorrelated,"predicate_aware: ŝ=0.0046 -> cost=126 < pre_filter=458, post_filter=14384"
75,1.0,False,43.16349999862723,30111,10,planner,0.005,0.005,0.00457696297109127,uncorrelated,"predicate_aware: ŝ=0.0046 -> cost=126 < pre_filter=458, post_filter=14384"
76,1.0,False,79.3405000003986,30053,10,planner,0.005,0.005,0.00457696297109127,uncorrelated,"predicate_aware: ŝ=0.0046 -> cost=126 < pre_filter=458, post_filter=14384"
77,1.0,False,54.66589999559801,30075,10,planner,0.005,0.005,0.00457696297109127,uncorrelated,"predicate_aware: ŝ=0.0046 -> cost=126 < pre_filter=458, post_filter=14384"
78,1.0,False,52.44690000836272,30074,10,planner,0.005,0.005,0.00457696297109127,uncorrelated,"predicate_aware: ŝ=0.0046 -> cost=126 < pre_filter=458, post_filter=14384"
79,1.0,False,81.81199998944066,30061,10,planner,0.005,0.005,0.00457696297109127,uncorrelated,"predicate_aware: ŝ=0.0046 -> cost=126 < pre_filter=458, post_filter=14384"
80,1.0,False,75.51290000264999,30075,10,planner,0.005,0.005,0.00457696297109127,uncorrelated,"predicate_aware: ŝ=0.0046 -> cost=126 < pre_filter=458, post_filter=14384"
81,1.0,False,44.909000003826804,30078,10,planner,0.005,0.005,0.00457696297109127,uncorrelated,"predicate_aware: ŝ=0.0046 -> cost=126 < pre_filter=458, post_filter=14384"
82,1.0,False,48.2761000021128,30114,10,planner,0.005,0.005,0.00457696297109127,uncorrelated,"predicate_aware: ŝ=0.0046 -> cost=126 < pre_filter=458, post_filter=14384"
83,1.0,False,57.50770001031924,30084,10,planner,0.005,0.005,0.00457696297109127,uncorrelated,"predicate_aware: ŝ=0.0046 -> cost=126 < pre_filter=458, post_filter=14384"
84,1.0,False,48.467700005858205,30087,10,planner,0.005,0.005,0.00457696297109127,uncorrelated,"predicate_aware: ŝ=0.0046 -> cost=126 < pre_filter=458, post_filter=14384"
85,1.0,False,43.50729999714531,30099,10,planner,0.005,0.005,0.00457696297109127,uncorrelated,"predicate_aware: ŝ=0.0046 -> cost=126 < pre_filter=458, post_filter=14384"
86,1.0,False,72.51130000804551,30039,10,planner,0.005,0.005,0.00457696297109127,uncorrelated,"predicate_aware: ŝ=0.0046 -> cost=126 < pre_filter=458, post_filter=14384"
87,1.0,False,59.81920000340324,30054,10,planner,0.005,0.005,0.00457696297109127,uncorrelated,"predicate_aware: ŝ=0.0046 -> cost=126 < pre_filter=458, post_filter=14384"
88,1.0,False,80.67090000258759,30035,10,planner,0.005,0.005,0.00457696297109127,uncorrelated,"predicate_aware: ŝ=0.0046 -> cost=126 < pre_filter=458, post_filter=14384"
89,1.0,False,84.21190000080969,30052,10,planner,0.005,0.005,0.00457696297109127,uncorrelated,"predicate_aware: ŝ=0.0046 -> cost=126 < pre_filter=458, post_filter=14384"
90,1.0,False,68.57360000140034,30079,10,planner,0.005,0.005,0.00457696297109127,uncorrelated,"predicate_aware: ŝ=0.0046 -> cost=126 < pre_filter=458, post_filter=14384"
91,1.0,False,60.908600004040636,30056,10,planner,0.005,0.005,0.00457696297109127,uncorrelated,"predicate_aware: ŝ=0.0046 -> cost=126 < pre_filter=458, post_filter=14384"
92,1.0,False,41.14439999102615,30103,10,planner,0.005,0.005,0.00457696297109127,uncorrelated,"predicate_aware: ŝ=0.0046 -> cost=126 < pre_filter=458, post_filter=14384"
93,1.0,False,69.19749999360647,30054,10,planner,0.005,0.005,0.00457696297109127,uncorrelated,"predicate_aware: ŝ=0.0046 -> cost=126 < pre_filter=458, post_filter=14384"
94,1.0,False,65.17709999752697,30061,10,planner,0.005,0.005,0.00457696297109127,uncorrelated,"predicate_aware: ŝ=0.0046 -> cost=126 < pre_filter=458, post_filter=14384"
95,1.0,False,53.242099995259196,30074,10,planner,0.005,0.005,0.00457696297109127,uncorrelated,"predicate_aware: ŝ=0.0046 -> cost=126 < pre_filter=458, post_filter=14384"
96,1.0,False,47.756600004504435,30085,10,planner,0.005,0.005,0.00457696297109127,uncorrelated,"predicate_aware: ŝ=0.0046 -> cost=126 < pre_filter=458, post_filter=14384"
97,1.0,False,59.622699991450645,30067,10,planner,0.005,0.005,0.00457696297109127,uncorrelated,"predicate_aware: ŝ=0.0046 -> cost=126 < pre_filter=458, post_filter=14384"
98,1.0,False,76.25809998717159,30085,10,planner,0.005,0.005,0.00457696297109127,uncorrelated,"predicate_aware: ŝ=0.0046 -> cost=126 < pre_filter=458, post_filter=14384"
99,1.0,False,52.47330000565853,30076,10,planner,0.005,0.005,0.00457696297109127,uncorrelated,"predicate_aware: ŝ=0.0046 -> cost=126 < pre_filter=458, post_filter=14384"
100,1.0,False,58.55270000756718,30051,10,planner,0.005,0.005,0.00457696297109127,uncorrelated,"predicate_aware: ŝ=0.0046 -> cost=126 < pre_filter=458, post_filter=14384"
101,1.0,False,63.1779999966966,30076,10,planner,0.005,0.005,0.00457696297109127,uncorrelated,"predicate_aware: ŝ=0.0046 -> cost=126 < pre_filter=458, post_filter=14384"
102,1.0,False,56.012200002442114,30063,10,planner,0.005,0.005,0.00457696297109127,uncorrelated,"predicate_aware: ŝ=0.0046 -> cost=126 < pre_filter=458, post_filter=14384"
103,1.0,False,66.30809999478515,30086,10,planner,0.005,0.005,0.00457696297109127,uncorrelated,"predicate_aware: ŝ=0.0046 -> cost=126 < pre_filter=458, post_filter=14384"
104,1.0,False,68.75289999879897,30085,10,planner,0.005,0.005,0.00457696297109127,uncorrelated,"predicate_aware: ŝ=0.0046 -> cost=126 < pre_filter=458, post_filter=14384"
105,1.0,False,66.23379999655299,30103,10,planner,0.005,0.005,0.00457696297109127,uncorrelated,"predicate_aware: ŝ=0.0046 -> cost=126 < pre_filter=458, post_filter=14384"
106,1.0,False,74.35799999802839,30053,10,planner,0.005,0.005,0.00457696297109127,uncorrelated,"predicate_aware: ŝ=0.0046 -> cost=126 < pre_filter=458, post_filter=14384"
107,1.0,False,67.05310000688769,30098,10,planner,0.005,0.005,0.00457696297109127,uncorrelated,"predicate_aware: ŝ=0.0046 -> cost=126 < pre_filter=458, post_filter=14384"
108,1.0,False,87.39270000660326,30069,10,planner,0.005,0.005,0.00457696297109127,uncorrelated,"predicate_aware: ŝ=0.0046 -> cost=126 < pre_filter=458, post_filter=14384"
109,1.0,False,71.06870001007337,30108,10,planner,0.005,0.005,0.00457696297109127,uncorrelated,"predicate_aware: ŝ=0.0046 -> cost=126 < pre_filter=458, post_filter=14384"
110,1.0,False,76.40469999751076,30092,10,planner,0.005,0.005,0.00457696297109127,uncorrelated,"predicate_aware: ŝ=0.0046 -> cost=126 < pre_filter=458, post_filter=14384"
111,1.0,False,47.03380000137258,30048,10,planner,0.005,0.005,0.00457696297109127,uncorrelated,"predicate_aware: ŝ=0.0046 -> cost=126 < pre_filter=458, post_filter=14384"
112,1.0,False,68.16270000126678,30102,10,planner,0.005,0.005,0.00457696297109127,uncorrelated,"predicate_aware: ŝ=0.0046 -> cost=126 < pre_filter=458, post_filter=14384"
113,1.0,False,64.21790001331829,30095,10,planner,0.005,0.005,0.00457696297109127,uncorrelated,"predicate_aware: ŝ=0.0046 -> cost=126 < pre_filter=458, post_filter=14384"
114,1.0,False,62.54340001032688,30108,10,planner,0.005,0.005,0.00457696297109127,uncorrelated,"predicate_aware: ŝ=0.0046 -> cost=126 < pre_filter=458, post_filter=14384"
115,1.0,False,61.52770000335295,30067,10,planner,0.005,0.005,0.00457696297109127,uncorrelated,"predicate_aware: ŝ=0.0046 -> cost=126 < pre_filter=458, post_filter=14384"
116,1.0,False,83.42409999750089,30079,10,planner,0.005,0.005,0.00457696297109127,uncorrelated,"predicate_aware: ŝ=0.0046 -> cost=126 < pre_filter=458, post_filter=14384"
117,1.0,False,36.47790000832174,30082,10,planner,0.005,0.005,0.00457696297109127,uncorrelated,"predicate_aware: ŝ=0.0046 -> cost=126 < pre_filter=458, post_filter=14384"
118,1.0,False,52.9270999977598,30050,10,planner,0.005,0.005,0.00457696297109127,uncorrelated,"predicate_aware: ŝ=0.0046 -> cost=126 < pre_filter=458, post_filter=14384"
119,1.0,False,80.58140000503045,30117,10,planner,0.005,0.005,0.00457696297109127,uncorrelated,"predicate_aware: ŝ=0.0046 -> cost=126 < pre_filter=458, post_filter=14384"
120,1.0,False,63.55510000139475,30071,10,planner,0.005,0.005,0.00457696297109127,uncorrelated,"predicate_aware: ŝ=0.0046 -> cost=126 < pre_filter=458, post_filter=14384"
121,1.0,False,64.28459999733604,30068,10,planner,0.005,0.005,0.00457696297109127,uncorrelated,"predicate_aware: ŝ=0.0046 -> cost=126 < pre_filter=458, post_filter=14384"
122,1.0,False,38.82580000208691,30087,10,planner,0.005,0.005,0.00457696297109127,uncorrelated,"predicate_aware: ŝ=0.0046 -> cost=126 < pre_filter=458, post_filter=14384"
123,1.0,False,62.20400000165682,30064,10,planner,0.005,0.005,0.00457696297109127,uncorrelated,"predicate_aware: ŝ=0.0046 -> cost=126 < pre_filter=458, post_filter=14384"
124,1.0,False,53.37619999772869,30081,10,planner,0.005,0.005,0.00457696297109127,uncorrelated,"predicate_aware: ŝ=0.0046 -> cost=126 < pre_filter=458, post_filter=14384"
125,1.0,False,55.89779998990707,30105,10,planner,0.005,0.005,0.00457696297109127,uncorrelated,"predicate_aware: ŝ=0.0046 -> cost=126 < pre_filter=458, post_filter=14384"
126,1.0,False,50.091700002667494,30052,10,planner,0.005,0.005,0.00457696297109127,uncorrelated,"predicate_aware: ŝ=0.0046 -> cost=126 < pre_filter=458, post_filter=14384"
127,1.0,False,57.6396999967983,30063,10,planner,0.005,0.005,0.00457696297109127,uncorrelated,"predicate_aware: ŝ=0.0046 -> cost=126 < pre_filter=458, post_filter=14384"
128,1.0,False,57.221900002332404,30077,10,planner,0.005,0.005,0.00457696297109127,uncorrelated,"predicate_aware: ŝ=0.0046 -> cost=126 < pre_filter=458, post_filter=14384"
129,1.0,False,58.96160000702366,30067,10,planner,0.005,0.005,0.00457696297109127,uncorrelated,"predicate_aware: ŝ=0.0046 -> cost=126 < pre_filter=458, post_filter=14384"
130,1.0,False,44.836899993242696,30062,10,planner,0.005,0.005,0.00457696297109127,uncorrelated,"predicate_aware: ŝ=0.0046 -> cost=126 < pre_filter=458, post_filter=14384"
131,1.0,False,81.54990000184625,30064,10,planner,0.005,0.005,0.00457696297109127,uncorrelated,"predicate_aware: ŝ=0.0046 -> cost=126 < pre_filter=458, post_filter=14384"
132,1.0,False,58.189799994579516,30070,10,planner,0.005,0.005,0.00457696297109127,uncorrelated,"predicate_aware: ŝ=0.0046 -> cost=126 < pre_filter=458, post_filter=14384"
133,1.0,False,47.09320000256412,30079,10,planner,0.005,0.005,0.00457696297109127,uncorrelated,"predicate_aware: ŝ=0.0046 -> cost=126 < pre_filter=458, post_filter=14384"
134,1.0,False,82.31549999618437,30090,10,planner,0.005,0.005,0.00457696297109127,uncorrelated,"predicate_aware: ŝ=0.0046 -> cost=126 < pre_filter=458, post_filter=14384"
135,1.0,False,49.820600004750304,30088,10,planner,0.005,0.005,0.00457696297109127,uncorrelated,"predicate_aware: ŝ=0.0046 -> cost=126 < pre_filter=458, post_filter=14384"
136,1.0,False,46.558800007915124,30041,10,planner,0.005,0.005,0.00457696297109127,uncorrelated,"predicate_aware: ŝ=0.0046 -> cost=126 < pre_filter=458, post_filter=14384"
137,1.0,False,41.48479999275878,30069,10,planner,0.005,0.005,0.00457696297109127,uncorrelated,"predicate_aware: ŝ=0.0046 -> cost=126 < pre_filter=458, post_filter=14384"
138,1.0,False,62.795800011372194,30129,10,planner,0.005,0.005,0.00457696297109127,uncorrelated,"predicate_aware: ŝ=0.0046 -> cost=126 < pre_filter=458, post_filter=14384"
139,1.0,False,53.46250000002328,30052,10,planner,0.005,0.005,0.00457696297109127,uncorrelated,"predicate_aware: ŝ=0.0046 -> cost=126 < pre_filter=458, post_filter=14384"
140,1.0,False,57.243100003688596,30043,10,planner,0.005,0.005,0.00457696297109127,uncorrelated,"predicate_aware: ŝ=0.0046 -> cost=126 < pre_filter=458, post_filter=14384"
141,1.0,False,57.88110000139568,30075,10,planner,0.005,0.005,0.00457696297109127,uncorrelated,"predicate_aware: ŝ=0.0046 -> cost=126 < pre_filter=458, post_filter=14384"
142,1.0,False,51.21839999628719,30084,10,planner,0.005,0.005,0.00457696297109127,uncorrelated,"predicate_aware: ŝ=0.0046 -> cost=126 < pre_filter=458, post_filter=14384"
143,1.0,False,70.12680001207627,30062,10,planner,0.005,0.005,0.00457696297109127,uncorrelated,"predicate_aware: ŝ=0.0046 -> cost=126 < pre_filter=458, post_filter=14384"
144,1.0,False,58.13389999093488,30066,10,planner,0.005,0.005,0.00457696297109127,uncorrelated,"predicate_aware: ŝ=0.0046 -> cost=126 < pre_filter=458, post_filter=14384"
145,1.0,False,69.15120000485331,30058,10,planner,0.005,0.005,0.00457696297109127,uncorrelated,"predicate_aware: ŝ=0.0046 -> cost=126 < pre_filter=458, post_filter=14384"
146,1.0,False,55.93400000361726,30079,10,planner,0.005,0.005,0.00457696297109127,uncorrelated,"predicate_aware: ŝ=0.0046 -> cost=126 < pre_filter=458, post_filter=14384"
147,1.0,False,56.31879999418743,30067,10,planner,0.005,0.005,0.00457696297109127,uncorrelated,"predicate_aware: ŝ=0.0046 -> cost=126 < pre_filter=458, post_filter=14384"
148,1.0,False,63.703200008603744,30081,10,planner,0.005,0.005,0.00457696297109127,uncorrelated,"predicate_aware: ŝ=0.0046 -> cost=126 < pre_filter=458, post_filter=14384"
149,1.0,False,39.3571000022348,30046,10,planner,0.005,0.005,0.00457696297109127,uncorrelated,"predicate_aware: ŝ=0.0046 -> cost=126 < pre_filter=458, post_filter=14384"
150,1.0,False,46.479999989969656,30095,10,planner,0.005,0.005,0.00457696297109127,uncorrelated,"predicate_aware: ŝ=0.0046 -> cost=126 < pre_filter=458, post_filter=14384"
151,1.0,False,88.86509999865666,30040,10,planner,0.005,0.005,0.00457696297109127,uncorrelated,"predicate_aware: ŝ=0.0046 -> cost=126 < pre_filter=458, post_filter=14384"
152,1.0,False,61.66699998721015,30098,10,planner,0.005,0.005,0.00457696297109127,uncorrelated,"predicate_aware: ŝ=0.0046 -> cost=126 < pre_filter=458, post_filter=14384"
153,1.0,False,87.29680000396911,30051,10,planner,0.005,0.005,0.00457696297109127,uncorrelated,"predicate_aware: ŝ=0.0046 -> cost=126 < pre_filter=458, post_filter=14384"
154,1.0,False,55.695499991998076,30092,10,planner,0.005,0.005,0.00457696297109127,uncorrelated,"predicate_aware: ŝ=0.0046 -> cost=126 < pre_filter=458, post_filter=14384"
155,1.0,False,64.13549999706447,30056,10,planner,0.005,0.005,0.00457696297109127,uncorrelated,"predicate_aware: ŝ=0.0046 -> cost=126 < pre_filter=458, post_filter=14384"
156,1.0,False,58.06949999532662,30061,10,planner,0.005,0.005,0.00457696297109127,uncorrelated,"predicate_aware: ŝ=0.0046 -> cost=126 < pre_filter=458, post_filter=14384"
157,1.0,False,48.102400003699586,30078,10,planner,0.005,0.005,0.00457696297109127,uncorrelated,"predicate_aware: ŝ=0.0046 -> cost=126 < pre_filter=458, post_filter=14384"
158,1.0,False,59.55079999694135,30059,10,planner,0.005,0.005,0.00457696297109127,uncorrelated,"predicate_aware: ŝ=0.0046 -> cost=126 < pre_filter=458, post_filter=14384"
159,1.0,False,59.35110000427812,30053,10,planner,0.005,0.005,0.00457696297109127,uncorrelated,"predicate_aware: ŝ=0.0046 -> cost=126 < pre_filter=458, post_filter=14384"
160,1.0,False,62.20099999336526,30060,10,planner,0.005,0.005,0.00457696297109127,uncorrelated,"predicate_aware: ŝ=0.0046 -> cost=126 < pre_filter=458, post_filter=14384"
161,1.0,False,71.6336999903433,30085,10,planner,0.005,0.005,0.00457696297109127,uncorrelated,"predicate_aware: ŝ=0.0046 -> cost=126 < pre_filter=458, post_filter=14384"
162,1.0,False,49.51270000310615,30060,10,planner,0.005,0.005,0.00457696297109127,uncorrelated,"predicate_aware: ŝ=0.0046 -> cost=126 < pre_filter=458, post_filter=14384"
163,1.0,False,59.23139999504201,30070,10,planner,0.005,0.005,0.00457696297109127,uncorrelated,"predicate_aware: ŝ=0.0046 -> cost=126 < pre_filter=458, post_filter=14384"
164,1.0,False,59.169200001633726,30098,10,planner,0.005,0.005,0.00457696297109127,uncorrelated,"predicate_aware: ŝ=0.0046 -> cost=126 < pre_filter=458, post_filter=14384"
165,1.0,False,62.74439999833703,30074,10,planner,0.005,0.005,0.00457696297109127,uncorrelated,"predicate_aware: ŝ=0.0046 -> cost=126 < pre_filter=458, post_filter=14384"
166,1.0,False,63.13969999609981,30056,10,planner,0.005,0.005,0.00457696297109127,uncorrelated,"predicate_aware: ŝ=0.0046 -> cost=126 < pre_filter=458, post_filter=14384"
167,1.0,False,47.611400004825555,30070,10,planner,0.005,0.005,0.00457696297109127,uncorrelated,"predicate_aware: ŝ=0.0046 -> cost=126 < pre_filter=458, post_filter=14384"
168,1.0,False,62.39340000320226,30044,10,planner,0.005,0.005,0.00457696297109127,uncorrelated,"predicate_aware: ŝ=0.0046 -> cost=126 < pre_filter=458, post_filter=14384"
169,1.0,False,58.84519999381155,30105,10,planner,0.005,0.005,0.00457696297109127,uncorrelated,"predicate_aware: ŝ=0.0046 -> cost=126 < pre_filter=458, post_filter=14384"
170,1.0,False,59.85309999960009,30074,10,planner,0.005,0.005,0.00457696297109127,uncorrelated,"predicate_aware: ŝ=0.0046 -> cost=126 < pre_filter=458, post_filter=14384"
171,1.0,False,58.10680000286084,30094,10,planner,0.005,0.005,0.00457696297109127,uncorrelated,"predicate_aware: ŝ=0.0046 -> cost=126 < pre_filter=458, post_filter=14384"
172,1.0,False,49.41210000833962,30076,10,planner,0.005,0.005,0.00457696297109127,uncorrelated,"predicate_aware: ŝ=0.0046 -> cost=126 < pre_filter=458, post_filter=14384"
173,1.0,False,51.83039999974426,30081,10,planner,0.005,0.005,0.00457696297109127,uncorrelated,"predicate_aware: ŝ=0.0046 -> cost=126 < pre_filter=458, post_filter=14384"
174,1.0,False,60.8349999965867,30056,10,planner,0.005,0.005,0.00457696297109127,uncorrelated,"predicate_aware: ŝ=0.0046 -> cost=126 < pre_filter=458, post_filter=14384"
175,1.0,False,56.20420000923332,30070,10,planner,0.005,0.005,0.00457696297109127,uncorrelated,"predicate_aware: ŝ=0.0046 -> cost=126 < pre_filter=458, post_filter=14384"
176,1.0,False,53.08539999532513,30070,10,planner,0.005,0.005,0.00457696297109127,uncorrelated,"predicate_aware: ŝ=0.0046 -> cost=126 < pre_filter=458, post_filter=14384"
177,1.0,False,61.62680000124965,30107,10,planner,0.005,0.005,0.00457696297109127,uncorrelated,"predicate_aware: ŝ=0.0046 -> cost=126 < pre_filter=458, post_filter=14384"
178,1.0,False,56.774399999994785,30058,10,planner,0.005,0.005,0.00457696297109127,uncorrelated,"predicate_aware: ŝ=0.0046 -> cost=126 < pre_filter=458, post_filter=14384"
179,1.0,False,53.17319999448955,30100,10,planner,0.005,0.005,0.00457696297109127,uncorrelated,"predicate_aware: ŝ=0.0046 -> cost=126 < pre_filter=458, post_filter=14384"
180,1.0,False,65.59689999266993,30063,10,planner,0.005,0.005,0.00457696297109127,uncorrelated,"predicate_aware: ŝ=0.0046 -> cost=126 < pre_filter=458, post_filter=14384"
181,1.0,False,46.33900000771973,30082,10,planner,0.005,0.005,0.00457696297109127,uncorrelated,"predicate_aware: ŝ=0.0046 -> cost=126 < pre_filter=458, post_filter=14384"
182,1.0,False,67.09280000359286,30052,10,planner,0.005,0.005,0.00457696297109127,uncorrelated,"predicate_aware: ŝ=0.0046 -> cost=126 < pre_filter=458, post_filter=14384"
183,1.0,False,62.40889999025967,30070,10,planner,0.005,0.005,0.00457696297109127,uncorrelated,"predicate_aware: ŝ=0.0046 -> cost=126 < pre_filter=458, post_filter=14384"
184,1.0,False,64.17669999063946,30076,10,planner,0.005,0.005,0.00457696297109127,uncorrelated,"predicate_aware: ŝ=0.0046 -> cost=126 < pre_filter=458, post_filter=14384"
185,1.0,False,78.70670000556856,30084,10,planner,0.005,0.005,0.00457696297109127,uncorrelated,"predicate_aware: ŝ=0.0046 -> cost=126 < pre_filter=458, post_filter=14384"
186,1.0,False,58.44720000459347,30082,10,planner,0.005,0.005,0.00457696297109127,uncorrelated,"predicate_aware: ŝ=0.0046 -> cost=126 < pre_filter=458, post_filter=14384"
187,1.0,False,52.803500002482906,30072,10,planner,0.005,0.005,0.00457696297109127,uncorrelated,"predicate_aware: ŝ=0.0046 -> cost=126 < pre_filter=458, post_filter=14384"
188,1.0,False,51.90610000863671,30067,10,planner,0.005,0.005,0.00457696297109127,uncorrelated,"predicate_aware: ŝ=0.0046 -> cost=126 < pre_filter=458, post_filter=14384"
189,1.0,False,42.83120000036433,30075,10,planner,0.005,0.005,0.00457696297109127,uncorrelated,"predicate_aware: ŝ=0.0046 -> cost=126 < pre_filter=458, post_filter=14384"
190,1.0,False,49.62740000337362,30064,10,planner,0.005,0.005,0.00457696297109127,uncorrelated,"predicate_aware: ŝ=0.0046 -> cost=126 < pre_filter=458, post_filter=14384"
191,1.0,False,51.34839999664109,30061,10,planner,0.005,0.005,0.00457696297109127,uncorrelated,"predicate_aware: ŝ=0.0046 -> cost=126 < pre_filter=458, post_filter=14384"
192,1.0,False,47.63909999746829,30093,10,planner,0.005,0.005,0.00457696297109127,uncorrelated,"predicate_aware: ŝ=0.0046 -> cost=126 < pre_filter=458, post_filter=14384"
193,1.0,False,80.72220000030939,30089,10,planner,0.005,0.005,0.00457696297109127,uncorrelated,"predicate_aware: ŝ=0.0046 -> cost=126 < pre_filter=458, post_filter=14384"
194,1.0,False,43.691700004274026,30082,10,planner,0.005,0.005,0.00457696297109127,uncorrelated,"predicate_aware: ŝ=0.0046 -> cost=126 < pre_filter=458, post_filter=14384"
195,1.0,False,45.569499998237006,30051,10,planner,0.005,0.005,0.00457696297109127,uncorrelated,"predicate_aware: ŝ=0.0046 -> cost=126 < pre_filter=458, post_filter=14384"
196,1.0,False,45.69640000408981,30082,10,planner,0.005,0.005,0.00457696297109127,uncorrelated,"predicate_aware: ŝ=0.0046 -> cost=126 < pre_filter=458, post_filter=14384"
197,1.0,False,61.316299994359724,30067,10,planner,0.005,0.005,0.00457696297109127,uncorrelated,"predicate_aware: ŝ=0.0046 -> cost=126 < pre_filter=458, post_filter=14384"
198,1.0,False,82.67799999157432,30111,10,planner,0.005,0.005,0.00457696297109127,uncorrelated,"predicate_aware: ŝ=0.0046 -> cost=126 < pre_filter=458, post_filter=14384"
199,1.0,False,40.84339999826625,30072,10,planner,0.005,0.005,0.00457696297109127,uncorrelated,"predicate_aware: ŝ=0.0046 -> cost=126 < pre_filter=458, post_filter=14384"
20,1.0,False,0.06960000609979033,1000,10,pre_filter,0.01,0.01,0.009513340238928795,uncorrelated,
21,1.0,False,0.06989999383222312,1000,10,pre_filter,0.01,0.01,0.009513340238928795,uncorrelated,
22,1.0,False,0.07029999687802047,1000,10,pre_filter,0.01,0.01,0.009513340238928795,uncorrelated,
23,1.0,False,0.069500005338341,1000,10,pre_filter,0.01,0.01,0.009513340238928795,uncorrelated,
24,1.0,False,0.06960000609979033,1000,10,pre_filter,0.01,0.01,0.009513340238928795,uncorrelated,
25,1.0,False,0.06890000076964498,1000,10,pre_filter,0.01,0.01,0.009513340238928795,uncorrelated,
26,1.0,False,0.06920000305399299,1000,10,pre_filter,0.01,0.01,0.009513340238928795,uncorrelated,
27,1.0,False,0.06910000229254365,1000,10,pre_filter,0.01,0.01,0.009513340238928795,uncorrelated,
28,1.0,False,0.08000001253094524,1000,10,pre_filter,0.01,0.01,0.009513340238928795,uncorrelated,
29,1.0,False,0.06969999230932444,1000,10,pre_filter,0.01,0.01,0.009513340238928795,uncorrelated,
30,1.0,False,0.06940000457689166,1000,10,pre_filter,0.01,0.01,0.009513340238928795,uncorrelated,
31,1.0,False,0.0686999992467463,1000,10,pre_filter,0.01,0.01,0.009513340238928795,uncorrelated,
32,1.0,False,0.06930000381544232,1000,10,pre_filter,0.01,0.01,0.009513340238928795,uncorrelated,
33,1.0,False,0.07090000144671649,1000,10,pre_filter,0.01,0.01,0.009513340238928795,uncorrelated,
34,1.0,False,0.07130000449251384,1000,10,pre_filter,0.01,0.01,0.009513340238928795,uncorrelated,
35,1.0,False,0.07190000906120986,1000,10,pre_filter,0.01,0.01,0.009513340238928795,uncorrelated,
36,1.0,False,0.07190000906120986,1000,10,pre_filter,0.01,0.01,0.009513340238928795,uncorrelated,
37,1.0,False,0.07000000914558768,1000,10,pre_filter,0.01,0.01,0.009513340238928795,uncorrelated,
38,1.0,False,0.06990000838413835,1000,10,pre_filter,0.01,0.01,0.009513340238928795,uncorrelated,
39,1.0,False,0.06910000229254365,1000,10,pre_filter,0.01,0.01,0.009513340238928795,uncorrelated,
40,1.0,False,0.06839999696239829,1000,10,pre_filter,0.01,0.01,0.009513340238928795,uncorrelated,
41,1.0,False,0.06900000153109431,1000,10,pre_filter,0.01,0.01,0.009513340238928795,uncorrelated,
42,1.0,False,0.06790000770706683,1000,10,pre_filter,0.01,0.01,0.009513340238928795,uncorrelated,
43,1.0,False,0.0678000069456175,1000,10,pre_filter,0.01,0.01,0.009513340238928795,uncorrelated,
44,1.0,False,0.0686999992467463,1000,10,pre_filter,0.01,0.01,0.009513340238928795,uncorrelated,
45,1.0,False,0.07009999535512179,1000,10,pre_filter,0.01,0.01,0.009513340238928795,uncorrelated,
46,1.0,False,0.06920000305399299,1000,10,pre_filter,0.01,0.01,0.009513340238928795,uncorrelated,
47,1.0,False,0.06810000922996551,1000,10,pre_filter,0.01,0.01,0.009513340238928795,uncorrelated,
48,1.0,False,0.06750000466126949,1000,10,pre_filter,0.01,0.01,0.009513340238928795,uncorrelated,
49,1.0,False,0.06829999620094895,1000,10,pre_filter,0.01,0.01,0.009513340238928795,uncorrelated,
50,1.0,False,0.06910000229254365,1000,10,pre_filter,0.01,0.01,0.009513340238928795,uncorrelated,
51,1.0,False,0.0686999992467463,1000,10,pre_filter,0.01,0.01,0.009513340238928795,uncorrelated,
52,1.0,False,0.07029999687802047,1000,10,pre_filter,0.01,0.01,0.009513340238928795,uncorrelated,
53,1.0,False,0.07059999916236848,1000,10,pre_filter,0.01,0.01,0.009513340238928795,uncorrelated,
54,1.0,False,0.07059999916236848,1000,10,pre_filter,0.01,0.01,0.009513340238928795,uncorrelated,
55,1.0,False,0.07979999645613134,1000,10,pre_filter,0.01,0.01,0.009513340238928795,uncorrelated,
56,1.0,False,0.06890000076964498,1000,10,pre_filter,0.01,0.01,0.009513340238928795,uncorrelated,
57,1.0,False,0.069500005338341,1000,10,pre_filter,0.01,0.01,0.009513340238928795,uncorrelated,
58,1.0,False,0.06839999696239829,1000,10,pre_filter,0.01,0.01,0.009513340238928795,uncorrelated,
59,1.0,False,0.06970000686123967,1000,10,pre_filter,0.01,0.01,0.009513340238928795,uncorrelated,
60,1.0,False,0.0692999892635271,1000,10,pre_filter,0.01,0.01,0.009513340238928795,uncorrelated,
61,1.0,False,0.06969999230932444,1000,10,pre_filter,0.01,0.01,0.009513340238928795,uncorrelated,
62,1.0,False,0.07059999916236848,1000,10,pre_filter,0.01,0.01,0.009513340238928795,uncorrelated,
63,1.0,False,0.06599999323952943,1000,10,pre_filter,0.01,0.01,0.009513340238928795,uncorrelated,
64,1.0,False,0.08009999874047935,1000,10,pre_filter,0.01,0.01,0.009513340238928795,uncorrelated,
65,1.0,False,0.07480000203941017,1000,10,pre_filter,0.01,0.01,0.009513340238928795,uncorrelated,
66,1.0,False,0.07199999527074397,1000,10,pre_filter,0.01,0.01,0.009513340238928795,uncorrelated,
67,1.0,False,0.06839999696239829,1000,10,pre_filter,0.01,0.01,0.009513340238928795,uncorrelated,
68,1.0,False,0.06910000229254365,1000,10,pre_filter,0.01,0.01,0.009513340238928795,uncorrelated,
69,1.0,False,0.06770000618416816,1000,10,pre_filter,0.01,0.01,0.009513340238928795,uncorrelated,
70,1.0,False,0.06849999772384763,1000,10,pre_filter,0.01,0.01,0.009513340238928795,uncorrelated,
71,1.0,False,0.06660001236014068,1000,10,pre_filter,0.01,0.01,0.009513340238928795,uncorrelated,
72,1.0,False,0.06790000770706683,1000,10,pre_filter,0.01,0.01,0.009513340238928795,uncorrelated,
73,1.0,False,0.06729998858645558,1000,10,pre_filter,0.01,0.01,0.009513340238928795,uncorrelated,
74,1.0,False,0.06740000389982015,1000,10,pre_filter,0.01,0.01,0.009513340238928795,uncorrelated,
75,1.0,False,0.06639999628532678,1000,10,pre_filter,0.01,0.01,0.009513340238928795,uncorrelated,
76,1.0,False,0.06740000389982015,1000,10,pre_filter,0.01,0.01,0.009513340238928795,uncorrelated,
77,1.0,False,0.07329999061767012,1000,10,pre_filter,0.01,0.01,0.009513340238928795,uncorrelated,
78,1.0,False,0.083099992480129,1000,10,pre_filter,0.01,0.01,0.009513340238928795,uncorrelated,
79,1.0,False,0.0692999892635271,1000,10,pre_filter,0.01,0.01,0.009513340238928795,uncorrelated,
80,1.0,False,0.06979999307077378,1000,10,pre_filter,0.01,0.01,0.009513340238928795,uncorrelated,
81,1.0,False,0.06910000229254365,1000,10,pre_filter,0.01,0.01,0.009513340238928795,uncorrelated,
82,1.0,False,0.0678999931551516,1000,10,pre_filter,0.01,0.01,0.009513340238928795,uncorrelated,
83,1.0,False,0.0675999908708036,1000,10,pre_filter,0.01,0.01,0.009513340238928795,uncorrelated,
84,1.0,False,0.066100008552894,1000,10,pre_filter,0.01,0.01,0.009513340238928795,uncorrelated,
85,1.0,False,0.06690000009257346,1000,10,pre_filter,0.01,0.01,0.009513340238928795,uncorrelated,
86,1.0,False,0.06720000237692147,1000,10,pre_filter,0.01,0.01,0.009513340238928795,uncorrelated,
87,1.0,False,0.06529998790938407,1000,10,pre_filter,0.01,0.01,0.009513340238928795,uncorrelated,
88,1.0,False,0.06839999696239829,1000,10,pre_filter,0.01,0.01,0.009513340238928795,uncorrelated,
89,1.0,False,0.06790000770706683,1000,10,pre_filter,0.01,0.01,0.009513340238928795,uncorrelated,
90,1.0,False,0.06640001083724201,1000,10,pre_filter,0.01,0.01,0.009513340238928795,uncorrelated,
91,1.0,False,0.06620000931434333,1000,10,pre_filter,0.01,0.01,0.009513340238928795,uncorrelated,
92,1.0,False,0.06660001236014068,1000,10,pre_filter,0.01,0.01,0.009513340238928795,uncorrelated,
93,1.0,False,0.06640001083724201,1000,10,pre_filter,0.01,0.01,0.009513340238928795,uncorrelated,
94,1.0,False,0.06570000550709665,1000,10,pre_filter,0.01,0.01,0.009513340238928795,uncorrelated,
95,1.0,False,0.06659999780822545,1000,10,pre_filter,0.01,0.01,0.009513340238928795,uncorrelated,
96,1.0,False,0.06609999400097877,1000,10,pre_filter,0.01,0.01,0.009513340238928795,uncorrelated,
97,1.0,False,0.06690000009257346,1000,10,pre_filter,0.01,0.01,0.009513340238928795,uncorrelated,
98,1.0,False,0.06669999856967479,1000,10,pre_filter,0.01,0.01,0.009513340238928795,uncorrelated,
99,1.0,False,0.07939999341033399,1000,10,pre_filter,0.01,0.01,0.009513340238928795,uncorrelated,
100,1.0,False,0.07429999823216349,1000,10,pre_filter,0.01,0.01,0.009513340238928795,uncorrelated,
101,1.0,False,0.06989999383222312,1000,10,pre_filter,0.01,0.01,0.009513340238928795,uncorrelated,
102,1.0,False,0.08079998951870948,1000,10,pre_filter,0.01,0.01,0.009513340238928795,uncorrelated,
103,1.0,False,0.0703999976394698,1000,10,pre_filter,0.01,0.01,0.009513340238928795,uncorrelated,
104,1.0,False,0.06790000770706683,1000,10,pre_filter,0.01,0.01,0.009513340238928795,uncorrelated,
105,1.0,False,0.06890000076964498,1000,10,pre_filter,0.01,0.01,0.009513340238928795,uncorrelated,
106,1.0,False,0.0678000069456175,1000,10,pre_filter,0.01,0.01,0.009513340238928795,uncorrelated,
107,1.0,False,0.06739998934790492,1000,10,pre_filter,0.01,0.01,0.009513340238928795,uncorrelated,
108,1.0,False,0.06800000846851617,1000,10,pre_filter,0.01,0.01,0.009513340238928795,uncorrelated,
109,1.0,False,0.06790000770706683,1000,10,pre_filter,0.01,0.01,0.009513340238928795,uncorrelated,
110,1.0,False,0.06749999010935426,1000,10,pre_filter,0.01,0.01,0.009513340238928795,uncorrelated,
111,1.0,False,0.06629999552387744,1000,10,pre_filter,0.01,0.01,0.009513340238928795,uncorrelated,
112,1.0,False,0.06720000237692147,1000,10,pre_filter,0.01,0.01,0.009513340238928795,uncorrelated,
113,1.0,False,0.06719998782500625,1000,10,pre_filter,0.01,0.01,0.009513340238928795,uncorrelated,
114,1.0,False,0.06639999628532678,1000,10,pre_filter,0.01,0.01,0.009513340238928795,uncorrelated,
115,1.0,False,0.06800000846851617,1000,10,pre_filter,0.01,0.01,0.009513340238928795,uncorrelated,
116,1.0,False,0.0670000008540228,1000,10,pre_filter,0.01,0.01,0.009513340238928795,uncorrelated,
117,1.0,False,0.06560000474564731,1000,10,pre_filter,0.01,0.01,0.009513340238928795,uncorrelated,
118,1.0,False,0.0670000008540228,1000,10,pre_filter,0.01,0.01,0.009513340238928795,uncorrelated,
119,1.0,False,0.06840001151431352,1000,10,pre_filter,0.01,0.01,0.009513340238928795,uncorrelated,
120,1.0,False,0.06810000922996551,1000,10,pre_filter,0.01,0.01,0.009513340238928795,uncorrelated,
121,1.0,False,0.06899998697917908,1000,10,pre_filter,0.01,0.01,0.009513340238928795,uncorrelated,
122,1.0,False,0.06819999543949962,1000,10,pre_filter,0.01,0.01,0.009513340238928795,uncorrelated,
123,1.0,False,0.0678999931551516,1000,10,pre_filter,0.01,0.01,0.009513340238928795,uncorrelated,
124,1.0,False,0.06800000846851617,1000,10,pre_filter,0.01,0.01,0.009513340238928795,uncorrelated,
125,1.0,False,0.0678999931551516,1000,10,pre_filter,0.01,0.01,0.009513340238928795,uncorrelated,
126,1.0,False,0.06769999163225293,1000,10,pre_filter,0.01,0.01,0.009513340238928795,uncorrelated,
127,1.0,False,0.06740000389982015,1000,10,pre_filter,0.01,0.01,0.009513340238928795,uncorrelated,
128,1.0,False,0.06669999856967479,1000,10,pre_filter,0.01,0.01,0.009513340238928795,uncorrelated,
129,1.0,False,0.07340000593103468,1000,10,pre_filter,0.01,0.01,0.009513340238928795,uncorrelated,
130,1.0,False,0.07029999687802047,1000,10,pre_filter,0.01,0.01,0.009513340238928795,uncorrelated,
131,1.0,False,0.06690000009257346,1000,10,pre_filter,0.01,0.01,0.009513340238928795,uncorrelated,
132,1.0,False,0.0675999908708036,1000,10,pre_filter,0.01,0.01,0.009513340238928795,uncorrelated,
133,1.0,False,0.06669999856967479,1000,10,pre_filter,0.01,0.01,0.009513340238928795,uncorrelated,
134,1.0,False,0.06649999704677612,1000,10,pre_filter,0.01,0.01,0.009513340238928795,uncorrelated,
135,1.0,False,0.06590000702999532,1000,10,pre_filter,0.01,0.01,0.009513340238928795,uncorrelated,
136,1.0,False,0.06549998943228275,1000,10,pre_filter,0.01,0.01,0.009513340238928795,uncorrelated,
137,1.0,False,0.06859999848529696,1000,10,pre_filter,0.01,0.01,0.009513340238928795,uncorrelated,
138,1.0,False,0.07000000914558768,1000,10,pre_filter,0.01,0.01,0.009513340238928795,uncorrelated,
139,1.0,False,0.06859999848529696,1000,10,pre_filter,0.01,0.01,0.009513340238928795,uncorrelated,
140,1.0,False,0.06859999848529696,1000,10,pre_filter,0.01,0.01,0.009513340238928795,uncorrelated,
141,1.0,False,0.06920000305399299,1000,10,pre_filter,0.01,0.01,0.009513340238928795,uncorrelated,
142,1.0,False,0.12270000297576189,1000,10,pre_filter,0.01,0.01,0.009513340238928795,uncorrelated,
143,1.0,False,0.07049999840091914,1000,10,pre_filter,0.01,0.01,0.009513340238928795,uncorrelated,
144,1.0,False,0.06839999696239829,1000,10,pre_filter,0.01,0.01,0.009513340238928795,uncorrelated,
145,1.0,False,0.0675999908708036,1000,10,pre_filter,0.01,0.01,0.009513340238928795,uncorrelated,
146,1.0,False,0.06609999400097877,1000,10,pre_filter,0.01,0.01,0.009513340238928795,uncorrelated,
147,1.0,False,0.06849999772384763,1000,10,pre_filter,0.01,0.01,0.009513340238928795,uncorrelated,
148,1.0,False,0.06770000618416816,1000,10,pre_filter,0.01,0.01,0.009513340238928795,uncorrelated,
149,1.0,False,0.06639999628532678,1000,10,pre_filter,0.01,0.01,0.009513340238928795,uncorrelated,
150,1.0,False,0.06649999704677612,1000,10,pre_filter,0.01,0.01,0.009513340238928795,uncorrelated,
151,1.0,False,0.06829999620094895,1000,10,pre_filter,0.01,0.01,0.009513340238928795,uncorrelated,
152,1.0,False,0.06639999628532678,1000,10,pre_filter,0.01,0.01,0.009513340238928795,uncorrelated,
153,1.0,False,0.07769999501761049,1000,10,pre_filter,0.01,0.01,0.009513340238928795,uncorrelated,
154,1.0,False,0.07180000829976052,1000,10,pre_filter,0.01,0.01,0.009513340238928795,uncorrelated,
155,1.0,False,0.0703999976394698,1000,10,pre_filter,0.01,0.01,0.009513340238928795,uncorrelated,
156,1.0,False,0.07470000127796084,1000,10,pre_filter,0.01,0.01,0.009513340238928795,uncorrelated,
157,1.0,False,0.07840000034775585,1000,10,pre_filter,0.01,0.01,0.009513340238928795,uncorrelated,
158,1.0,False,0.07419999747071415,1000,10,pre_filter,0.01,0.01,0.009513340238928795,uncorrelated,
159,1.0,False,0.07429999823216349,1000,10,pre_filter,0.01,0.01,0.009513340238928795,uncorrelated,
160,1.0,False,0.07049999840091914,1000,10,pre_filter,0.01,0.01,0.009513340238928795,uncorrelated,
161,1.0,False,0.07489998824894428,1000,10,pre_filter,0.01,0.01,0.009513340238928795,uncorrelated,
162,1.0,False,0.069500005338341,1000,10,pre_filter,0.01,0.01,0.009513340238928795,uncorrelated,
163,1.0,False,0.06690000009257346,1000,10,pre_filter,0.01,0.01,0.009513340238928795,uncorrelated,
164,1.0,False,0.06740000389982015,1000,10,pre_filter,0.01,0.01,0.009513340238928795,uncorrelated,
165,1.0,False,0.06740000389982015,1000,10,pre_filter,0.01,0.01,0.009513340238928795,uncorrelated,
166,1.0,False,0.06830001075286418,1000,10,pre_filter,0.01,0.01,0.009513340238928795,uncorrelated,
167,1.0,False,0.06760000542271882,1000,10,pre_filter,0.01,0.01,0.009513340238928795,uncorrelated,
168,1.0,False,0.06739998934790492,1000,10,pre_filter,0.01,0.01,0.009513340238928795,uncorrelated,
169,1.0,False,0.0706000137142837,1000,10,pre_filter,0.01,0.01,0.009513340238928795,uncorrelated,
170,1.0,False,0.07660000119358301,1000,10,pre_filter,0.01,0.01,0.009513340238928795,uncorrelated,
171,1.0,False,0.07789999654050916,1000,10,pre_filter,0.01,0.01,0.009513340238928795,uncorrelated,
172,1.0,False,0.07680000271648169,1000,10,pre_filter,0.01,0.01,0.009513340238928795,uncorrelated,
173,1.0,False,0.07619999814778566,1000,10,pre_filter,0.01,0.01,0.009513340238928795,uncorrelated,
174,1.0,False,0.07590001041535288,1000,10,pre_filter,0.01,0.01,0.009513340238928795,uncorrelated,
175,1.0,False,0.07670000195503235,1000,10,pre_filter,0.01,0.01,0.009513340238928795,uncorrelated,
176,1.0,False,0.07559999357908964,1000,10,pre_filter,0.01,0.01,0.009513340238928795,uncorrelated,
177,1.0,False,0.07650000043213367,1000,10,pre_filter,0.01,0.01,0.009513340238928795,uncorrelated,
178,1.0,False,0.08349999552592635,1000,10,pre_filter,0.01,0.01,0.009513340238928795,uncorrelated,
179,1.0,False,0.07700000423938036,1000,10,pre_filter,0.01,0.01,0.009513340238928795,uncorrelated,
180,1.0,False,0.07000000914558768,1000,10,pre_filter,0.01,0.01,0.009513340238928795,uncorrelated,
181,1.0,False,0.07010000990703702,1000,10,pre_filter,0.01,0.01,0.009513340238928795,uncorrelated,
182,1.0,False,0.13619998935610056,1000,10,pre_filter,0.01,0.01,0.009513340238928795,uncorrelated,
183,1.0,False,0.12369999603834003,1000,10,pre_filter,0.01,0.01,0.009513340238928795,uncorrelated,
184,1.0,False,0.12010001228190958,1000,10,pre_filter,0.01,0.01,0.009513340238928795,uncorrelated,
185,1.0,False,0.11789999553002417,1000,10,pre_filter,0.01,0.01,0.009513340238928795,uncorrelated,
186,1.0,False,0.08439998782705516,1000,10,pre_filter,0.01,0.01,0.009513340238928795,uncorrelated,
187,1.0,False,0.07520000508520752,1000,10,pre_filter,0.01,0.01,0.009513340238928795,uncorrelated,
188,1.0,False,0.07280000136233866,1000,10,pre_filter,0.01,0.01,0.009513340238928795,uncorrelated,
189,1.0,False,0.07559999357908964,1000,10,pre_filter,0.01,0.01,0.009513340238928795,uncorrelated,
190,1.0,False,0.08240000170189887,1000,10,pre_filter,0.01,0.01,0.009513340238928795,uncorrelated,
191,1.0,False,0.10659999679774046,1000,10,pre_filter,0.01,0.01,0.009513340238928795,uncorrelated,
192,1.0,False,0.10829999519046396,1000,10,pre_filter,0.01,0.01,0.009513340238928795,uncorrelated,
193,1.0,False,0.08110000635497272,1000,10,pre_filter,0.01,0.01,0.009513340238928795,uncorrelated,
194,1.0,False,0.06989999383222312,1000,10,pre_filter,0.01,0.01,0.009513340238928795,uncorrelated,
195,1.0,False,0.06770000618416816,1000,10,pre_filter,0.01,0.01,0.009513340238928795,uncorrelated,
196,1.0,False,0.06830001075286418,1000,10,pre_filter,0.01,0.01,0.009513340238928795,uncorrelated,
197,1.0,False,0.06920000305399299,1000,10,pre_filter,0.01,0.01,0.009513340238928795,uncorrelated,
198,1.0,False,0.06979999307077378,1000,10,pre_filter,0.01,0.01,0.009513340238928795,uncorrelated,
199,1.0,False,0.06779999239370227,1000,10,pre_filter,0.01,0.01,0.009513340238928795,uncorrelated,
20,1.0,False,40.324000001419336,12740,10,post_filter,0.01,0.01,0.009513340238928795,uncorrelated,
21,1.0,False,46.467699998174794,17713,10,post_filter,0.01,0.01,0.009513340238928795,uncorrelated,
22,1.0,False,45.08700000587851,15965,10,post_filter,0.01,0.01,0.009513340238928795,uncorrelated,
23,1.0,False,44.587399999727495,16934,10,post_filter,0.01,0.01,0.009513340238928795,uncorrelated,
24,1.0,False,49.50960000860505,18690,10,post_filter,0.01,0.01,0.009513340238928795,uncorrelated,
25,1.0,False,53.27599999145605,19929,10,post_filter,0.01,0.01,0.009513340238928795,uncorrelated,
26,1.0,False,49.14600000483915,19015,10,post_filter,0.01,0.01,0.009513340238928795,uncorrelated,
27,1.0,False,54.08339999848977,18715,10,post_filter,0.01,0.01,0.009513340238928795,uncorrelated,
28,1.0,False,49.66170000261627,19387,10,post_filter,0.01,0.01,0.009513340238928795,uncorrelated,
29,1.0,False,42.53669999889098,13179,10,post_filter,0.01,0.01,0.009513340238928795,uncorrelated,
30,1.0,False,44.749799999408424,18173,10,post_filter,0.01,0.01,0.009513340238928795,uncorrelated,
31,1.0,False,49.79639999510255,21895,10,post_filter,0.01,0.01,0.009513340238928795,uncorrelated,
32,1.0,False,48.883900002692826,20310,10,post_filter,0.01,0.01,0.009513340238928795,uncorrelated,
33,1.0,False,47.349900007247925,19111,10,post_filter,0.01,0.01,0.009513340238928795,uncorrelated,
34,1.0,False,49.937499992665835,20706,10,post_filter,0.01,0.01,0.009513340238928795,uncorrelated,
35,1.0,False,48.7037999992026,21294,10,post_filter,0.01,0.01,0.009513340238928795,uncorrelated,
36,1.0,False,50.3626000136137,21983,10,post_filter,0.01,0.01,0.009513340238928795,uncorrelated,
37,1.0,False,45.38949999550823,17831,10,post_filter,0.01,0.01,0.009513340238928795,uncorrelated,
38,1.0,False,51.04869999922812,21400,10,post_filter,0.01,0.01,0.009513340238928795,uncorrelated,
39,1.0,False,38.74109999742359,12015,10,post_filter,0.01,0.01,0.009513340238928795,uncorrelated,
40,1.0,False,49.769300007028505,22690,10,post_filter,0.01,0.01,0.009513340238928795,uncorrelated,
41,1.0,False,41.03259999828879,13310,10,post_filter,0.01,0.01,0.009513340238928795,uncorrelated,
42,1.0,False,47.22199999378063,19483,10,post_filter,0.01,0.01,0.009513340238928795,uncorrelated,
43,1.0,False,49.62370000430383,22345,10,post_filter,0.01,0.01,0.009513340238928795,uncorrelated,
44,1.0,False,43.55570000188891,15647,10,post_filter,0.01,0.01,0.009513340238928795,uncorrelated,
45,1.0,False,47.885599997243844,18193,10,post_filter,0.01,0.01,0.009513340238928795,uncorrelated,
46,1.0,False,42.90809998929035,14022,10,post_filter,0.01,0.01,0.009513340238928795,uncorrelated,
47,1.0,False,50.37939999601804,23083,10,post_filter,0.01,0.01,0.009513340238928795,uncorrelated,
48,1.0,False,48.86290000285953,20657,10,post_filter,0.01,0.01,0.009513340238928795,uncorrelated,
49,1.0,False,53.46940000890754,17703,10,post_filter,0.01,0.01,0.009513340238928795,uncorrelated,
50,1.0,False,50.16790000081528,20821,10,post_filter,0.01,0.01,0.009513340238928795,uncorrelated,
51,1.0,False,39.59020000183955,13529,10,post_filter,0.01,0.01,0.009513340238928795,uncorrelated,
52,1.0,False,48.57480000646319,18516,10,post_filter,0.01,0.01,0.009513340238928795,uncorrelated,
53,1.0,False,49.74239999137353,19549,10,post_filter,0.01,0.01,0.009513340238928795,uncorrelated,
54,1.0,False,40.58830000576563,11709,10,post_filter,0.01,0.01,0.009513340238928795,uncorrelated,
55,1.0,False,43.73950000444893,13485,10,post_filter,0.01,0.01,0.009513340238928795,uncorrelated,
56,1.0,False,43.45140000805259,16328,10,post_filter,0.01,0.01,0.009513340238928795,uncorrelated,
57,1.0,False,49.81670000415761,19046,10,post_filter,0.01,0.01,0.009513340238928795,uncorrelated,
58,1.0,False,53.87059999338817,23199,10,post_filter,0.01,0.01,0.009513340238928795,uncorrelated,
59,1.0,False,42.38149999582674,12107,10,post_filter,0.01,0.01,0.009513340238928795,uncorrelated,
60,1.0,False,51.209400000516325,20669,10,post_filter,0.01,0.01,0.009513340238928795,uncorrelated,
61,1.0,False,46.82050000701565,16678,10,post_filter,0.01,0.01,0.009513340238928795,uncorrelated,
62,1.0,False,41.39579999900889,12224,10,post_filter,0.01,0.01,0.009513340238928795,uncorrelated,
63,1.0,False,48.33099999814294,13321,10,post_filter,0.01,0.01,0.009513340238928795,uncorrelated,
64,1.0,False,47.86999999487307,15048,10,post_filter,0.01,0.01,0.009513340238928795,uncorrelated,
65,1.0,False,40.61909999290947,12929,10,post_filter,0.01,0.01,0.009513340238928795,uncorrelated,
66,1.0,False,44.442999991588295,15849,10,post_filter,0.01,0.01,0.009513340238928795,uncorrelated,
67,1.0,False,45.43899999407586,14027,10,post_filter,0.01,0.01,0.009513340238928795,uncorrelated,
68,1.0,False,41.684299998451024,13455,10,post_filter,0.01,0.01,0.009513340238928795,uncorrelated,
69,1.0,False,52.99320000631269,20575,10,post_filter,0.01,0.01,0.009513340238928795,uncorrelated,
70,1.0,False,39.9840000027325,11785,10,post_filter,0.01,0.01,0.009513340238928795,uncorrelated,
71,1.0,False,46.5769000002183,15285,10,post_filter,0.01,0.01,0.009513340238928795,uncorrelated,
72,1.0,False,56.79309999686666,24496,10,post_filter,0.01,0.01,0.009513340238928795,uncorrelated,
73,1.0,False,51.73760000616312,18445,10,post_filter,0.01,0.01,0.009513340238928795,uncorrelated,
74,1.0,False,49.88979999325238,18694,10,post_filter,0.01,0.01,0.009513340238928795,uncorrelated,
75,1.0,False,50.39540000143461,22425,10,post_filter,0.01,0.01,0.009513340238928795,uncorrelated,
76,1.0,False,43.90419999253936,15076,10,post_filter,0.01,0.01,0.009513340238928795,uncorrelated,
77,1.0,False,48.19600000337232,19456,10,post_filter,0.01,0.01,0.009513340238928795,uncorrelated,
78,1.0,False,47.761900001205504,19003,10,post_filter,0.01,0.01,0.009513340238928795,uncorrelated,
79,1.0,False,42.562200003885664,11658,10,post_filter,0.01,0.01,0.009513340238928795,uncorrelated,
80,1.0,False,49.674400012008846,15032,10,post_filter,0.01,0.01,0.009513340238928795,uncorrelated,
81,1.0,False,55.993499991018325,22324,10,post_filter,0.01,0.01,0.009513340238928795,uncorrelated,
82,1.0,False,54.536299998289905,20967,10,post_filter,0.01,0.01,0.009513340238928795,uncorrelated,
83,1.0,False,51.05339999136049,17766,10,post_filter,0.01,0.01,0.009513340238928795,uncorrelated,
84,1.0,False,54.51599998923484,20097,10,post_filter,0.01,0.01,0.009513340238928795,uncorrelated,
85,1.0,False,55.04279999877326,20148,10,post_filter,0.01,0.01,0.009513340238928795,uncorrelated,
86,1.0,False,46.43250000663102,14883,10,post_filter,0.01,0.01,0.009513340238928795,uncorrelated,
87,1.0,False,46.85669999162201,14855,10,post_filter,0.01,0.01,0.009513340238928795,uncorrelated,
88,1.0,False,45.71679999935441,12920,10,post_filter,0.01,0.01,0.009513340238928795,uncorrelated,
89,1.0,False,42.63960001117084,11803,10,post_filter,0.01,0.01,0.009513340238928795,uncorrelated,
90,1.0,False,42.83300001407042,14156,10,post_filter,0.01,0.01,0.009513340238928795,uncorrelated,
91,1.0,False,47.532799988402985,17357,10,post_filter,0.01,0.01,0.009513340238928795,uncorrelated,
92,1.0,False,50.13459999463521,23031,10,post_filter,0.01,0.01,0.009513340238928795,uncorrelated,
93,1.0,False,41.4669000019785,14641,10,post_filter,0.01,0.01,0.009513340238928795,uncorrelated,
94,1.0,False,44.601300003705546,14292,10,post_filter,0.01,0.01,0.009513340238928795,uncorrelated,
95,1.0,False,48.405499997898005,19330,10,post_filter,0.01,0.01,0.009513340238928795,uncorrelated,
96,1.0,False,50.11529999319464,21251,10,post_filter,0.01,0.01,0.009513340238928795,uncorrelated,
97,1.0,False,45.23070000868756,16651,10,post_filter,0.01,0.01,0.009513340238928795,uncorrelated,
98,1.0,False,41.48579998582136,12082,10,post_filter,0.01,0.01,0.009513340238928795,uncorrelated,
99,1.0,False,46.206200000597164,19002,10,post_filter,0.01,0.01,0.009513340238928795,uncorrelated,
100,1.0,False,54.65520000143442,17577,10,post_filter,0.01,0.01,0.009513340238928795,uncorrelated,
101,1.0,False,48.24160000134725,16304,10,post_filter,0.01,0.01,0.009513340238928795,uncorrelated,
102,1.0,False,50.42620000313036,19885,10,post_filter,0.01,0.01,0.009513340238928795,uncorrelated,
103,1.0,False,52.487499997369014,18208,10,post_filter,0.01,0.01,0.009513340238928795,uncorrelated,
104,1.0,False,40.85010000562761,13439,10,post_filter,0.01,0.01,0.009513340238928795,uncorrelated,
105,1.0,False,47.002499995869584,16381,10,post_filter,0.01,0.01,0.009513340238928795,uncorrelated,
106,1.0,False,41.9495999958599,12920,10,post_filter,0.01,0.01,0.009513340238928795,uncorrelated,
107,1.0,False,41.78470000624657,13909,10,post_filter,0.01,0.01,0.009513340238928795,uncorrelated,
108,1.0,False,39.64270000869874,12628,10,post_filter,0.01,0.01,0.009513340238928795,uncorrelated,
109,1.0,False,45.013499999186024,16318,10,post_filter,0.01,0.01,0.009513340238928795,uncorrelated,
110,1.0,False,40.49309999390971,13710,10,post_filter,0.01,0.01,0.009513340238928795,uncorrelated,
111,1.0,False,47.25379998853896,20584,10,post_filter,0.01,0.01,0.009513340238928795,uncorrelated,
112,1.0,False,46.11579999618698,14360,10,post_filter,0.01,0.01,0.009513340238928795,uncorrelated,
113,1.0,False,45.7373999961419,17901,10,post_filter,0.01,0.01,0.009513340238928795,uncorrelated,
114,1.0,False,44.02729999856092,16642,10,post_filter,0.01,0.01,0.009513340238928795,uncorrelated,
115,1.0,False,48.64010000892449,18949,10,post_filter,0.01,0.01,0.009513340238928795,uncorrelated,
116,1.0,False,39.84969999874011,11864,10,post_filter,0.01,0.01,0.009513340238928795,uncorrelated,
117,1.0,False,51.0433000017656,24949,10,post_filter,0.01,0.01,0.009513340238928795,uncorrelated,
118,1.0,False,48.129000002518296,19841,10,post_filter,0.01,0.01,0.009513340238928795,uncorrelated,
119,1.0,False,40.07250000722706,12956,10,post_filter,0.01,0.01,0.009513340238928795,uncorrelated,
120,1.0,False,44.98589999275282,17420,10,post_filter,0.01,0.01,0.009513340238928795,uncorrelated,
121,1.0,False,46.009700003196485,16211,10,post_filter,0.01,0.01,0.009513340238928795,uncorrelated,
122,1.0,False,50.410200012265705,23685,10,post_filter,0.01,0.01,0.009513340238928795,uncorrelated,
123,1.0,False,43.77820000809152,15866,10,post_filter,0.01,0.01,0.009513340238928795,uncorrelated,
124,1.0,False,47.62359999585897,18722,10,post_filter,0.01,0.01,0.009513340238928795,uncorrelated,
125,1.0,False,45.17010001291055,18188,10,post_filter,0.01,0.01,0.009513340238928795,uncorrelated,
126,1.0,False,47.42420000548009,19487,10,post_filter,0.01,0.01,0.009513340238928795,uncorrelated,
127,1.0,False,48.24709999957122,18169,10,post_filter,0.01,0.01,0.009513340238928795,uncorrelated,
128,1.0,False,47.52500000176951,18128,10,post_filter,0.01,0.01,0.009513340238928795,uncorrelated,
129,1.0,False,44.807300000684336,17566,10,post_filter,0.01,0.01,0.009513340238928795,uncorrelated,
130,1.0,False,50.107299990486354,23564,10,post_filter,0.01,0.01,0.009513340238928795,uncorrelated,
131,1.0,False,44.52419999870472,16875,10,post_filter,0.01,0.01,0.009513340238928795,uncorrelated,
132,1.0,False,50.0229000026593,21239,10,post_filter,0.01,0.01,0.009513340238928795,uncorrelated,
133,1.0,False,48.255799993057735,21079,10,post_filter,0.01,0.01,0.009513340238928795,uncorrelated,
134,1.0,False,41.66540000005625,13657,10,post_filter,0.01,0.01,0.009513340238928795,uncorrelated,
135,1.0,False,46.585899995989166,19346,10,post_filter,0.01,0.01,0.009513340238928795,uncorrelated,
136,1.0,False,48.24450000887737,20568,10,post_filter,0.01,0.01,0.009513340238928795,uncorrelated,
137,1.0,False,51.16449999331962,22973,10,post_filter,0.01,0.01,0.009513340238928795,uncorrelated,
138,1.0,False,43.73910000140313,17549,10,post_filter,0.01,0.01,0.009513340238928795,uncorrelated,
139,1.0,False,45.87160001392476,18556,10,post_filter,0.01,0.01,0.009513340238928795,uncorrelated,
140,1.0,False,47.29689999658149,20551,10,post_filter,0.01,0.01,0.009513340238928795,uncorrelated,
141,1.0,False,44.86340000585187,17492,10,post_filter,0.01,0.01,0.009513340238928795,uncorrelated,
142,1.0,False,47.123699987423606,20219,10,post_filter,0.01,0.01,0.009513340238928795,uncorrelated,
143,1.0,False,44.453400012571365,14819,10,post_filter,0.01,0.01,0.009513340238928795,uncorrelated,
144,1.0,False,46.430400005192496,18510,10,post_filter,0.01,0.01,0.009513340238928795,uncorrelated,
145,1.0,False,43.728999997256324,15944,10,post_filter,0.01,0.01,0.009513340238928795,uncorrelated,
146,1.0,False,47.84439998911694,19602,10,post_filter,0.01,0.01,0.009513340238928795,uncorrelated,
147,1.0,False,49.08939999586437,18287,10,post_filter,0.01,0.01,0.009513340238928795,uncorrelated,
148,1.0,False,48.03020000690594,18274,10,post_filter,0.01,0.01,0.009513340238928795,uncorrelated,
149,1.0,False,51.622600003611296,24643,10,post_filter,0.01,0.01,0.009513340238928795,uncorrelated,
150,1.0,False,49.8578999977326,20563,10,post_filter,0.01,0.01,0.009513340238928795,uncorrelated,
151,1.0,False,43.713300008676015,11566,10,post_filter,0.01,0.01,0.009513340238928795,uncorrelated,
152,1.0,False,52.863500008243136,19682,10,post_filter,0.01,0.01,0.009513340238928795,uncorrelated,
153,1.0,False,47.74699998961296,17096,10,post_filter,0.01,0.01,0.009513340238928795,uncorrelated,
154,1.0,False,49.40169998735655,21828,10,post_filter,0.01,0.01,0.009513340238928795,uncorrelated,
155,1.0,False,44.50340000039432,18079,10,post_filter,0.01,0.01,0.009513340238928795,uncorrelated,
156,1.0,False,49.37239999708254,19947,10,post_filter,0.01,0.01,0.009513340238928795,uncorrelated,
157,1.0,False,47.98879999725614,21551,10,post_filter,0.01,0.01,0.009513340238928795,uncorrelated,
158,1.0,False,46.93830000178423,19385,10,post_filter,0.01,0.01,0.009513340238928795,uncorrelated,
159,1.0,False,46.45470000104979,18926,10,post_filter,0.01,0.01,0.009513340238928795,uncorrelated,
160,1.0,False,46.46430000138935,18857,10,post_filter,0.01,0.01,0.009513340238928795,uncorrelated,
161,1.0,False,46.842299998388626,19145,10,post_filter,0.01,0.01,0.009513340238928795,uncorrelated,
162,1.0,False,49.45040000893641,22146,10,post_filter,0.01,0.01,0.009513340238928795,uncorrelated,
163,1.0,False,47.885499996482395,18788,10,post_filter,0.01,0.01,0.009513340238928795,uncorrelated,
164,1.0,False,47.686200006864965,17690,10,post_filter,0.01,0.01,0.009513340238928795,uncorrelated,
165,1.0,False,45.56070000398904,17332,10,post_filter,0.01,0.01,0.009513340238928795,uncorrelated,
166,1.0,False,44.887500000186265,18438,10,post_filter,0.01,0.01,0.009513340238928795,uncorrelated,
167,1.0,False,51.00190000666771,21097,10,post_filter,0.01,0.01,0.009513340238928795,uncorrelated,
168,1.0,False,47.72390000289306,17523,10,post_filter,0.01,0.01,0.009513340238928795,uncorrelated,
169,1.0,False,48.85909998847637,18130,10,post_filter,0.01,0.01,0.009513340238928795,uncorrelated,
170,1.0,False,47.3548000009032,18145,10,post_filter,0.01,0.01,0.009513340238928795,uncorrelated,
171,1.0,False,48.85920000378974,18780,10,post_filter,0.01,0.01,0.009513340238928795,uncorrelated,
172,1.0,False,51.06669999076985,20862,10,post_filter,0.01,0.01,0.009513340238928795,uncorrelated,
173,1.0,False,45.87460000766441,19484,10,post_filter,0.01,0.01,0.009513340238928795,uncorrelated,
174,1.0,False,46.80650000227615,18355,10,post_filter,0.01,0.01,0.009513340238928795,uncorrelated,
175,1.0,False,48.490000001038425,19374,10,post_filter,0.01,0.01,0.009513340238928795,uncorrelated,
176,1.0,False,47.56229999475181,20818,10,post_filter,0.01,0.01,0.009513340238928795,uncorrelated,
177,1.0,False,48.75030000403058,19399,10,post_filter,0.01,0.01,0.009513340238928795,uncorrelated,
178,1.0,False,44.4980000029318,18355,10,post_filter,0.01,0.01,0.009513340238928795,uncorrelated,
179,1.0,False,44.8789000074612,18133,10,post_filter,0.01,0.01,0.009513340238928795,uncorrelated,
180,1.0,False,44.82369999459479,16293,10,post_filter,0.01,0.01,0.009513340238928795,uncorrelated,
181,1.0,False,48.463400002219714,19727,10,post_filter,0.01,0.01,0.009513340238928795,uncorrelated,
182,1.0,False,45.89229999692179,17815,10,post_filter,0.01,0.01,0.009513340238928795,uncorrelated,
183,1.0,False,49.03070000000298,17793,10,post_filter,0.01,0.01,0.009513340238928795,uncorrelated,
184,1.0,False,46.84850000194274,18133,10,post_filter,0.01,0.01,0.009513340238928795,uncorrelated,
185,1.0,False,41.33739999087993,11696,10,post_filter,0.01,0.01,0.009513340238928795,uncorrelated,
186,1.0,False,46.002100003534,17811,10,post_filter,0.01,0.01,0.009513340238928795,uncorrelated,
187,1.0,False,48.792999994475394,20348,10,post_filter,0.01,0.01,0.009513340238928795,uncorrelated,
188,1.0,False,47.99179999099579,19342,10,post_filter,0.01,0.01,0.009513340238928795,uncorrelated,
189,1.0,False,51.92179999721702,23149,10,post_filter,0.01,0.01,0.009513340238928795,uncorrelated,
190,1.0,False,47.603900005924515,20109,10,post_filter,0.01,0.01,0.009513340238928795,uncorrelated,
191,1.0,False,47.82300000078976,20438,10,post_filter,0.01,0.01,0.009513340238928795,uncorrelated,
192,1.0,False,47.46129999693949,20535,10,post_filter,0.01,0.01,0.009513340238928795,uncorrelated,
193,1.0,False,43.155599996680394,15442,10,post_filter,0.01,0.01,0.009513340238928795,uncorrelated,
194,1.0,False,48.891999991610646,22523,10,post_filter,0.01,0.01,0.009513340238928795,uncorrelated,
195,1.0,False,48.88349999964703,21939,10,post_filter,0.01,0.01,0.009513340238928795,uncorrelated,
196,1.0,False,49.556900004972704,22426,10,post_filter,0.01,0.01,0.009513340238928795,uncorrelated,
197,1.0,False,48.20099999778904,19167,10,post_filter,0.01,0.01,0.009513340238928795,uncorrelated,
198,1.0,False,39.495099990745075,13549,10,post_filter,0.01,0.01,0.009513340238928795,uncorrelated,
199,1.0,False,50.68590000155382,22654,10,post_filter,0.01,0.01,0.009513340238928795,uncorrelated,
20,1.0,False,73.78000000608154,30071,10,predicate_aware,0.01,0.01,0.009513340238928795,uncorrelated,
21,1.0,False,58.32080000254791,30065,10,predicate_aware,0.01,0.01,0.009513340238928795,uncorrelated,
22,1.0,False,62.021999998250976,30048,10,predicate_aware,0.01,0.01,0.009513340238928795,uncorrelated,
23,1.0,False,62.011900008656085,30070,10,predicate_aware,0.01,0.01,0.009513340238928795,uncorrelated,
24,1.0,False,53.89689998992253,30125,10,predicate_aware,0.01,0.01,0.009513340238928795,uncorrelated,
25,1.0,False,48.371999990195036,30053,10,predicate_aware,0.01,0.01,0.009513340238928795,uncorrelated,
26,1.0,False,51.11559999932069,30097,10,predicate_aware,0.01,0.01,0.009513340238928795,uncorrelated,
27,1.0,False,55.709899999783374,30109,10,predicate_aware,0.01,0.01,0.009513340238928795,uncorrelated,
28,1.0,False,51.03130001225509,30073,10,predicate_aware,0.01,0.01,0.009513340238928795,uncorrelated,
29,1.0,False,71.07710000127554,30102,10,predicate_aware,0.01,0.01,0.009513340238928795,uncorrelated,
30,1.0,False,54.8492000089027,30087,10,predicate_aware,0.01,0.01,0.009513340238928795,uncorrelated,
31,1.0,False,42.00430000491906,30083,10,predicate_aware,0.01,0.01,0.009513340238928795,uncorrelated,
32,1.0,False,48.502399993594736,30059,10,predicate_aware,0.01,0.01,0.009513340238928795,uncorrelated,
33,1.0,False,56.76890000177082,30087,10,predicate_aware,0.01,0.01,0.009513340238928795,uncorrelated,
34,1.0,False,53.94529999466613,30064,10,predicate_aware,0.01,0.01,0.009513340238928795,uncorrelated,
35,1.0,False,59.895200000028126,30081,10,predicate_aware,0.01,0.01,0.009513340238928795,uncorrelated,
36,1.0,False,54.35939999006223,30056,10,predicate_aware,0.01,0.01,0.009513340238928795,uncorrelated,
37,1.0,False,67.74470000527799,30064,10,predicate_aware,0.01,0.01,0.009513340238928795,uncorrelated,
38,1.0,False,53.117099989322014,30057,10,predicate_aware,0.01,0.01,0.009513340238928795,uncorrelated,
39,1.0,False,85.6869999988703,30062,10,predicate_aware,0.01,0.01,0.009513340238928795,uncorrelated,
40,1.0,False,48.869200007175095,30066,10,predicate_aware,0.01,0.01,0.009513340238928795,uncorrelated,
41,1.0,False,93.78199999628123,30059,10,predicate_aware,0.01,0.01,0.009513340238928795,uncorrelated,
42,1.0,False,54.777200013631955,30079,10,predicate_aware,0.01,0.01,0.009513340238928795,uncorrelated,
43,1.0,False,43.30669999762904,30074,10,predicate_aware,0.01,0.01,0.009513340238928795,uncorrelated,
44,1.0,False,73.40969999495428,30080,10,predicate_aware,0.01,0.01,0.009513340238928795,uncorrelated,
45,1.0,False,55.743799995980226,30085,10,predicate_aware,0.01,0.01,0.009513340238928795,uncorrelated,
46,1.0,False,78.14179999695625,30109,10,predicate_aware,0.01,0.01,0.009513340238928795,uncorrelated,
47,1.0,False,45.068999999784864,30087,10,predicate_aware,0.01,0.01,0.009513340238928795,uncorrelated,
48,1.0,False,48.27830000431277,30046,10,predicate_aware,0.01,0.01,0.009513340238928795,uncorrelated,
49,1.0,False,59.00870000186842,30066,10,predicate_aware,0.01,0.01,0.009513340238928795,uncorrelated,
50,1.0,False,45.939200004795566,30070,10,predicate_aware,0.01,0.01,0.009513340238928795,uncorrelated,
51,1.0,False,70.47650001186412,30057,10,predicate_aware,0.01,0.01,0.009513340238928795,uncorrelated,
52,1.0,False,56.75139999948442,30049,10,predicate_aware,0.01,0.01,0.009513340238928795,uncorrelated,
53,1.0,False,50.516700008301996,30078,10,predicate_aware,0.01,0.01,0.009513340238928795,uncorrelated,
54,1.0,False,84.02080000087153,30043,10,predicate_aware,0.01,0.01,0.009513340238928795,uncorrelated,
55,1.0,False,79.13340000959579,30069,10,predicate_aware,0.01,0.01,0.009513340238928795,uncorrelated,
56,1.0,False,61.39610000536777,30069,10,predicate_aware,0.01,0.01,0.009513340238928795,uncorrelated,
57,1.0,False,56.970100005855784,30054,10,predicate_aware,0.01,0.01,0.009513340238928795,uncorrelated,
58,1.0,False,39.19300000416115,30082,10,predicate_aware,0.01,0.01,0.009513340238928795,uncorrelated,
59,1.0,False,84.50799999991432,30091,10,predicate_aware,0.01,0.01,0.009513340238928795,uncorrelated,
60,1.0,False,46.14150000270456,30072,10,predicate_aware,0.01,0.01,0.009513340238928795,uncorrelated,
61,1.0,False,59.270800004014745,30070,10,predicate_aware,0.01,0.01,0.009513340238928795,uncorrelated,
62,1.0,False,76.1519999941811,30071,10,predicate_aware,0.01,0.01,0.009513340238928795,uncorrelated,
63,1.0,False,70.4598000011174,30050,10,predicate_aware,0.01,0.01,0.009513340238928795,uncorrelated,
64,1.0,False,64.00729999586474,30061,10,predicate_aware,0.01,0.01,0.009513340238928795,uncorrelated,
65,1.0,False,80.4675999970641,30055,10,predicate_aware,0.01,0.01,0.009513340238928795,uncorrelated,
66,1.0,False,64.15769999148324,30083,10,predicate_aware,0.01,0.01,0.009513340238928795,uncorrelated,
67,1.0,False,88.45619999920018,30051,10,predicate_aware,0.01,0.01,0.009513340238928795,uncorrelated,
68,1.0,False,70.99920000473503,30041,10,predicate_aware,0.01,0.01,0.009513340238928795,uncorrelated,
69,1.0,False,45.6930999935139,30052,10,predicate_aware,0.01,0.01,0.009513340238928795,uncorrelated,
70,1.0,False,77.92910000716802,30065,10,predicate_aware,0.01,0.01,0.009513340238928795,uncorrelated,
71,1.0,False,63.752499991096556,30059,10,predicate_aware,0.01,0.01,0.009513340238928795,uncorrelated,
72,1.0,False,38.22770000260789,30061,10,predicate_aware,0.01,0.01,0.009513340238928795,uncorrelated,
73,1.0,False,51.52459999953862,30061,10,predicate_aware,0.01,0.01,0.009513340238928795,uncorrelated,
74,1.0,False,52.78329999418929,30098,10,predicate_aware,0.01,0.01,0.009513340238928795,uncorrelated,
75,1.0,False,44.99930000747554,30085,10,predicate_aware,0.01,0.01,0.009513340238928795,uncorrelated,
76,1.0,False,78.50420000613667,30055,10,predicate_aware,0.01,0.01,0.009513340238928795,uncorrelated,
77,1.0,False,53.25660000380594,30063,10,predicate_aware,0.01,0.01,0.009513340238928795,uncorrelated,
78,1.0,False,54.52859999786597,30082,10,predicate_aware,0.01,0.01,0.009513340238928795,uncorrelated,
79,1.0,False,82.92359999904875,30061,10,predicate_aware,0.01,0.01,0.009513340238928795,uncorrelated,
80,1.0,False,74.87700000638142,30069,10,predicate_aware,0.01,0.01,0.009513340238928795,uncorrelated,
81,1.0,False,44.002299997373484,30085,10,predicate_aware,0.01,0.01,0.009513340238928795,uncorrelated,
82,1.0,False,48.106199988978915,30114,10,predicate_aware,0.01,0.01,0.009513340238928795,uncorrelated,
83,1.0,False,56.452899996656924,30080,10,predicate_aware,0.01,0.01,0.009513340238928795,uncorrelated,
84,1.0,False,48.58799999055918,30080,10,predicate_aware,0.01,0.01,0.009513340238928795,uncorrelated,
85,1.0,False,42.96530000283383,30129,10,predicate_aware,0.01,0.01,0.009513340238928795,uncorrelated,
86,1.0,False,67.98400000843685,30042,10,predicate_aware,0.01,0.01,0.009513340238928795,uncorrelated,
87,1.0,False,58.67189999844413,30061,10,predicate_aware,0.01,0.01,0.009513340238928795,uncorrelated,
88,1.0,False,81.25180000206456,30034,10,predicate_aware,0.01,0.01,0.009513340238928795,uncorrelated,
89,1.0,False,84.02100000239443,30052,10,predicate_aware,0.01,0.01,0.009513340238928795,uncorrelated,
90,1.0,False,67.40329999593087,30076,10,predicate_aware,0.01,0.01,0.009513340238928795,uncorrelated,
91,1.0,False,59.98150000232272,30057,10,predicate_aware,0.01,0.01,0.009513340238928795,uncorrelated,
92,1.0,False,49.70179998781532,30116,10,predicate_aware,0.01,0.01,0.009513340238928795,uncorrelated,
93,1.0,False,65.68010000046343,30052,10,predicate_aware,0.01,0.01,0.009513340238928795,uncorrelated,
94,1.0,False,65.78370000352152,30061,10,predicate_aware,0.01,0.01,0.009513340238928795,uncorrelated,
95,1.0,False,56.772099997033365,30082,10,predicate_aware,0.01,0.01,0.009513340238928795,uncorrelated,
96,1.0,False,47.22579999361187,30146,10,predicate_aware,0.01,0.01,0.009513340238928795,uncorrelated,
97,1.0,False,60.509500006446615,30086,10,predicate_aware,0.01,0.01,0.009513340238928795,uncorrelated,
98,1.0,False,83.00870000675786,30078,10,predicate_aware,0.01,0.01,0.009513340238928795,uncorrelated,
99,1.0,False,61.55259998922702,30080,10,predicate_aware,0.01,0.01,0.009513340238928795,uncorrelated,
100,1.0,False,56.98809999739751,30054,10,predicate_aware,0.01,0.01,0.009513340238928795,uncorrelated,
101,1.0,False,62.474000005749986,30078,10,predicate_aware,0.01,0.01,0.009513340238928795,uncorrelated,
102,1.0,False,51.335299998754635,30074,10,predicate_aware,0.01,0.01,0.009513340238928795,uncorrelated,
103,1.0,False,61.65340000006836,30077,10,predicate_aware,0.01,0.01,0.009513340238928795,uncorrelated,
104,1.0,False,69.08390000171494,30091,10,predicate_aware,0.01,0.01,0.009513340238928795,uncorrelated,
105,1.0,False,67.01169999723788,30098,10,predicate_aware,0.01,0.01,0.009513340238928795,uncorrelated,
106,1.0,False,76.63480000337586,30055,10,predicate_aware,0.01,0.01,0.009513340238928795,uncorrelated,
107,1.0,False,68.90630000270903,30092,10,predicate_aware,0.01,0.01,0.009513340238928795,uncorrelated,
108,1.0,False,80.0710000039544,30052,10,predicate_aware,0.01,0.01,0.009513340238928795,uncorrelated,
109,1.0,False,72.29939999524504,30113,10,predicate_aware,0.01,0.01,0.009513340238928795,uncorrelated,
110,1.0,False,80.96259999729227,30094,10,predicate_aware,0.01,0.01,0.009513340238928795,uncorrelated,
111,1.0,False,45.976599998539314,30059,10,predicate_aware,0.01,0.01,0.009513340238928795,uncorrelated,
112,1.0,False,65.20969999837689,30057,10,predicate_aware,0.01,0.01,0.009513340238928795,uncorrelated,
113,1.0,False,64.46639999921899,30095,10,predicate_aware,0.01,0.01,0.009513340238928795,uncorrelated,
114,1.0,False,64.6446000027936,30097,10,predicate_aware,0.01,0.01,0.009513340238928795,uncorrelated,
115,1.0,False,58.89980000210926,30066,10,predicate_aware,0.01,0.01,0.009513340238928795,uncorrelated,
116,1.0,False,85.11659999203403,30073,10,predicate_aware,0.01,0.01,0.009513340238928795,uncorrelated,
117,1.0,False,37.17849998793099,30069,10,predicate_aware,0.01,0.01,0.009513340238928795,uncorrelated,
118,1.0,False,52.25290000089444,30050,10,predicate_aware,0.01,0.01,0.009513340238928795,uncorrelated,
119,1.0,False,78.82199999585282,30103,10,predicate_aware,0.01,0.01,0.009513340238928795,uncorrelated,
120,1.0,False,61.345999987679534,30070,10,predicate_aware,0.01,0.01,0.009513340238928795,uncorrelated,
121,1.0,False,65.92730000556912,30064,10,predicate_aware,0.01,0.01,0.009513340238928795,uncorrelated,
122,1.0,False,39.47449999395758,30073,10,predicate_aware,0.01,0.01,0.009513340238928795,uncorrelated,
123,1.0,False,62.27060001401696,30061,10,predicate_aware,0.01,0.01,0.009513340238928795,uncorrelated,
124,1.0,False,55.586000002222136,30092,10,predicate_aware,0.01,0.01,0.009513340238928795,uncorrelated,
125,1.0,False,75.7616000046255,30105,10,predicate_aware,0.01,0.01,0.009513340238928795,uncorrelated,
126,1.0,False,62.435600004391745,30053,10,predicate_aware,0.01,0.01,0.009513340238928795,uncorrelated,
127,1.0,False,71.8098000070313,30066,10,predicate_aware,0.01,0.01,0.009513340238928795,uncorrelated,
128,1.0,False,63.829599996097386,30078,10,predicate_aware,0.01,0.01,0.009513340238928795,uncorrelated,
129,1.0,False,56.549799992353655,30066,10,predicate_aware,0.01,0.01,0.009513340238928795,uncorrelated,
130,1.0,False,38.63529999216553,30062,10,predicate_aware,0.01,0.01,0.009513340238928795,uncorrelated,
131,1.0,False,71.04439999966417,30064,10,predicate_aware,0.01,0.01,0.009513340238928795,uncorrelated,
132,1.0,False,52.87329999555368,30075,10,predicate_aware,0.01,0.01,0.009513340238928795,uncorrelated,
133,1.0,False,43.26640001090709,30085,10,predicate_aware,0.01,0.01,0.009513340238928795,uncorrelated,
134,1.0,False,78.45950000046287,30108,10,predicate_aware,0.01,0.01,0.009513340238928795,uncorrelated,
135,1.0,False,49.65570000058506,30089,10,predicate_aware,0.01,0.01,0.009513340238928795,uncorrelated,
136,1.0,False,48.414999997476116,30052,10,predicate_aware,0.01,0.01,0.009513340238928795,uncorrelated,
137,1.0,False,41.3055999961216,30049,10,predicate_aware,0.01,0.01,0.009513340238928795,uncorrelated,
138,1.0,False,60.89349999092519,30090,10,predicate_aware,0.01,0.01,0.009513340238928795,uncorrelated,
139,1.0,False,59.19690000882838,30051,10,predicate_aware,0.01,0.01,0.009513340238928795,uncorrelated,
140,1.0,False,57.6473000110127,30046,10,predicate_aware,0.01,0.01,0.009513340238928795,uncorrelated,
141,1.0,False,59.85849999706261,30077,10,predicate_aware,0.01,0.01,0.009513340238928795,uncorrelated,
142,1.0,False,53.23829999542795,30084,10,predicate_aware,0.01,0.01,0.009513340238928795,uncorrelated,
143,1.0,False,73.61179999134038,30147,10,predicate_aware,0.01,0.01,0.009513340238928795,uncorrelated,
144,1.0,False,60.77420001383871,30091,10,predicate_aware,0.01,0.01,0.009513340238928795,uncorrelated,
145,1.0,False,68.71120000141673,30058,10,predicate_aware,0.01,0.01,0.009513340238928795,uncorrelated,
146,1.0,False,55.846800009021536,30080,10,predicate_aware,0.01,0.01,0.009513340238928795,uncorrelated,
147,1.0,False,58.46359999850392,30075,10,predicate_aware,0.01,0.01,0.009513340238928795,uncorrelated,
148,1.0,False,61.569400000735186,30092,10,predicate_aware,0.01,0.01,0.009513340238928795,uncorrelated,
149,1.0,False,37.06449999299366,30095,10,predicate_aware,0.01,0.01,0.009513340238928795,uncorrelated,
150,1.0,False,46.874399995431304,30084,10,predicate_aware,0.01,0.01,0.009513340238928795,uncorrelated,
151,1.0,False,86.19680000992958,30045,10,predicate_aware,0.01,0.01,0.009513340238928795,uncorrelated,
152,1.0,False,52.91640000359621,30068,10,predicate_aware,0.01,0.01,0.009513340238928795,uncorrelated,
153,1.0,False,72.07159999234136,30052,10,predicate_aware,0.01,0.01,0.009513340238928795,uncorrelated,
154,1.0,False,44.54880001139827,30072,10,predicate_aware,0.01,0.01,0.009513340238928795,uncorrelated,
155,1.0,False,50.9987999976147,30059,10,predicate_aware,0.01,0.01,0.009513340238928795,uncorrelated,
156,1.0,False,55.429100000765175,30064,10,predicate_aware,0.01,0.01,0.009513340238928795,uncorrelated,
157,1.0,False,43.89800000353716,30096,10,predicate_aware,0.01,0.01,0.009513340238928795,uncorrelated,
158,1.0,False,52.2283000027528,30064,10,predicate_aware,0.01,0.01,0.009513340238928795,uncorrelated,
159,1.0,False,54.8209999979008,30052,10,predicate_aware,0.01,0.01,0.009513340238928795,uncorrelated,
160,1.0,False,55.385300001944415,30068,10,predicate_aware,0.01,0.01,0.009513340238928795,uncorrelated,
161,1.0,False,59.98280001222156,30096,10,predicate_aware,0.01,0.01,0.009513340238928795,uncorrelated,
162,1.0,False,44.47200000868179,30056,10,predicate_aware,0.01,0.01,0.009513340238928795,uncorrelated,
163,1.0,False,50.309199999901466,30062,10,predicate_aware,0.01,0.01,0.009513340238928795,uncorrelated,
164,1.0,False,55.85079999582376,30082,10,predicate_aware,0.01,0.01,0.009513340238928795,uncorrelated,
165,1.0,False,63.96080000558868,30073,10,predicate_aware,0.01,0.01,0.009513340238928795,uncorrelated,
166,1.0,False,61.98100000619888,30198,10,predicate_aware,0.01,0.01,0.009513340238928795,uncorrelated,
167,1.0,False,48.00029999751132,30078,10,predicate_aware,0.01,0.01,0.009513340238928795,uncorrelated,
168,1.0,False,63.65630000072997,30040,10,predicate_aware,0.01,0.01,0.009513340238928795,uncorrelated,
169,1.0,False,56.89669999992475,30105,10,predicate_aware,0.01,0.01,0.009513340238928795,uncorrelated,
170,1.0,False,57.73929999850225,30064,10,predicate_aware,0.01,0.01,0.009513340238928795,uncorrelated,
171,1.0,False,54.57839999871794,30097,10,predicate_aware,0.01,0.01,0.009513340238928795,uncorrelated,
172,1.0,False,47.22340000444092,30076,10,predicate_aware,0.01,0.01,0.009513340238928795,uncorrelated,
173,1.0,False,48.84529999981169,30070,10,predicate_aware,0.01,0.01,0.009513340238928795,uncorrelated,
174,1.0,False,57.207699996070005,30055,10,predicate_aware,0.01,0.01,0.009513340238928795,uncorrelated,
175,1.0,False,56.6642000048887,30081,10,predicate_aware,0.01,0.01,0.009513340238928795,uncorrelated,
176,1.0,False,50.713699994958006,30089,10,predicate_aware,0.01,0.01,0.009513340238928795,uncorrelated,
177,1.0,False,65.67989999894053,30082,10,predicate_aware,0.01,0.01,0.009513340238928795,uncorrelated,
178,1.0,False,58.71659998956602,30069,10,predicate_aware,0.01,0.01,0.009513340238928795,uncorrelated,
179,1.0,False,53.291199990781024,30066,10,predicate_aware,0.01,0.01,0.009513340238928795,uncorrelated,
180,1.0,False,67.57710000965744,30065,10,predicate_aware,0.01,0.01,0.009513340238928795,uncorrelated,
181,1.0,False,47.928400003002025,30079,10,predicate_aware,0.01,0.01,0.009513340238928795,uncorrelated,
182,1.0,False,67.1106000081636,30052,10,predicate_aware,0.01,0.01,0.009513340238928795,uncorrelated,
183,1.0,False,58.31039999611676,30074,10,predicate_aware,0.01,0.01,0.009513340238928795,uncorrelated,
184,1.0,False,63.747599997441284,30079,10,predicate_aware,0.01,0.01,0.009513340238928795,uncorrelated,
185,1.0,False,81.0458999912953,30073,10,predicate_aware,0.01,0.01,0.009513340238928795,uncorrelated,
186,1.0,False,53.71930000546854,30087,10,predicate_aware,0.01,0.01,0.009513340238928795,uncorrelated,
187,1.0,False,52.63750000449363,30065,10,predicate_aware,0.01,0.01,0.009513340238928795,uncorrelated,
188,1.0,False,50.980499989236705,30072,10,predicate_aware,0.01,0.01,0.009513340238928795,uncorrelated,
189,1.0,False,40.18480000377167,30051,10,predicate_aware,0.01,0.01,0.009513340238928795,uncorrelated,
190,1.0,False,51.77729998831637,30095,10,predicate_aware,0.01,0.01,0.009513340238928795,uncorrelated,
191,1.0,False,51.60999999498017,30058,10,predicate_aware,0.01,0.01,0.009513340238928795,uncorrelated,
192,1.0,False,47.79469998902641,30104,10,predicate_aware,0.01,0.01,0.009513340238928795,uncorrelated,
193,1.0,False,76.96669999859296,30084,10,predicate_aware,0.01,0.01,0.009513340238928795,uncorrelated,
194,1.0,False,43.51170000154525,30079,10,predicate_aware,0.01,0.01,0.009513340238928795,uncorrelated,
195,1.0,False,45.14919999928679,30056,10,predicate_aware,0.01,0.01,0.009513340238928795,uncorrelated,
196,1.0,False,43.40539999247994,30088,10,predicate_aware,0.01,0.01,0.009513340238928795,uncorrelated,
197,1.0,False,58.72819999058265,30068,10,predicate_aware,0.01,0.01,0.009513340238928795,uncorrelated,
198,1.0,False,74.33730000047944,30108,10,predicate_aware,0.01,0.01,0.009513340238928795,uncorrelated,
199,1.0,False,39.41550001036376,30086,10,predicate_aware,0.01,0.01,0.009513340238928795,uncorrelated,
20,1.0,False,73.78000000608154,30071,10,planner,0.01,0.01,0.009513340238928795,uncorrelated,"predicate_aware: ŝ=0.0095 -> cost=115 < pre_filter=951, post_filter=6920"
21,1.0,False,58.32080000254791,30065,10,planner,0.01,0.01,0.009513340238928795,uncorrelated,"predicate_aware: ŝ=0.0095 -> cost=115 < pre_filter=951, post_filter=6920"
22,1.0,False,62.021999998250976,30048,10,planner,0.01,0.01,0.009513340238928795,uncorrelated,"predicate_aware: ŝ=0.0095 -> cost=115 < pre_filter=951, post_filter=6920"
23,1.0,False,62.011900008656085,30070,10,planner,0.01,0.01,0.009513340238928795,uncorrelated,"predicate_aware: ŝ=0.0095 -> cost=115 < pre_filter=951, post_filter=6920"
24,1.0,False,53.89689998992253,30125,10,planner,0.01,0.01,0.009513340238928795,uncorrelated,"predicate_aware: ŝ=0.0095 -> cost=115 < pre_filter=951, post_filter=6920"
25,1.0,False,48.371999990195036,30053,10,planner,0.01,0.01,0.009513340238928795,uncorrelated,"predicate_aware: ŝ=0.0095 -> cost=115 < pre_filter=951, post_filter=6920"
26,1.0,False,51.11559999932069,30097,10,planner,0.01,0.01,0.009513340238928795,uncorrelated,"predicate_aware: ŝ=0.0095 -> cost=115 < pre_filter=951, post_filter=6920"
27,1.0,False,55.709899999783374,30109,10,planner,0.01,0.01,0.009513340238928795,uncorrelated,"predicate_aware: ŝ=0.0095 -> cost=115 < pre_filter=951, post_filter=6920"
28,1.0,False,51.03130001225509,30073,10,planner,0.01,0.01,0.009513340238928795,uncorrelated,"predicate_aware: ŝ=0.0095 -> cost=115 < pre_filter=951, post_filter=6920"
29,1.0,False,71.07710000127554,30102,10,planner,0.01,0.01,0.009513340238928795,uncorrelated,"predicate_aware: ŝ=0.0095 -> cost=115 < pre_filter=951, post_filter=6920"
30,1.0,False,54.8492000089027,30087,10,planner,0.01,0.01,0.009513340238928795,uncorrelated,"predicate_aware: ŝ=0.0095 -> cost=115 < pre_filter=951, post_filter=6920"
31,1.0,False,42.00430000491906,30083,10,planner,0.01,0.01,0.009513340238928795,uncorrelated,"predicate_aware: ŝ=0.0095 -> cost=115 < pre_filter=951, post_filter=6920"
32,1.0,False,48.502399993594736,30059,10,planner,0.01,0.01,0.009513340238928795,uncorrelated,"predicate_aware: ŝ=0.0095 -> cost=115 < pre_filter=951, post_filter=6920"
33,1.0,False,56.76890000177082,30087,10,planner,0.01,0.01,0.009513340238928795,uncorrelated,"predicate_aware: ŝ=0.0095 -> cost=115 < pre_filter=951, post_filter=6920"
34,1.0,False,53.94529999466613,30064,10,planner,0.01,0.01,0.009513340238928795,uncorrelated,"predicate_aware: ŝ=0.0095 -> cost=115 < pre_filter=951, post_filter=6920"
35,1.0,False,59.895200000028126,30081,10,planner,0.01,0.01,0.009513340238928795,uncorrelated,"predicate_aware: ŝ=0.0095 -> cost=115 < pre_filter=951, post_filter=6920"
36,1.0,False,54.35939999006223,30056,10,planner,0.01,0.01,0.009513340238928795,uncorrelated,"predicate_aware: ŝ=0.0095 -> cost=115 < pre_filter=951, post_filter=6920"
37,1.0,False,67.74470000527799,30064,10,planner,0.01,0.01,0.009513340238928795,uncorrelated,"predicate_aware: ŝ=0.0095 -> cost=115 < pre_filter=951, post_filter=6920"
38,1.0,False,53.117099989322014,30057,10,planner,0.01,0.01,0.009513340238928795,uncorrelated,"predicate_aware: ŝ=0.0095 -> cost=115 < pre_filter=951, post_filter=6920"
39,1.0,False,85.6869999988703,30062,10,planner,0.01,0.01,0.009513340238928795,uncorrelated,"predicate_aware: ŝ=0.0095 -> cost=115 < pre_filter=951, post_filter=6920"
40,1.0,False,48.869200007175095,30066,10,planner,0.01,0.01,0.009513340238928795,uncorrelated,"predicate_aware: ŝ=0.0095 -> cost=115 < pre_filter=951, post_filter=6920"
41,1.0,False,93.78199999628123,30059,10,planner,0.01,0.01,0.009513340238928795,uncorrelated,"predicate_aware: ŝ=0.0095 -> cost=115 < pre_filter=951, post_filter=6920"
42,1.0,False,54.777200013631955,30079,10,planner,0.01,0.01,0.009513340238928795,uncorrelated,"predicate_aware: ŝ=0.0095 -> cost=115 < pre_filter=951, post_filter=6920"
43,1.0,False,43.30669999762904,30074,10,planner,0.01,0.01,0.009513340238928795,uncorrelated,"predicate_aware: ŝ=0.0095 -> cost=115 < pre_filter=951, post_filter=6920"
44,1.0,False,73.40969999495428,30080,10,planner,0.01,0.01,0.009513340238928795,uncorrelated,"predicate_aware: ŝ=0.0095 -> cost=115 < pre_filter=951, post_filter=6920"
45,1.0,False,55.743799995980226,30085,10,planner,0.01,0.01,0.009513340238928795,uncorrelated,"predicate_aware: ŝ=0.0095 -> cost=115 < pre_filter=951, post_filter=6920"
46,1.0,False,78.14179999695625,30109,10,planner,0.01,0.01,0.009513340238928795,uncorrelated,"predicate_aware: ŝ=0.0095 -> cost=115 < pre_filter=951, post_filter=6920"
47,1.0,False,45.068999999784864,30087,10,planner,0.01,0.01,0.009513340238928795,uncorrelated,"predicate_aware: ŝ=0.0095 -> cost=115 < pre_filter=951, post_filter=6920"
48,1.0,False,48.27830000431277,30046,10,planner,0.01,0.01,0.009513340238928795,uncorrelated,"predicate_aware: ŝ=0.0095 -> cost=115 < pre_filter=951, post_filter=6920"
49,1.0,False,59.00870000186842,30066,10,planner,0.01,0.01,0.009513340238928795,uncorrelated,"predicate_aware: ŝ=0.0095 -> cost=115 < pre_filter=951, post_filter=6920"
50,1.0,False,45.939200004795566,30070,10,planner,0.01,0.01,0.009513340238928795,uncorrelated,"predicate_aware: ŝ=0.0095 -> cost=115 < pre_filter=951, post_filter=6920"
51,1.0,False,70.47650001186412,30057,10,planner,0.01,0.01,0.009513340238928795,uncorrelated,"predicate_aware: ŝ=0.0095 -> cost=115 < pre_filter=951, post_filter=6920"
52,1.0,False,56.75139999948442,30049,10,planner,0.01,0.01,0.009513340238928795,uncorrelated,"predicate_aware: ŝ=0.0095 -> cost=115 < pre_filter=951, post_filter=6920"
53,1.0,False,50.516700008301996,30078,10,planner,0.01,0.01,0.009513340238928795,uncorrelated,"predicate_aware: ŝ=0.0095 -> cost=115 < pre_filter=951, post_filter=6920"
54,1.0,False,84.02080000087153,30043,10,planner,0.01,0.01,0.009513340238928795,uncorrelated,"predicate_aware: ŝ=0.0095 -> cost=115 < pre_filter=951, post_filter=6920"
55,1.0,False,79.13340000959579,30069,10,planner,0.01,0.01,0.009513340238928795,uncorrelated,"predicate_aware: ŝ=0.0095 -> cost=115 < pre_filter=951, post_filter=6920"
56,1.0,False,61.39610000536777,30069,10,planner,0.01,0.01,0.009513340238928795,uncorrelated,"predicate_aware: ŝ=0.0095 -> cost=115 < pre_filter=951, post_filter=6920"
57,1.0,False,56.970100005855784,30054,10,planner,0.01,0.01,0.009513340238928795,uncorrelated,"predicate_aware: ŝ=0.0095 -> cost=115 < pre_filter=951, post_filter=6920"
58,1.0,False,39.19300000416115,30082,10,planner,0.01,0.01,0.009513340238928795,uncorrelated,"predicate_aware: ŝ=0.0095 -> cost=115 < pre_filter=951, post_filter=6920"
59,1.0,False,84.50799999991432,30091,10,planner,0.01,0.01,0.009513340238928795,uncorrelated,"predicate_aware: ŝ=0.0095 -> cost=115 < pre_filter=951, post_filter=6920"
60,1.0,False,46.14150000270456,30072,10,planner,0.01,0.01,0.009513340238928795,uncorrelated,"predicate_aware: ŝ=0.0095 -> cost=115 < pre_filter=951, post_filter=6920"
61,1.0,False,59.270800004014745,30070,10,planner,0.01,0.01,0.009513340238928795,uncorrelated,"predicate_aware: ŝ=0.0095 -> cost=115 < pre_filter=951, post_filter=6920"
62,1.0,False,76.1519999941811,30071,10,planner,0.01,0.01,0.009513340238928795,uncorrelated,"predicate_aware: ŝ=0.0095 -> cost=115 < pre_filter=951, post_filter=6920"
63,1.0,False,70.4598000011174,30050,10,planner,0.01,0.01,0.009513340238928795,uncorrelated,"predicate_aware: ŝ=0.0095 -> cost=115 < pre_filter=951, post_filter=6920"
64,1.0,False,64.00729999586474,30061,10,planner,0.01,0.01,0.009513340238928795,uncorrelated,"predicate_aware: ŝ=0.0095 -> cost=115 < pre_filter=951, post_filter=6920"
65,1.0,False,80.4675999970641,30055,10,planner,0.01,0.01,0.009513340238928795,uncorrelated,"predicate_aware: ŝ=0.0095 -> cost=115 < pre_filter=951, post_filter=6920"
66,1.0,False,64.15769999148324,30083,10,planner,0.01,0.01,0.009513340238928795,uncorrelated,"predicate_aware: ŝ=0.0095 -> cost=115 < pre_filter=951, post_filter=6920"
67,1.0,False,88.45619999920018,30051,10,planner,0.01,0.01,0.009513340238928795,uncorrelated,"predicate_aware: ŝ=0.0095 -> cost=115 < pre_filter=951, post_filter=6920"
68,1.0,False,70.99920000473503,30041,10,planner,0.01,0.01,0.009513340238928795,uncorrelated,"predicate_aware: ŝ=0.0095 -> cost=115 < pre_filter=951, post_filter=6920"
69,1.0,False,45.6930999935139,30052,10,planner,0.01,0.01,0.009513340238928795,uncorrelated,"predicate_aware: ŝ=0.0095 -> cost=115 < pre_filter=951, post_filter=6920"
70,1.0,False,77.92910000716802,30065,10,planner,0.01,0.01,0.009513340238928795,uncorrelated,"predicate_aware: ŝ=0.0095 -> cost=115 < pre_filter=951, post_filter=6920"
71,1.0,False,63.752499991096556,30059,10,planner,0.01,0.01,0.009513340238928795,uncorrelated,"predicate_aware: ŝ=0.0095 -> cost=115 < pre_filter=951, post_filter=6920"
72,1.0,False,38.22770000260789,30061,10,planner,0.01,0.01,0.009513340238928795,uncorrelated,"predicate_aware: ŝ=0.0095 -> cost=115 < pre_filter=951, post_filter=6920"
73,1.0,False,51.52459999953862,30061,10,planner,0.01,0.01,0.009513340238928795,uncorrelated,"predicate_aware: ŝ=0.0095 -> cost=115 < pre_filter=951, post_filter=6920"
74,1.0,False,52.78329999418929,30098,10,planner,0.01,0.01,0.009513340238928795,uncorrelated,"predicate_aware: ŝ=0.0095 -> cost=115 < pre_filter=951, post_filter=6920"
75,1.0,False,44.99930000747554,30085,10,planner,0.01,0.01,0.009513340238928795,uncorrelated,"predicate_aware: ŝ=0.0095 -> cost=115 < pre_filter=951, post_filter=6920"
76,1.0,False,78.50420000613667,30055,10,planner,0.01,0.01,0.009513340238928795,uncorrelated,"predicate_aware: ŝ=0.0095 -> cost=115 < pre_filter=951, post_filter=6920"
77,1.0,False,53.25660000380594,30063,10,planner,0.01,0.01,0.009513340238928795,uncorrelated,"predicate_aware: ŝ=0.0095 -> cost=115 < pre_filter=951, post_filter=6920"
78,1.0,False,54.52859999786597,30082,10,planner,0.01,0.01,0.009513340238928795,uncorrelated,"predicate_aware: ŝ=0.0095 -> cost=115 < pre_filter=951, post_filter=6920"
79,1.0,False,82.92359999904875,30061,10,planner,0.01,0.01,0.009513340238928795,uncorrelated,"predicate_aware: ŝ=0.0095 -> cost=115 < pre_filter=951, post_filter=6920"
80,1.0,False,74.87700000638142,30069,10,planner,0.01,0.01,0.009513340238928795,uncorrelated,"predicate_aware: ŝ=0.0095 -> cost=115 < pre_filter=951, post_filter=6920"
81,1.0,False,44.002299997373484,30085,10,planner,0.01,0.01,0.009513340238928795,uncorrelated,"predicate_aware: ŝ=0.0095 -> cost=115 < pre_filter=951, post_filter=6920"
82,1.0,False,48.106199988978915,30114,10,planner,0.01,0.01,0.009513340238928795,uncorrelated,"predicate_aware: ŝ=0.0095 -> cost=115 < pre_filter=951, post_filter=6920"
83,1.0,False,56.452899996656924,30080,10,planner,0.01,0.01,0.009513340238928795,uncorrelated,"predicate_aware: ŝ=0.0095 -> cost=115 < pre_filter=951, post_filter=6920"
84,1.0,False,48.58799999055918,30080,10,planner,0.01,0.01,0.009513340238928795,uncorrelated,"predicate_aware: ŝ=0.0095 -> cost=115 < pre_filter=951, post_filter=6920"
85,1.0,False,42.96530000283383,30129,10,planner,0.01,0.01,0.009513340238928795,uncorrelated,"predicate_aware: ŝ=0.0095 -> cost=115 < pre_filter=951, post_filter=6920"
86,1.0,False,67.98400000843685,30042,10,planner,0.01,0.01,0.009513340238928795,uncorrelated,"predicate_aware: ŝ=0.0095 -> cost=115 < pre_filter=951, post_filter=6920"
87,1.0,False,58.67189999844413,30061,10,planner,0.01,0.01,0.009513340238928795,uncorrelated,"predicate_aware: ŝ=0.0095 -> cost=115 < pre_filter=951, post_filter=6920"
88,1.0,False,81.25180000206456,30034,10,planner,0.01,0.01,0.009513340238928795,uncorrelated,"predicate_aware: ŝ=0.0095 -> cost=115 < pre_filter=951, post_filter=6920"
89,1.0,False,84.02100000239443,30052,10,planner,0.01,0.01,0.009513340238928795,uncorrelated,"predicate_aware: ŝ=0.0095 -> cost=115 < pre_filter=951, post_filter=6920"
90,1.0,False,67.40329999593087,30076,10,planner,0.01,0.01,0.009513340238928795,uncorrelated,"predicate_aware: ŝ=0.0095 -> cost=115 < pre_filter=951, post_filter=6920"
91,1.0,False,59.98150000232272,30057,10,planner,0.01,0.01,0.009513340238928795,uncorrelated,"predicate_aware: ŝ=0.0095 -> cost=115 < pre_filter=951, post_filter=6920"
92,1.0,False,49.70179998781532,30116,10,planner,0.01,0.01,0.009513340238928795,uncorrelated,"predicate_aware: ŝ=0.0095 -> cost=115 < pre_filter=951, post_filter=6920"
93,1.0,False,65.68010000046343,30052,10,planner,0.01,0.01,0.009513340238928795,uncorrelated,"predicate_aware: ŝ=0.0095 -> cost=115 < pre_filter=951, post_filter=6920"
94,1.0,False,65.78370000352152,30061,10,planner,0.01,0.01,0.009513340238928795,uncorrelated,"predicate_aware: ŝ=0.0095 -> cost=115 < pre_filter=951, post_filter=6920"
95,1.0,False,56.772099997033365,30082,10,planner,0.01,0.01,0.009513340238928795,uncorrelated,"predicate_aware: ŝ=0.0095 -> cost=115 < pre_filter=951, post_filter=6920"
96,1.0,False,47.22579999361187,30146,10,planner,0.01,0.01,0.009513340238928795,uncorrelated,"predicate_aware: ŝ=0.0095 -> cost=115 < pre_filter=951, post_filter=6920"
97,1.0,False,60.509500006446615,30086,10,planner,0.01,0.01,0.009513340238928795,uncorrelated,"predicate_aware: ŝ=0.0095 -> cost=115 < pre_filter=951, post_filter=6920"
98,1.0,False,83.00870000675786,30078,10,planner,0.01,0.01,0.009513340238928795,uncorrelated,"predicate_aware: ŝ=0.0095 -> cost=115 < pre_filter=951, post_filter=6920"
99,1.0,False,61.55259998922702,30080,10,planner,0.01,0.01,0.009513340238928795,uncorrelated,"predicate_aware: ŝ=0.0095 -> cost=115 < pre_filter=951, post_filter=6920"
100,1.0,False,56.98809999739751,30054,10,planner,0.01,0.01,0.009513340238928795,uncorrelated,"predicate_aware: ŝ=0.0095 -> cost=115 < pre_filter=951, post_filter=6920"
101,1.0,False,62.474000005749986,30078,10,planner,0.01,0.01,0.009513340238928795,uncorrelated,"predicate_aware: ŝ=0.0095 -> cost=115 < pre_filter=951, post_filter=6920"
102,1.0,False,51.335299998754635,30074,10,planner,0.01,0.01,0.009513340238928795,uncorrelated,"predicate_aware: ŝ=0.0095 -> cost=115 < pre_filter=951, post_filter=6920"
103,1.0,False,61.65340000006836,30077,10,planner,0.01,0.01,0.009513340238928795,uncorrelated,"predicate_aware: ŝ=0.0095 -> cost=115 < pre_filter=951, post_filter=6920"
104,1.0,False,69.08390000171494,30091,10,planner,0.01,0.01,0.009513340238928795,uncorrelated,"predicate_aware: ŝ=0.0095 -> cost=115 < pre_filter=951, post_filter=6920"
105,1.0,False,67.01169999723788,30098,10,planner,0.01,0.01,0.009513340238928795,uncorrelated,"predicate_aware: ŝ=0.0095 -> cost=115 < pre_filter=951, post_filter=6920"
106,1.0,False,76.63480000337586,30055,10,planner,0.01,0.01,0.009513340238928795,uncorrelated,"predicate_aware: ŝ=0.0095 -> cost=115 < pre_filter=951, post_filter=6920"
107,1.0,False,68.90630000270903,30092,10,planner,0.01,0.01,0.009513340238928795,uncorrelated,"predicate_aware: ŝ=0.0095 -> cost=115 < pre_filter=951, post_filter=6920"
108,1.0,False,80.0710000039544,30052,10,planner,0.01,0.01,0.009513340238928795,uncorrelated,"predicate_aware: ŝ=0.0095 -> cost=115 < pre_filter=951, post_filter=6920"
109,1.0,False,72.29939999524504,30113,10,planner,0.01,0.01,0.009513340238928795,uncorrelated,"predicate_aware: ŝ=0.0095 -> cost=115 < pre_filter=951, post_filter=6920"
110,1.0,False,80.96259999729227,30094,10,planner,0.01,0.01,0.009513340238928795,uncorrelated,"predicate_aware: ŝ=0.0095 -> cost=115 < pre_filter=951, post_filter=6920"
111,1.0,False,45.976599998539314,30059,10,planner,0.01,0.01,0.009513340238928795,uncorrelated,"predicate_aware: ŝ=0.0095 -> cost=115 < pre_filter=951, post_filter=6920"
112,1.0,False,65.20969999837689,30057,10,planner,0.01,0.01,0.009513340238928795,uncorrelated,"predicate_aware: ŝ=0.0095 -> cost=115 < pre_filter=951, post_filter=6920"
113,1.0,False,64.46639999921899,30095,10,planner,0.01,0.01,0.009513340238928795,uncorrelated,"predicate_aware: ŝ=0.0095 -> cost=115 < pre_filter=951, post_filter=6920"
114,1.0,False,64.6446000027936,30097,10,planner,0.01,0.01,0.009513340238928795,uncorrelated,"predicate_aware: ŝ=0.0095 -> cost=115 < pre_filter=951, post_filter=6920"
115,1.0,False,58.89980000210926,30066,10,planner,0.01,0.01,0.009513340238928795,uncorrelated,"predicate_aware: ŝ=0.0095 -> cost=115 < pre_filter=951, post_filter=6920"
116,1.0,False,85.11659999203403,30073,10,planner,0.01,0.01,0.009513340238928795,uncorrelated,"predicate_aware: ŝ=0.0095 -> cost=115 < pre_filter=951, post_filter=6920"
117,1.0,False,37.17849998793099,30069,10,planner,0.01,0.01,0.009513340238928795,uncorrelated,"predicate_aware: ŝ=0.0095 -> cost=115 < pre_filter=951, post_filter=6920"
118,1.0,False,52.25290000089444,30050,10,planner,0.01,0.01,0.009513340238928795,uncorrelated,"predicate_aware: ŝ=0.0095 -> cost=115 < pre_filter=951, post_filter=6920"
119,1.0,False,78.82199999585282,30103,10,planner,0.01,0.01,0.009513340238928795,uncorrelated,"predicate_aware: ŝ=0.0095 -> cost=115 < pre_filter=951, post_filter=6920"
120,1.0,False,61.345999987679534,30070,10,planner,0.01,0.01,0.009513340238928795,uncorrelated,"predicate_aware: ŝ=0.0095 -> cost=115 < pre_filter=951, post_filter=6920"
121,1.0,False,65.92730000556912,30064,10,planner,0.01,0.01,0.009513340238928795,uncorrelated,"predicate_aware: ŝ=0.0095 -> cost=115 < pre_filter=951, post_filter=6920"
122,1.0,False,39.47449999395758,30073,10,planner,0.01,0.01,0.009513340238928795,uncorrelated,"predicate_aware: ŝ=0.0095 -> cost=115 < pre_filter=951, post_filter=6920"
123,1.0,False,62.27060001401696,30061,10,planner,0.01,0.01,0.009513340238928795,uncorrelated,"predicate_aware: ŝ=0.0095 -> cost=115 < pre_filter=951, post_filter=6920"
124,1.0,False,55.586000002222136,30092,10,planner,0.01,0.01,0.009513340238928795,uncorrelated,"predicate_aware: ŝ=0.0095 -> cost=115 < pre_filter=951, post_filter=6920"
125,1.0,False,75.7616000046255,30105,10,planner,0.01,0.01,0.009513340238928795,uncorrelated,"predicate_aware: ŝ=0.0095 -> cost=115 < pre_filter=951, post_filter=6920"
126,1.0,False,62.435600004391745,30053,10,planner,0.01,0.01,0.009513340238928795,uncorrelated,"predicate_aware: ŝ=0.0095 -> cost=115 < pre_filter=951, post_filter=6920"
127,1.0,False,71.8098000070313,30066,10,planner,0.01,0.01,0.009513340238928795,uncorrelated,"predicate_aware: ŝ=0.0095 -> cost=115 < pre_filter=951, post_filter=6920"
128,1.0,False,63.829599996097386,30078,10,planner,0.01,0.01,0.009513340238928795,uncorrelated,"predicate_aware: ŝ=0.0095 -> cost=115 < pre_filter=951, post_filter=6920"
129,1.0,False,56.549799992353655,30066,10,planner,0.01,0.01,0.009513340238928795,uncorrelated,"predicate_aware: ŝ=0.0095 -> cost=115 < pre_filter=951, post_filter=6920"
130,1.0,False,38.63529999216553,30062,10,planner,0.01,0.01,0.009513340238928795,uncorrelated,"predicate_aware: ŝ=0.0095 -> cost=115 < pre_filter=951, post_filter=6920"
131,1.0,False,71.04439999966417,30064,10,planner,0.01,0.01,0.009513340238928795,uncorrelated,"predicate_aware: ŝ=0.0095 -> cost=115 < pre_filter=951, post_filter=6920"
132,1.0,False,52.87329999555368,30075,10,planner,0.01,0.01,0.009513340238928795,uncorrelated,"predicate_aware: ŝ=0.0095 -> cost=115 < pre_filter=951, post_filter=6920"
133,1.0,False,43.26640001090709,30085,10,planner,0.01,0.01,0.009513340238928795,uncorrelated,"predicate_aware: ŝ=0.0095 -> cost=115 < pre_filter=951, post_filter=6920"
134,1.0,False,78.45950000046287,30108,10,planner,0.01,0.01,0.009513340238928795,uncorrelated,"predicate_aware: ŝ=0.0095 -> cost=115 < pre_filter=951, post_filter=6920"
135,1.0,False,49.65570000058506,30089,10,planner,0.01,0.01,0.009513340238928795,uncorrelated,"predicate_aware: ŝ=0.0095 -> cost=115 < pre_filter=951, post_filter=6920"
136,1.0,False,48.414999997476116,30052,10,planner,0.01,0.01,0.009513340238928795,uncorrelated,"predicate_aware: ŝ=0.0095 -> cost=115 < pre_filter=951, post_filter=6920"
137,1.0,False,41.3055999961216,30049,10,planner,0.01,0.01,0.009513340238928795,uncorrelated,"predicate_aware: ŝ=0.0095 -> cost=115 < pre_filter=951, post_filter=6920"
138,1.0,False,60.89349999092519,30090,10,planner,0.01,0.01,0.009513340238928795,uncorrelated,"predicate_aware: ŝ=0.0095 -> cost=115 < pre_filter=951, post_filter=6920"
139,1.0,False,59.19690000882838,30051,10,planner,0.01,0.01,0.009513340238928795,uncorrelated,"predicate_aware: ŝ=0.0095 -> cost=115 < pre_filter=951, post_filter=6920"
140,1.0,False,57.6473000110127,30046,10,planner,0.01,0.01,0.009513340238928795,uncorrelated,"predicate_aware: ŝ=0.0095 -> cost=115 < pre_filter=951, post_filter=6920"
141,1.0,False,59.85849999706261,30077,10,planner,0.01,0.01,0.009513340238928795,uncorrelated,"predicate_aware: ŝ=0.0095 -> cost=115 < pre_filter=951, post_filter=6920"
142,1.0,False,53.23829999542795,30084,10,planner,0.01,0.01,0.009513340238928795,uncorrelated,"predicate_aware: ŝ=0.0095 -> cost=115 < pre_filter=951, post_filter=6920"
143,1.0,False,73.61179999134038,30147,10,planner,0.01,0.01,0.009513340238928795,uncorrelated,"predicate_aware: ŝ=0.0095 -> cost=115 < pre_filter=951, post_filter=6920"
144,1.0,False,60.77420001383871,30091,10,planner,0.01,0.01,0.009513340238928795,uncorrelated,"predicate_aware: ŝ=0.0095 -> cost=115 < pre_filter=951, post_filter=6920"
145,1.0,False,68.71120000141673,30058,10,planner,0.01,0.01,0.009513340238928795,uncorrelated,"predicate_aware: ŝ=0.0095 -> cost=115 < pre_filter=951, post_filter=6920"
146,1.0,False,55.846800009021536,30080,10,planner,0.01,0.01,0.009513340238928795,uncorrelated,"predicate_aware: ŝ=0.0095 -> cost=115 < pre_filter=951, post_filter=6920"
147,1.0,False,58.46359999850392,30075,10,planner,0.01,0.01,0.009513340238928795,uncorrelated,"predicate_aware: ŝ=0.0095 -> cost=115 < pre_filter=951, post_filter=6920"
148,1.0,False,61.569400000735186,30092,10,planner,0.01,0.01,0.009513340238928795,uncorrelated,"predicate_aware: ŝ=0.0095 -> cost=115 < pre_filter=951, post_filter=6920"
149,1.0,False,37.06449999299366,30095,10,planner,0.01,0.01,0.009513340238928795,uncorrelated,"predicate_aware: ŝ=0.0095 -> cost=115 < pre_filter=951, post_filter=6920"
150,1.0,False,46.874399995431304,30084,10,planner,0.01,0.01,0.009513340238928795,uncorrelated,"predicate_aware: ŝ=0.0095 -> cost=115 < pre_filter=951, post_filter=6920"
151,1.0,False,86.19680000992958,30045,10,planner,0.01,0.01,0.009513340238928795,uncorrelated,"predicate_aware: ŝ=0.0095 -> cost=115 < pre_filter=951, post_filter=6920"
152,1.0,False,52.91640000359621,30068,10,planner,0.01,0.01,0.009513340238928795,uncorrelated,"predicate_aware: ŝ=0.0095 -> cost=115 < pre_filter=951, post_filter=6920"
153,1.0,False,72.07159999234136,30052,10,planner,0.01,0.01,0.009513340238928795,uncorrelated,"predicate_aware: ŝ=0.0095 -> cost=115 < pre_filter=951, post_filter=6920"
154,1.0,False,44.54880001139827,30072,10,planner,0.01,0.01,0.009513340238928795,uncorrelated,"predicate_aware: ŝ=0.0095 -> cost=115 < pre_filter=951, post_filter=6920"
155,1.0,False,50.9987999976147,30059,10,planner,0.01,0.01,0.009513340238928795,uncorrelated,"predicate_aware: ŝ=0.0095 -> cost=115 < pre_filter=951, post_filter=6920"
156,1.0,False,55.429100000765175,30064,10,planner,0.01,0.01,0.009513340238928795,uncorrelated,"predicate_aware: ŝ=0.0095 -> cost=115 < pre_filter=951, post_filter=6920"
157,1.0,False,43.89800000353716,30096,10,planner,0.01,0.01,0.009513340238928795,uncorrelated,"predicate_aware: ŝ=0.0095 -> cost=115 < pre_filter=951, post_filter=6920"
158,1.0,False,52.2283000027528,30064,10,planner,0.01,0.01,0.009513340238928795,uncorrelated,"predicate_aware: ŝ=0.0095 -> cost=115 < pre_filter=951, post_filter=6920"
159,1.0,False,54.8209999979008,30052,10,planner,0.01,0.01,0.009513340238928795,uncorrelated,"predicate_aware: ŝ=0.0095 -> cost=115 < pre_filter=951, post_filter=6920"
160,1.0,False,55.385300001944415,30068,10,planner,0.01,0.01,0.009513340238928795,uncorrelated,"predicate_aware: ŝ=0.0095 -> cost=115 < pre_filter=951, post_filter=6920"
161,1.0,False,59.98280001222156,30096,10,planner,0.01,0.01,0.009513340238928795,uncorrelated,"predicate_aware: ŝ=0.0095 -> cost=115 < pre_filter=951, post_filter=6920"
162,1.0,False,44.47200000868179,30056,10,planner,0.01,0.01,0.009513340238928795,uncorrelated,"predicate_aware: ŝ=0.0095 -> cost=115 < pre_filter=951, post_filter=6920"
163,1.0,False,50.309199999901466,30062,10,planner,0.01,0.01,0.009513340238928795,uncorrelated,"predicate_aware: ŝ=0.0095 -> cost=115 < pre_filter=951, post_filter=6920"
164,1.0,False,55.85079999582376,30082,10,planner,0.01,0.01,0.009513340238928795,uncorrelated,"predicate_aware: ŝ=0.0095 -> cost=115 < pre_filter=951, post_filter=6920"
165,1.0,False,63.96080000558868,30073,10,planner,0.01,0.01,0.009513340238928795,uncorrelated,"predicate_aware: ŝ=0.0095 -> cost=115 < pre_filter=951, post_filter=6920"
166,1.0,False,61.98100000619888,30198,10,planner,0.01,0.01,0.009513340238928795,uncorrelated,"predicate_aware: ŝ=0.0095 -> cost=115 < pre_filter=951, post_filter=6920"
167,1.0,False,48.00029999751132,30078,10,planner,0.01,0.01,0.009513340238928795,uncorrelated,"predicate_aware: ŝ=0.0095 -> cost=115 < pre_filter=951, post_filter=6920"
168,1.0,False,63.65630000072997,30040,10,planner,0.01,0.01,0.009513340238928795,uncorrelated,"predicate_aware: ŝ=0.0095 -> cost=115 < pre_filter=951, post_filter=6920"
169,1.0,False,56.89669999992475,30105,10,planner,0.01,0.01,0.009513340238928795,uncorrelated,"predicate_aware: ŝ=0.0095 -> cost=115 < pre_filter=951, post_filter=6920"
170,1.0,False,57.73929999850225,30064,10,planner,0.01,0.01,0.009513340238928795,uncorrelated,"predicate_aware: ŝ=0.0095 -> cost=115 < pre_filter=951, post_filter=6920"
171,1.0,False,54.57839999871794,30097,10,planner,0.01,0.01,0.009513340238928795,uncorrelated,"predicate_aware: ŝ=0.0095 -> cost=115 < pre_filter=951, post_filter=6920"
172,1.0,False,47.22340000444092,30076,10,planner,0.01,0.01,0.009513340238928795,uncorrelated,"predicate_aware: ŝ=0.0095 -> cost=115 < pre_filter=951, post_filter=6920"
173,1.0,False,48.84529999981169,30070,10,planner,0.01,0.01,0.009513340238928795,uncorrelated,"predicate_aware: ŝ=0.0095 -> cost=115 < pre_filter=951, post_filter=6920"
174,1.0,False,57.207699996070005,30055,10,planner,0.01,0.01,0.009513340238928795,uncorrelated,"predicate_aware: ŝ=0.0095 -> cost=115 < pre_filter=951, post_filter=6920"
175,1.0,False,56.6642000048887,30081,10,planner,0.01,0.01,0.009513340238928795,uncorrelated,"predicate_aware: ŝ=0.0095 -> cost=115 < pre_filter=951, post_filter=6920"
176,1.0,False,50.713699994958006,30089,10,planner,0.01,0.01,0.009513340238928795,uncorrelated,"predicate_aware: ŝ=0.0095 -> cost=115 < pre_filter=951, post_filter=6920"
177,1.0,False,65.67989999894053,30082,10,planner,0.01,0.01,0.009513340238928795,uncorrelated,"predicate_aware: ŝ=0.0095 -> cost=115 < pre_filter=951, post_filter=6920"
178,1.0,False,58.71659998956602,30069,10,planner,0.01,0.01,0.009513340238928795,uncorrelated,"predicate_aware: ŝ=0.0095 -> cost=115 < pre_filter=951, post_filter=6920"
179,1.0,False,53.291199990781024,30066,10,planner,0.01,0.01,0.009513340238928795,uncorrelated,"predicate_aware: ŝ=0.0095 -> cost=115 < pre_filter=951, post_filter=6920"
180,1.0,False,67.57710000965744,30065,10,planner,0.01,0.01,0.009513340238928795,uncorrelated,"predicate_aware: ŝ=0.0095 -> cost=115 < pre_filter=951, post_filter=6920"
181,1.0,False,47.928400003002025,30079,10,planner,0.01,0.01,0.009513340238928795,uncorrelated,"predicate_aware: ŝ=0.0095 -> cost=115 < pre_filter=951, post_filter=6920"
182,1.0,False,67.1106000081636,30052,10,planner,0.01,0.01,0.009513340238928795,uncorrelated,"predicate_aware: ŝ=0.0095 -> cost=115 < pre_filter=951, post_filter=6920"
183,1.0,False,58.31039999611676,30074,10,planner,0.01,0.01,0.009513340238928795,uncorrelated,"predicate_aware: ŝ=0.0095 -> cost=115 < pre_filter=951, post_filter=6920"
184,1.0,False,63.747599997441284,30079,10,planner,0.01,0.01,0.009513340238928795,uncorrelated,"predicate_aware: ŝ=0.0095 -> cost=115 < pre_filter=951, post_filter=6920"
185,1.0,False,81.0458999912953,30073,10,planner,0.01,0.01,0.009513340238928795,uncorrelated,"predicate_aware: ŝ=0.0095 -> cost=115 < pre_filter=951, post_filter=6920"
186,1.0,False,53.71930000546854,30087,10,planner,0.01,0.01,0.009513340238928795,uncorrelated,"predicate_aware: ŝ=0.0095 -> cost=115 < pre_filter=951, post_filter=6920"
187,1.0,False,52.63750000449363,30065,10,planner,0.01,0.01,0.009513340238928795,uncorrelated,"predicate_aware: ŝ=0.0095 -> cost=115 < pre_filter=951, post_filter=6920"
188,1.0,False,50.980499989236705,30072,10,planner,0.01,0.01,0.009513340238928795,uncorrelated,"predicate_aware: ŝ=0.0095 -> cost=115 < pre_filter=951, post_filter=6920"
189,1.0,False,40.18480000377167,30051,10,planner,0.01,0.01,0.009513340238928795,uncorrelated,"predicate_aware: ŝ=0.0095 -> cost=115 < pre_filter=951, post_filter=6920"
190,1.0,False,51.77729998831637,30095,10,planner,0.01,0.01,0.009513340238928795,uncorrelated,"predicate_aware: ŝ=0.0095 -> cost=115 < pre_filter=951, post_filter=6920"
191,1.0,False,51.60999999498017,30058,10,planner,0.01,0.01,0.009513340238928795,uncorrelated,"predicate_aware: ŝ=0.0095 -> cost=115 < pre_filter=951, post_filter=6920"
192,1.0,False,47.79469998902641,30104,10,planner,0.01,0.01,0.009513340238928795,uncorrelated,"predicate_aware: ŝ=0.0095 -> cost=115 < pre_filter=951, post_filter=6920"
193,1.0,False,76.96669999859296,30084,10,planner,0.01,0.01,0.009513340238928795,uncorrelated,"predicate_aware: ŝ=0.0095 -> cost=115 < pre_filter=951, post_filter=6920"
194,1.0,False,43.51170000154525,30079,10,planner,0.01,0.01,0.009513340238928795,uncorrelated,"predicate_aware: ŝ=0.0095 -> cost=115 < pre_filter=951, post_filter=6920"
195,1.0,False,45.14919999928679,30056,10,planner,0.01,0.01,0.009513340238928795,uncorrelated,"predicate_aware: ŝ=0.0095 -> cost=115 < pre_filter=951, post_filter=6920"
196,1.0,False,43.40539999247994,30088,10,planner,0.01,0.01,0.009513340238928795,uncorrelated,"predicate_aware: ŝ=0.0095 -> cost=115 < pre_filter=951, post_filter=6920"
197,1.0,False,58.72819999058265,30068,10,planner,0.01,0.01,0.009513340238928795,uncorrelated,"predicate_aware: ŝ=0.0095 -> cost=115 < pre_filter=951, post_filter=6920"
198,1.0,False,74.33730000047944,30108,10,planner,0.01,0.01,0.009513340238928795,uncorrelated,"predicate_aware: ŝ=0.0095 -> cost=115 < pre_filter=951, post_filter=6920"
199,1.0,False,39.41550001036376,30086,10,planner,0.01,0.01,0.009513340238928795,uncorrelated,"predicate_aware: ŝ=0.0095 -> cost=115 < pre_filter=951, post_filter=6920"
20,1.0,False,0.8973000076366588,5000,10,pre_filter,0.05,0.05,0.050272671813964845,uncorrelated,
21,1.0,False,0.8981999999377877,5000,10,pre_filter,0.05,0.05,0.050272671813964845,uncorrelated,
22,1.0,False,1.135200000135228,5000,10,pre_filter,0.05,0.05,0.050272671813964845,uncorrelated,
23,1.0,False,1.0270000057062134,5000,10,pre_filter,0.05,0.05,0.050272671813964845,uncorrelated,
24,1.0,False,0.9553999989293516,5000,10,pre_filter,0.05,0.05,0.050272671813964845,uncorrelated,
25,1.0,False,0.9048000065376982,5000,10,pre_filter,0.05,0.05,0.050272671813964845,uncorrelated,
26,1.0,False,0.9131999977398664,5000,10,pre_filter,0.05,0.05,0.050272671813964845,uncorrelated,
27,1.0,False,0.8866999996826053,5000,10,pre_filter,0.05,0.05,0.050272671813964845,uncorrelated,
28,1.0,False,0.8567000040784478,5000,10,pre_filter,0.05,0.05,0.050272671813964845,uncorrelated,
29,1.0,False,1.0806000063894317,5000,10,pre_filter,0.05,0.05,0.050272671813964845,uncorrelated,
30,1.0,False,0.857999999425374,5000,10,pre_filter,0.05,0.05,0.050272671813964845,uncorrelated,
31,1.0,False,0.9410000056959689,5000,10,pre_filter,0.05,0.05,0.050272671813964845,uncorrelated,
32,1.0,False,0.8654999983264133,5000,10,pre_filter,0.05,0.05,0.050272671813964845,uncorrelated,
33,1.0,False,0.9707999997772276,5000,10,pre_filter,0.05,0.05,0.050272671813964845,uncorrelated,
34,1.0,False,0.96010000561364,5000,10,pre_filter,0.05,0.05,0.050272671813964845,uncorrelated,
35,1.0,False,0.8812000014586374,5000,10,pre_filter,0.05,0.05,0.050272671813964845,uncorrelated,
36,1.0,False,1.0956000041915104,5000,10,pre_filter,0.05,0.05,0.050272671813964845,uncorrelated,
37,1.0,False,0.9523000044282526,5000,10,pre_filter,0.05,0.05,0.050272671813964845,uncorrelated,
38,1.0,False,0.9243999957107008,5000,10,pre_filter,0.05,0.05,0.050272671813964845,uncorrelated,
39,1.0,False,0.9818999969866127,5000,10,pre_filter,0.05,0.05,0.050272671813964845,uncorrelated,
40,1.0,False,0.8736999880056828,5000,10,pre_filter,0.05,0.05,0.050272671813964845,uncorrelated,
41,1.0,False,0.9876000112853944,5000,10,pre_filter,0.05,0.05,0.050272671813964845,uncorrelated,
42,1.0,False,0.8286000083899125,5000,10,pre_filter,0.05,0.05,0.050272671813964845,uncorrelated,
43,1.0,False,1.0016000014729798,5000,10,pre_filter,0.05,0.05,0.050272671813964845,uncorrelated,
44,1.0,False,0.9348999883513898,5000,10,pre_filter,0.05,0.05,0.050272671813964845,uncorrelated,
45,1.0,False,0.8846000127959996,5000,10,pre_filter,0.05,0.05,0.050272671813964845,uncorrelated,
46,1.0,False,0.9762999980011955,5000,10,pre_filter,0.05,0.05,0.050272671813964845,uncorrelated,
47,1.0,False,0.8811000006971881,5000,10,pre_filter,0.05,0.05,0.050272671813964845,uncorrelated,
48,1.0,False,0.9886000043479726,5000,10,pre_filter,0.05,0.05,0.050272671813964845,uncorrelated,
49,1.0,False,0.8572000078856945,5000,10,pre_filter,0.05,0.05,0.050272671813964845,uncorrelated,
50,1.0,False,1.036499990732409,5000,10,pre_filter,0.05,0.05,0.050272671813964845,uncorrelated,
51,1.0,False,0.9218999912263826,5000,10,pre_filter,0.05,0.05,0.050272671813964845,uncorrelated,
52,1.0,False,0.8797000045888126,5000,10,pre_filter,0.05,0.05,0.050272671813964845,uncorrelated,
53,1.0,False,0.8416000055149198,5000,10,pre_filter,0.05,0.05,0.050272671813964845,uncorrelated,
54,1.0,False,0.9627999970689416,5000,10,pre_filter,0.05,0.05,0.050272671813964845,uncorrelated,
55,1.0,False,0.7941999938338995,5000,10,pre_filter,0.05,0.05,0.050272671813964845,uncorrelated,
56,1.0,False,0.9893000096781179,5000,10,pre_filter,0.05,0.05,0.050272671813964845,uncorrelated,
57,1.0,False,0.9666999976616353,5000,10,pre_filter,0.05,0.05,0.050272671813964845,uncorrelated,
58,1.0,False,0.9228999988408759,5000,10,pre_filter,0.05,0.05,0.050272671813964845,uncorrelated,
59,1.0,False,0.9854999952949584,5000,10,pre_filter,0.05,0.05,0.050272671813964845,uncorrelated,
60,1.0,False,0.893999997060746,5000,10,pre_filter,0.05,0.05,0.050272671813964845,uncorrelated,
61,1.0,False,0.9907000057864934,5000,10,pre_filter,0.05,0.05,0.050272671813964845,uncorrelated,
62,1.0,False,0.8621000015409663,5000,10,pre_filter,0.05,0.05,0.050272671813964845,uncorrelated,
63,1.0,False,0.978600000962615,5000,10,pre_filter,0.05,0.05,0.050272671813964845,uncorrelated,
64,1.0,False,0.8388999995077029,5000,10,pre_filter,0.05,0.05,0.050272671813964845,uncorrelated,
65,1.0,False,1.0227000020677224,5000,10,pre_filter,0.05,0.05,0.050272671813964845,uncorrelated,
66,1.0,False,1.0752999951364473,5000,10,pre_filter,0.05,0.05,0.050272671813964845,uncorrelated,
67,1.0,False,0.90970000019297,5000,10,pre_filter,0.05,0.05,0.050272671813964845,uncorrelated,
68,1.0,False,0.826000003144145,5000,10,pre_filter,0.05,0.05,0.050272671813964845,uncorrelated,
69,1.0,False,1.0091000003740191,5000,10,pre_filter,0.05,0.05,0.050272671813964845,uncorrelated,
70,1.0,False,0.8571000071242452,5000,10,pre_filter,0.05,0.05,0.050272671813964845,uncorrelated,
71,1.0,False,0.9898999996948987,5000,10,pre_filter,0.05,0.05,0.050272671813964845,uncorrelated,
72,1.0,False,0.9405000018887222,5000,10,pre_filter,0.05,0.05,0.050272671813964845,uncorrelated,
73,1.0,False,0.9713000035844743,5000,10,pre_filter,0.05,0.05,0.050272671813964845,uncorrelated,
74,1.0,False,0.8966999885160476,5000,10,pre_filter,0.05,0.05,0.050272671813964845,uncorrelated,
75,1.0,False,1.0337999992771074,5000,10,pre_filter,0.05,0.05,0.050272671813964845,uncorrelated,
76,1.0,False,0.8508000028086826,5000,10,pre_filter,0.05,0.05,0.050272671813964845,uncorrelated,
77,1.0,False,0.9841999999480322,5000,10,pre_filter,0.05,0.05,0.050272671813964845,uncorrelated,
78,1.0,False,0.9610999986762181,5000,10,pre_filter,0.05,0.05,0.050272671813964845,uncorrelated,
79,1.0,False,0.8709000103408471,5000,10,pre_filter,0.05,0.05,0.050272671813964845,uncorrelated,
80,1.0,False,0.8935000078054145,5000,10,pre_filter,0.05,0.05,0.050272671813964845,uncorrelated,
81,1.0,False,0.9535999997751787,5000,10,pre_filter,0.05,0.05,0.050272671813964845,uncorrelated,
82,1.0,False,0.8782000077189878,5000,10,pre_filter,0.05,0.05,0.050272671813964845,uncorrelated,
83,1.0,False,1.0654999932739884,5000,10,pre_filter,0.05,0.05,0.050272671813964845,uncorrelated,
84,1.0,False,0.8436999924015254,5000,10,pre_filter,0.05,0.05,0.050272671813964845,uncorrelated,
85,1.0,False,0.9832999930949882,5000,10,pre_filter,0.05,0.05,0.050272671813964845,uncorrelated,
86,1.0,False,1.1255999997956678,5000,10,pre_filter,0.05,0.05,0.050272671813964845,uncorrelated,
87,1.0,False,1.0962999949697405,5000,10,pre_filter,0.05,0.05,0.050272671813964845,uncorrelated,
88,1.0,False,1.0737999982666224,5000,10,pre_filter,0.05,0.05,0.050272671813964845,uncorrelated,
89,1.0,False,0.9902000019792467,5000,10,pre_filter,0.05,0.05,0.050272671813964845,uncorrelated,
90,1.0,False,0.873700002557598,5000,10,pre_filter,0.05,0.05,0.050272671813964845,uncorrelated,
91,1.0,False,0.8632999961264431,5000,10,pre_filter,0.05,0.05,0.050272671813964845,uncorrelated,
92,1.0,False,0.8540999988326803,5000,10,pre_filter,0.05,0.05,0.050272671813964845,uncorrelated,
93,1.0,False,0.949099994613789,5000,10,pre_filter,0.05,0.05,0.050272671813964845,uncorrelated,
94,1.0,False,0.8270999969681725,5000,10,pre_filter,0.05,0.05,0.050272671813964845,uncorrelated,
95,1.0,False,1.0624999995343387,5000,10,pre_filter,0.05,0.05,0.050272671813964845,uncorrelated,
96,1.0,False,0.9685999975772575,5000,10,pre_filter,0.05,0.05,0.050272671813964845,uncorrelated,
97,1.0,False,0.8984999876702204,5000,10,pre_filter,0.05,0.05,0.050272671813964845,uncorrelated,
98,1.0,False,1.003899989882484,5000,10,pre_filter,0.05,0.05,0.050272671813964845,uncorrelated,
99,1.0,False,0.964100006967783,5000,10,pre_filter,0.05,0.05,0.050272671813964845,uncorrelated,
100,1.0,False,0.9490000084042549,5000,10,pre_filter,0.05,0.05,0.050272671813964845,uncorrelated,
101,1.0,False,0.8907000010367483,5000,10,pre_filter,0.05,0.05,0.050272671813964845,uncorrelated,
102,1.0,False,0.9678999922471121,5000,10,pre_filter,0.05,0.05,0.050272671813964845,uncorrelated,
103,1.0,False,0.9163999930024147,5000,10,pre_filter,0.05,0.05,0.050272671813964845,uncorrelated,
104,1.0,False,0.9259000071324408,5000,10,pre_filter,0.05,0.05,0.050272671813964845,uncorrelated,
105,1.0,False,0.967200001468882,5000,10,pre_filter,0.05,0.05,0.050272671813964845,uncorrelated,
106,1.0,False,0.8871000027284026,5000,10,pre_filter,0.05,0.05,0.050272671813964845,uncorrelated,
107,1.0,False,0.9489000076428056,5000,10,pre_filter,0.05,0.05,0.050272671813964845,uncorrelated,
108,1.0,False,0.8348999981535599,5000,10,pre_filter,0.05,0.05,0.050272671813964845,uncorrelated,
109,1.0,False,0.9368000028189272,5000,10,pre_filter,0.05,0.05,0.050272671813964845,uncorrelated,
110,1.0,False,0.9564000065438449,5000,10,pre_filter,0.05,0.05,0.050272671813964845,uncorrelated,
111,1.0,False,0.8916999940993264,5000,10,pre_filter,0.05,0.05,0.050272671813964845,uncorrelated,
112,1.0,False,0.9544999920763075,5000,10,pre_filter,0.05,0.05,0.050272671813964845,uncorrelated,
113,1.0,False,0.833700003568083,5000,10,pre_filter,0.05,0.05,0.050272671813964845,uncorrelated,
114,1.0,False,0.9520000021439046,5000,10,pre_filter,0.05,0.05,0.050272671813964845,uncorrelated,
115,1.0,False,0.8181000011973083,5000,10,pre_filter,0.05,0.05,0.050272671813964845,uncorrelated,
116,1.0,False,0.9136999869951978,5000,10,pre_filter,0.05,0.05,0.050272671813964845,uncorrelated,
117,1.0,False,0.9557000012136996,5000,10,pre_filter,0.05,0.05,0.050272671813964845,uncorrelated,
118,1.0,False,0.8836000051815063,5000,10,pre_filter,0.05,0.05,0.050272671813964845,uncorrelated,
119,1.0,False,0.9936999995261431,5000,10,pre_filter,0.05,0.05,0.050272671813964845,uncorrelated,
120,1.0,False,0.861099993926473,5000,10,pre_filter,0.05,0.05,0.050272671813964845,uncorrelated,
121,1.0,False,1.3629000022774562,5000,10,pre_filter,0.05,0.05,0.050272671813964845,uncorrelated,
122,1.0,False,1.180699997348711,5000,10,pre_filter,0.05,0.05,0.050272671813964845,uncorrelated,
123,1.0,False,1.1914000060642138,5000,10,pre_filter,0.05,0.05,0.050272671813964845,uncorrelated,
124,1.0,False,1.0525999969104305,5000,10,pre_filter,0.05,0.05,0.050272671813964845,uncorrelated,
125,1.0,False,0.9422000002814457,5000,10,pre_filter,0.05,0.05,0.050272671813964845,uncorrelated,
126,1.0,False,1.0016000014729798,5000,10,pre_filter,0.05,0.05,0.050272671813964845,uncorrelated,
127,1.0,False,0.8585999894421548,5000,10,pre_filter,0.05,0.05,0.050272671813964845,uncorrelated,
128,1.0,False,1.0053000005427748,5000,10,pre_filter,0.05,0.05,0.050272671813964845,uncorrelated,
129,1.0,False,0.8358000050066039,5000,10,pre_filter,0.05,0.05,0.050272671813964845,uncorrelated,
130,1.0,False,1.0065000096801668,5000,10,pre_filter,0.05,0.05,0.050272671813964845,uncorrelated,
131,1.0,False,1.0550000006332994,5000,10,pre_filter,0.05,0.05,0.050272671813964845,uncorrelated,
132,1.0,False,0.9824000007938594,5000,10,pre_filter,0.05,0.05,0.050272671813964845,uncorrelated,
133,1.0,False,0.9751999896252528,5000,10,pre_filter,0.05,0.05,0.050272671813964845,uncorrelated,
134,1.0,False,0.8463999984087422,5000,10,pre_filter,0.05,0.05,0.050272671813964845,uncorrelated,
135,1.0,False,1.0067999974125996,5000,10,pre_filter,0.05,0.05,0.050272671813964845,uncorrelated,
136,1.0,False,0.8953999931691214,5000,10,pre_filter,0.05,0.05,0.050272671813964845,uncorrelated,
137,1.0,False,1.004100005957298,5000,10,pre_filter,0.05,0.05,0.050272671813964845,uncorrelated,
138,1.0,False,1.075799998943694,5000,10,pre_filter,0.05,0.05,0.050272671813964845,uncorrelated,
139,1.0,False,1.0389999952167273,5000,10,pre_filter,0.05,0.05,0.050272671813964845,uncorrelated,
140,1.0,False,0.9965000062948093,5000,10,pre_filter,0.05,0.05,0.050272671813964845,uncorrelated,
141,1.0,False,1.1119000118924305,5000,10,pre_filter,0.05,0.05,0.050272671813964845,uncorrelated,
142,1.0,False,0.9562000050209463,5000,10,pre_filter,0.05,0.05,0.050272671813964845,uncorrelated,
143,1.0,False,0.8358000050066039,5000,10,pre_filter,0.05,0.05,0.050272671813964845,uncorrelated,
144,1.0,False,0.9516999998595566,5000,10,pre_filter,0.05,0.05,0.050272671813964845,uncorrelated,
145,1.0,False,0.9146000084001571,5000,10,pre_filter,0.05,0.05,0.050272671813964845,uncorrelated,
146,1.0,False,0.9047000057762489,5000,10,pre_filter,0.05,0.05,0.050272671813964845,uncorrelated,
147,1.0,False,0.9858999983407557,5000,10,pre_filter,0.05,0.05,0.050272671813964845,uncorrelated,
148,1.0,False,0.9290000016335398,5000,10,pre_filter,0.05,0.05,0.050272671813964845,uncorrelated,
149,1.0,False,0.9622000070521608,5000,10,pre_filter,0.05,0.05,0.050272671813964845,uncorrelated,
150,1.0,False,0.8889999880921096,5000,10,pre_filter,0.05,0.05,0.050272671813964845,uncorrelated,
151,1.0,False,1.035799999954179,5000,10,pre_filter,0.05,0.05,0.050272671813964845,uncorrelated,
152,1.0,False,0.906300003407523,5000,10,pre_filter,0.05,0.05,0.050272671813964845,uncorrelated,
153,1.0,False,0.9005000028992072,5000,10,pre_filter,0.05,0.05,0.050272671813964845,uncorrelated,
154,1.0,False,0.8682999905431643,5000,10,pre_filter,0.05,0.05,0.050272671813964845,uncorrelated,
155,1.0,False,0.9479000000283122,5000,10,pre_filter,0.05,0.05,0.050272671813964845,uncorrelated,
156,1.0,False,1.0328999924240634,5000,10,pre_filter,0.05,0.05,0.050272671813964845,uncorrelated,
157,1.0,False,1.0334999969927594,5000,10,pre_filter,0.05,0.05,0.050272671813964845,uncorrelated,
158,1.0,False,0.8597999985795468,5000,10,pre_filter,0.05,0.05,0.050272671813964845,uncorrelated,
159,1.0,False,1.0474000009708107,5000,10,pre_filter,0.05,0.05,0.050272671813964845,uncorrelated,
160,1.0,False,0.9827000030782074,5000,10,pre_filter,0.05,0.05,0.050272671813964845,uncorrelated,
161,1.0,False,0.9153999999398366,5000,10,pre_filter,0.05,0.05,0.050272671813964845,uncorrelated,
162,1.0,False,0.9353000059491023,5000,10,pre_filter,0.05,0.05,0.050272671813964845,uncorrelated,
163,1.0,False,0.9041000012075529,5000,10,pre_filter,0.05,0.05,0.050272671813964845,uncorrelated,
164,1.0,False,1.0539000068092719,5000,10,pre_filter,0.05,0.05,0.050272671813964845,uncorrelated,
165,1.0,False,0.9233999880962074,5000,10,pre_filter,0.05,0.05,0.050272671813964845,uncorrelated,
166,1.0,False,0.9190999990096316,5000,10,pre_filter,0.05,0.05,0.050272671813964845,uncorrelated,
167,1.0,False,0.9700999944470823,5000,10,pre_filter,0.05,0.05,0.050272671813964845,uncorrelated,
168,1.0,False,0.9766000002855435,5000,10,pre_filter,0.05,0.05,0.050272671813964845,uncorrelated,
169,1.0,False,1.0151999886147678,5000,10,pre_filter,0.05,0.05,0.050272671813964845,uncorrelated,
170,1.0,False,0.9974999993573874,5000,10,pre_filter,0.05,0.05,0.050272671813964845,uncorrelated,
171,1.0,False,1.0258000111207366,5000,10,pre_filter,0.05,0.05,0.050272671813964845,uncorrelated,
172,1.0,False,0.8778000046731904,5000,10,pre_filter,0.05,0.05,0.050272671813964845,uncorrelated,
173,1.0,False,0.9934999980032444,5000,10,pre_filter,0.05,0.05,0.050272671813964845,uncorrelated,
174,1.0,False,0.8773000008659437,5000,10,pre_filter,0.05,0.05,0.050272671813964845,uncorrelated,
175,1.0,False,0.8614999969722703,5000,10,pre_filter,0.05,0.05,0.050272671813964845,uncorrelated,
176,1.0,False,1.0389999952167273,5000,10,pre_filter,0.05,0.05,0.050272671813964845,uncorrelated,
177,1.0,False,1.192399999126792,5000,10,pre_filter,0.05,0.05,0.050272671813964845,uncorrelated,
178,1.0,False,0.8614999969722703,5000,10,pre_filter,0.05,0.05,0.050272671813964845,uncorrelated,
179,1.0,False,0.9587000095052645,5000,10,pre_filter,0.05,0.05,0.050272671813964845,uncorrelated,
180,1.0,False,0.9652999870013446,5000,10,pre_filter,0.05,0.05,0.050272671813964845,uncorrelated,
181,1.0,False,0.9085999918170273,5000,10,pre_filter,0.05,0.05,0.050272671813964845,uncorrelated,
182,1.0,False,1.015500005451031,5000,10,pre_filter,0.05,0.05,0.050272671813964845,uncorrelated,
183,1.0,False,0.8240000024670735,5000,10,pre_filter,0.05,0.05,0.050272671813964845,uncorrelated,
184,1.0,False,1.0209000029135495,5000,10,pre_filter,0.05,0.05,0.050272671813964845,uncorrelated,
185,1.0,False,1.0337999992771074,5000,10,pre_filter,0.05,0.05,0.050272671813964845,uncorrelated,
186,1.0,False,0.9509999945294112,5000,10,pre_filter,0.05,0.05,0.050272671813964845,uncorrelated,
187,1.0,False,1.057900008163415,5000,10,pre_filter,0.05,0.05,0.050272671813964845,uncorrelated,
188,1.0,False,0.9443000017199665,5000,10,pre_filter,0.05,0.05,0.050272671813964845,uncorrelated,
189,1.0,False,0.8858999935910106,5000,10,pre_filter,0.05,0.05,0.050272671813964845,uncorrelated,
190,1.0,False,0.9529000089969486,5000,10,pre_filter,0.05,0.05,0.050272671813964845,uncorrelated,
191,1.0,False,0.8858999935910106,5000,10,pre_filter,0.05,0.05,0.050272671813964845,uncorrelated,
192,1.0,False,0.9766000002855435,5000,10,pre_filter,0.05,0.05,0.050272671813964845,uncorrelated,
193,1.0,False,0.9109000093303621,5000,10,pre_filter,0.05,0.05,0.050272671813964845,uncorrelated,
194,1.0,False,0.9444000024814159,5000,10,pre_filter,0.05,0.05,0.050272671813964845,uncorrelated,
195,1.0,False,0.8787000115262344,5000,10,pre_filter,0.05,0.05,0.050272671813964845,uncorrelated,
196,1.0,False,0.9982000046875328,5000,10,pre_filter,0.05,0.05,0.050272671813964845,uncorrelated,
197,1.0,False,0.8928999886848032,5000,10,pre_filter,0.05,0.05,0.050272671813964845,uncorrelated,
198,1.0,False,1.0131000017281622,5000,10,pre_filter,0.05,0.05,0.050272671813964845,uncorrelated,
199,1.0,False,0.8749000116949901,5000,10,pre_filter,0.05,0.05,0.050272671813964845,uncorrelated,
20,1.0,False,10.015300009399652,4121,10,post_filter,0.05,0.05,0.050272671813964845,uncorrelated,
21,1.0,False,11.460399997304194,6232,10,post_filter,0.05,0.05,0.050272671813964845,uncorrelated,
22,1.0,False,11.152599996421486,5080,10,post_filter,0.05,0.05,0.050272671813964845,uncorrelated,
23,1.0,False,11.640400000032969,6198,10,post_filter,0.05,0.05,0.050272671813964845,uncorrelated,
24,1.0,False,13.467199998558499,6883,10,post_filter,0.05,0.05,0.050272671813964845,uncorrelated,
25,1.0,False,12.147100002039224,6996,10,post_filter,0.05,0.05,0.050272671813964845,uncorrelated,
26,1.0,False,12.327300006290898,7183,10,post_filter,0.05,0.05,0.050272671813964845,uncorrelated,
27,1.0,False,11.108099992270581,6731,10,post_filter,0.05,0.05,0.050272671813964845,uncorrelated,
28,1.0,False,11.190700010047294,7026,10,post_filter,0.05,0.05,0.050272671813964845,uncorrelated,
29,1.0,False,8.695700002135709,3148,10,post_filter,0.05,0.05,0.050272671813964845,uncorrelated,
30,1.0,False,11.220699991099536,6256,10,post_filter,0.05,0.05,0.050272671813964845,uncorrelated,
31,1.0,False,12.289399994187988,7834,10,post_filter,0.05,0.05,0.050272671813964845,uncorrelated,
32,1.0,False,12.171399997896515,6816,10,post_filter,0.05,0.05,0.050272671813964845,uncorrelated,
33,1.0,False,11.143600000650622,6604,10,post_filter,0.05,0.05,0.050272671813964845,uncorrelated,
34,1.0,False,12.26630000746809,7503,10,post_filter,0.05,0.05,0.050272671813964845,uncorrelated,
35,1.0,False,12.75799999712035,8077,10,post_filter,0.05,0.05,0.050272671813964845,uncorrelated,
36,1.0,False,13.809700001729652,8776,10,post_filter,0.05,0.05,0.050272671813964845,uncorrelated,
37,1.0,False,11.890499998116866,5636,10,post_filter,0.05,0.05,0.050272671813964845,uncorrelated,
38,1.0,False,11.287400004221126,7115,10,post_filter,0.05,0.05,0.050272671813964845,uncorrelated,
39,1.0,False,8.818599992082454,4427,10,post_filter,0.05,0.05,0.050272671813964845,uncorrelated,
40,1.0,False,10.114899996551685,7751,10,post_filter,0.05,0.05,0.050272671813964845,uncorrelated,
41,1.0,False,8.02740000654012,3701,10,post_filter,0.05,0.05,0.050272671813964845,uncorrelated,
42,1.0,False,9.778999999980442,6874,10,post_filter,0.05,0.05,0.050272671813964845,uncorrelated,
43,1.0,False,10.70679999247659,8087,10,post_filter,0.05,0.05,0.050272671813964845,uncorrelated,
44,1.0,False,10.93060000857804,5249,10,post_filter,0.05,0.05,0.050272671813964845,uncorrelated,
45,1.0,False,12.038000000757165,6386,10,post_filter,0.05,0.05,0.050272671813964845,uncorrelated,
46,1.0,False,10.061900000437163,5190,10,post_filter,0.05,0.05,0.050272671813964845,uncorrelated,
47,1.0,False,11.390300001949072,8640,10,post_filter,0.05,0.05,0.050272671813964845,uncorrelated,
48,1.0,False,10.691700008464977,7125,10,post_filter,0.05,0.05,0.050272671813964845,uncorrelated,
49,1.0,False,9.45480000518728,5484,10,post_filter,0.05,0.05,0.050272671813964845,uncorrelated,
50,1.0,False,10.286100005032495,6875,10,post_filter,0.05,0.05,0.050272671813964845,uncorrelated,
51,1.0,False,9.188600000925362,5088,10,post_filter,0.05,0.05,0.050272671813964845,uncorrelated,
52,1.0,False,10.127399989869446,6689,10,post_filter,0.05,0.05,0.050272671813964845,uncorrelated,
53,1.0,False,11.384199999156408,6962,10,post_filter,0.05,0.05,0.050272671813964845,uncorrelated,
54,1.0,False,7.663199998205528,2829,10,post_filter,0.05,0.05,0.050272671813964845,uncorrelated,
55,1.0,False,8.826299992506392,3991,10,post_filter,0.05,0.05,0.050272671813964845,uncorrelated,
56,1.0,False,9.66980001248885,5813,10,post_filter,0.05,0.05,0.050272671813964845,uncorrelated,
57,1.0,False,10.7136000005994,7201,10,post_filter,0.05,0.05,0.050272671813964845,uncorrelated,
58,1.0,False,10.770699998829514,8229,10,post_filter,0.05,0.05,0.050272671813964845,uncorrelated,
59,1.0,False,7.643200005986728,2947,10,post_filter,0.05,0.05,0.050272671813964845,uncorrelated,
60,1.0,False,11.490400007460266,7425,10,post_filter,0.05,0.05,0.050272671813964845,uncorrelated,
61,1.0,False,9.276600001612678,5156,10,post_filter,0.05,0.05,0.050272671813964845,uncorrelated,
62,1.0,False,7.9415999935008585,3250,10,post_filter,0.05,0.05,0.050272671813964845,uncorrelated,
63,1.0,False,9.124299991526641,4337,10,post_filter,0.05,0.05,0.050272671813964845,uncorrelated,
64,1.0,False,10.132399998838082,4868,10,post_filter,0.05,0.05,0.050272671813964845,uncorrelated,
65,1.0,False,8.403800005908124,3985,10,post_filter,0.05,0.05,0.050272671813964845,uncorrelated,
66,1.0,False,9.034800008521415,4700,10,post_filter,0.05,0.05,0.050272671813964845,uncorrelated,
67,1.0,False,9.228499999153428,4343,10,post_filter,0.05,0.05,0.050272671813964845,uncorrelated,
68,1.0,False,8.725400010007434,4194,10,post_filter,0.05,0.05,0.050272671813964845,uncorrelated,
69,1.0,False,9.694800013676286,6982,10,post_filter,0.05,0.05,0.050272671813964845,uncorrelated,
70,1.0,False,7.646099998964928,2875,10,post_filter,0.05,0.05,0.050272671813964845,uncorrelated,
71,1.0,False,9.062800003448501,5128,10,post_filter,0.05,0.05,0.050272671813964845,uncorrelated,
72,1.0,False,11.083699995651841,9270,10,post_filter,0.05,0.05,0.050272671813964845,uncorrelated,
73,1.0,False,9.79419999930542,6106,10,post_filter,0.05,0.05,0.050272671813964845,uncorrelated,
74,1.0,False,9.898799995426089,6608,10,post_filter,0.05,0.05,0.050272671813964845,uncorrelated,
75,1.0,False,10.567499994067475,7573,10,post_filter,0.05,0.05,0.050272671813964845,uncorrelated,
76,1.0,False,9.184200011077337,5553,10,post_filter,0.05,0.05,0.050272671813964845,uncorrelated,
77,1.0,False,10.119700003997423,6467,10,post_filter,0.05,0.05,0.050272671813964845,uncorrelated,
78,1.0,False,10.411000010208227,6969,10,post_filter,0.05,0.05,0.050272671813964845,uncorrelated,
79,1.0,False,8.41999999829568,3112,10,post_filter,0.05,0.05,0.050272671813964845,uncorrelated,
80,1.0,False,10.210799999185838,5789,10,post_filter,0.05,0.05,0.050272671813964845,uncorrelated,
81,1.0,False,11.175999999977648,8075,10,post_filter,0.05,0.05,0.050272671813964845,uncorrelated,
82,1.0,False,10.078099992824718,7719,10,post_filter,0.05,0.05,0.050272671813964845,uncorrelated,
83,1.0,False,9.560899998177774,6153,10,post_filter,0.05,0.05,0.050272671813964845,uncorrelated,
84,1.0,False,10.212399996817112,7438,10,post_filter,0.05,0.05,0.050272671813964845,uncorrelated,
85,1.0,False,9.608799999114126,5197,10,post_filter,0.05,0.05,0.050272671813964845,uncorrelated,
86,1.0,False,9.861799990176223,4306,10,post_filter,0.05,0.05,0.050272671813964845,uncorrelated,
87,1.0,False,8.363899993128143,3756,10,post_filter,0.05,0.05,0.050272671813964845,uncorrelated,
88,1.0,False,9.0036999899894,4410,10,post_filter,0.05,0.05,0.050272671813964845,uncorrelated,
89,1.0,False,8.429299996350892,3683,10,post_filter,0.05,0.05,0.050272671813964845,uncorrelated,
90,1.0,False,8.851699996739626,4401,10,post_filter,0.05,0.05,0.050272671813964845,uncorrelated,
91,1.0,False,9.640699994633906,5686,10,post_filter,0.05,0.05,0.050272671813964845,uncorrelated,
92,1.0,False,10.383999993791804,7791,10,post_filter,0.05,0.05,0.050272671813964845,uncorrelated,
93,1.0,False,9.168899996438995,5025,10,post_filter,0.05,0.05,0.050272671813964845,uncorrelated,
94,1.0,False,7.688300000154413,3713,10,post_filter,0.05,0.05,0.050272671813964845,uncorrelated,
95,1.0,False,10.013100007199682,6787,10,post_filter,0.05,0.05,0.050272671813964845,uncorrelated,
96,1.0,False,10.655199992470443,7617,10,post_filter,0.05,0.05,0.050272671813964845,uncorrelated,
97,1.0,False,9.543599997414276,5887,10,post_filter,0.05,0.05,0.050272671813964845,uncorrelated,
98,1.0,False,7.702300004893914,2847,10,post_filter,0.05,0.05,0.050272671813964845,uncorrelated,
99,1.0,False,9.71939999726601,6679,10,post_filter,0.05,0.05,0.050272671813964845,uncorrelated,
100,1.0,False,10.080899999593385,5845,10,post_filter,0.05,0.05,0.050272671813964845,uncorrelated,
101,1.0,False,9.582200000295416,5144,10,post_filter,0.05,0.05,0.050272671813964845,uncorrelated,
102,1.0,False,10.768000007374212,7432,10,post_filter,0.05,0.05,0.050272671813964845,uncorrelated,
103,1.0,False,10.20079999580048,6781,10,post_filter,0.05,0.05,0.050272671813964845,uncorrelated,
104,1.0,False,8.423799998126924,4239,10,post_filter,0.05,0.05,0.050272671813964845,uncorrelated,
105,1.0,False,9.40219999756664,5221,10,post_filter,0.05,0.05,0.050272671813964845,uncorrelated,
106,1.0,False,8.306399991852231,3494,10,post_filter,0.05,0.05,0.050272671813964845,uncorrelated,
107,1.0,False,8.786799997324124,3501,10,post_filter,0.05,0.05,0.050272671813964845,uncorrelated,
108,1.0,False,7.82880000770092,2914,10,post_filter,0.05,0.05,0.050272671813964845,uncorrelated,
109,1.0,False,10.230600004433654,5899,10,post_filter,0.05,0.05,0.050272671813964845,uncorrelated,
110,1.0,False,8.455599992885254,3723,10,post_filter,0.05,0.05,0.050272671813964845,uncorrelated,
111,1.0,False,10.274800006300211,7976,10,post_filter,0.05,0.05,0.050272671813964845,uncorrelated,
112,1.0,False,8.887999996659346,4041,10,post_filter,0.05,0.05,0.050272671813964845,uncorrelated,
113,1.0,False,10.364099987782538,6849,10,post_filter,0.05,0.05,0.050272671813964845,uncorrelated,
114,1.0,False,9.731400001328439,5035,10,post_filter,0.05,0.05,0.050272671813964845,uncorrelated,
115,1.0,False,10.602100010146387,7348,10,post_filter,0.05,0.05,0.050272671813964845,uncorrelated,
116,1.0,False,7.298800002899952,2704,10,post_filter,0.05,0.05,0.050272671813964845,uncorrelated,
117,1.0,False,13.077600000542589,9573,10,post_filter,0.05,0.05,0.050272671813964845,uncorrelated,
118,1.0,False,11.890599998878315,7349,10,post_filter,0.05,0.05,0.050272671813964845,uncorrelated,
119,1.0,False,14.12569999229163,3253,10,post_filter,0.05,0.05,0.050272671813964845,uncorrelated,
120,1.0,False,11.058899995987304,6221,10,post_filter,0.05,0.05,0.050272671813964845,uncorrelated,
121,1.0,False,9.832499999902211,5463,10,post_filter,0.05,0.05,0.050272671813964845,uncorrelated,
122,1.0,False,12.080900007276796,8019,10,post_filter,0.05,0.05,0.050272671813964845,uncorrelated,
123,1.0,False,9.724999996251427,5340,10,post_filter,0.05,0.05,0.050272671813964845,uncorrelated,
124,1.0,False,10.113099997397512,5922,10,post_filter,0.05,0.05,0.050272671813964845,uncorrelated,
125,1.0,False,11.25799999863375,6605,10,post_filter,0.05,0.05,0.050272671813964845,uncorrelated,
126,1.0,False,11.020800011465326,7528,10,post_filter,0.05,0.05,0.050272671813964845,uncorrelated,
127,1.0,False,10.894699997152202,6856,10,post_filter,0.05,0.05,0.050272671813964845,uncorrelated,
128,1.0,False,10.554000007687137,6194,10,post_filter,0.05,0.05,0.050272671813964845,uncorrelated,
129,1.0,False,10.211699991486967,5728,10,post_filter,0.05,0.05,0.050272671813964845,uncorrelated,
130,1.0,False,10.769400003482588,8425,10,post_filter,0.05,0.05,0.050272671813964845,uncorrelated,
131,1.0,False,9.93120000930503,6184,10,post_filter,0.05,0.05,0.050272671813964845,uncorrelated,
132,1.0,False,10.542899995925836,8336,10,post_filter,0.05,0.05,0.050272671813964845,uncorrelated,
133,1.0,False,10.223799996310845,7942,10,post_filter,0.05,0.05,0.050272671813964845,uncorrelated,
134,1.0,False,9.59399998828303,3574,10,post_filter,0.05,0.05,0.050272671813964845,uncorrelated,
135,1.0,False,10.102899992489256,6788,10,post_filter,0.05,0.05,0.050272671813964845,uncorrelated,
136,1.0,False,10.185499995714054,7841,10,post_filter,0.05,0.05,0.050272671813964845,uncorrelated,
137,1.0,False,10.40899999497924,8025,10,post_filter,0.05,0.05,0.050272671813964845,uncorrelated,
138,1.0,False,9.463900001719594,6282,10,post_filter,0.05,0.05,0.050272671813964845,uncorrelated,
139,1.0,False,10.228600003756583,6676,10,post_filter,0.05,0.05,0.050272671813964845,uncorrelated,
140,1.0,False,11.007899985997938,7847,10,post_filter,0.05,0.05,0.050272671813964845,uncorrelated,
141,1.0,False,9.310800000093877,5578,10,post_filter,0.05,0.05,0.050272671813964845,uncorrelated,
142,1.0,False,10.343600006308407,7737,10,post_filter,0.05,0.05,0.050272671813964845,uncorrelated,
143,1.0,False,9.562799998093396,4737,10,post_filter,0.05,0.05,0.050272671813964845,uncorrelated,
144,1.0,False,9.98599999002181,6339,10,post_filter,0.05,0.05,0.050272671813964845,uncorrelated,
145,1.0,False,9.211100012180395,4964,10,post_filter,0.05,0.05,0.050272671813964845,uncorrelated,
146,1.0,False,10.304199997335672,7097,10,post_filter,0.05,0.05,0.050272671813964845,uncorrelated,
147,1.0,False,10.672099990188144,6977,10,post_filter,0.05,0.05,0.050272671813964845,uncorrelated,
148,1.0,False,10.098400001879781,6779,10,post_filter,0.05,0.05,0.050272671813964845,uncorrelated,
149,1.0,False,10.082099994178861,7986,10,post_filter,0.05,0.05,0.050272671813964845,uncorrelated,
150,1.0,False,10.165799991227686,7262,10,post_filter,0.05,0.05,0.050272671813964845,uncorrelated,
151,1.0,False,7.801100000506267,2843,10,post_filter,0.05,0.05,0.050272671813964845,uncorrelated,
152,1.0,False,9.79130000632722,7010,10,post_filter,0.05,0.05,0.050272671813964845,uncorrelated,
153,1.0,False,10.035200000857003,6368,10,post_filter,0.05,0.05,0.050272671813964845,uncorrelated,
154,1.0,False,10.101299994857982,7209,10,post_filter,0.05,0.05,0.050272671813964845,uncorrelated,
155,1.0,False,9.51639999402687,6589,10,post_filter,0.05,0.05,0.050272671813964845,uncorrelated,
156,1.0,False,10.317499996745028,7459,10,post_filter,0.05,0.05,0.050272671813964845,uncorrelated,
157,1.0,False,10.86100000247825,8491,10,post_filter,0.05,0.05,0.050272671813964845,uncorrelated,
158,1.0,False,10.616700004902668,7527,10,post_filter,0.05,0.05,0.050272671813964845,uncorrelated,
159,1.0,False,11.071100001572631,7165,10,post_filter,0.05,0.05,0.050272671813964845,uncorrelated,
160,1.0,False,11.253100004978478,7259,10,post_filter,0.05,0.05,0.050272671813964845,uncorrelated,
161,1.0,False,10.481999997864477,7324,10,post_filter,0.05,0.05,0.050272671813964845,uncorrelated,
162,1.0,False,11.652099987259135,8370,10,post_filter,0.05,0.05,0.050272671813964845,uncorrelated,
163,1.0,False,10.118400008650497,7194,10,post_filter,0.05,0.05,0.050272671813964845,uncorrelated,
164,1.0,False,9.712200000649318,6470,10,post_filter,0.05,0.05,0.050272671813964845,uncorrelated,
165,1.0,False,11.155900006997399,5971,10,post_filter,0.05,0.05,0.050272671813964845,uncorrelated,
166,1.0,False,10.250300008920021,6694,10,post_filter,0.05,0.05,0.050272671813964845,uncorrelated,
167,1.0,False,10.386599999037571,7681,10,post_filter,0.05,0.05,0.050272671813964845,uncorrelated,
168,1.0,False,10.09630000044126,6408,10,post_filter,0.05,0.05,0.050272671813964845,uncorrelated,
169,1.0,False,9.560600010445341,6320,10,post_filter,0.05,0.05,0.050272671813964845,uncorrelated,
170,1.0,False,10.168099994189106,6821,10,post_filter,0.05,0.05,0.050272671813964845,uncorrelated,
171,1.0,False,10.13420001254417,7087,10,post_filter,0.05,0.05,0.050272671813964845,uncorrelated,
172,1.0,False,10.250099992845207,7786,10,post_filter,0.05,0.05,0.050272671813964845,uncorrelated,
173,1.0,False,10.229499996057712,6718,10,post_filter,0.05,0.05,0.050272671813964845,uncorrelated,
174,1.0,False,10.233900000457652,6546,10,post_filter,0.05,0.05,0.050272671813964845,uncorrelated,
175,1.0,False,10.533000007853843,7296,10,post_filter,0.05,0.05,0.050272671813964845,uncorrelated,
176,1.0,False,10.418399993795902,8044,10,post_filter,0.05,0.05,0.050272671813964845,uncorrelated,
177,1.0,False,10.72149998799432,7239,10,post_filter,0.05,0.05,0.050272671813964845,uncorrelated,
178,1.0,False,9.585400010109879,6623,10,post_filter,0.05,0.05,0.050272671813964845,uncorrelated,
179,1.0,False,10.104199987836182,6423,10,post_filter,0.05,0.05,0.050272671813964845,uncorrelated,
180,1.0,False,9.766100003616884,5440,10,post_filter,0.05,0.05,0.050272671813964845,uncorrelated,
181,1.0,False,9.99999999476131,7207,10,post_filter,0.05,0.05,0.050272671813964845,uncorrelated,
182,1.0,False,10.047199990367517,6417,10,post_filter,0.05,0.05,0.050272671813964845,uncorrelated,
183,1.0,False,9.89560000016354,6411,10,post_filter,0.05,0.05,0.050272671813964845,uncorrelated,
184,1.0,False,9.834500000579283,7063,10,post_filter,0.05,0.05,0.050272671813964845,uncorrelated,
185,1.0,False,7.901100005256012,2764,10,post_filter,0.05,0.05,0.050272671813964845,uncorrelated,
186,1.0,False,9.047800005646423,5618,10,post_filter,0.05,0.05,0.050272671813964845,uncorrelated,
187,1.0,False,10.460299992701039,7888,10,post_filter,0.05,0.05,0.050272671813964845,uncorrelated,
188,1.0,False,9.316700001363643,6333,10,post_filter,0.05,0.05,0.050272671813964845,uncorrelated,
189,1.0,False,10.767300002044067,7712,10,post_filter,0.05,0.05,0.050272671813964845,uncorrelated,
190,1.0,False,9.976200002711266,6240,10,post_filter,0.05,0.05,0.050272671813964845,uncorrelated,
191,1.0,False,10.720300007960759,8112,10,post_filter,0.05,0.05,0.050272671813964845,uncorrelated,
192,1.0,False,10.772299996460788,8113,10,post_filter,0.05,0.05,0.050272671813964845,uncorrelated,
193,1.0,False,10.67709999915678,5824,10,post_filter,0.05,0.05,0.050272671813964845,uncorrelated,
194,1.0,False,10.20089999656193,7856,10,post_filter,0.05,0.05,0.050272671813964845,uncorrelated,
195,1.0,False,10.672400007024407,8325,10,post_filter,0.05,0.05,0.050272671813964845,uncorrelated,
196,1.0,False,10.684000008041039,8374,10,post_filter,0.05,0.05,0.050272671813964845,uncorrelated,
197,1.0,False,10.16679999884218,7225,10,post_filter,0.05,0.05,0.050272671813964845,uncorrelated,
198,1.0,False,8.194599999114871,3527,10,post_filter,0.05,0.05,0.050272671813964845,uncorrelated,
199,1.0,False,11.069800006225705,8934,10,post_filter,0.05,0.05,0.050272671813964845,uncorrelated,
20,1.0,False,54.172700009075925,23687,10,predicate_aware,0.05,0.05,0.050272671813964845,uncorrelated,
21,1.0,False,59.89380000391975,30074,10,predicate_aware,0.05,0.05,0.050272671813964845,uncorrelated,
22,1.0,False,61.06520000321325,30048,10,predicate_aware,0.05,0.05,0.050272671813964845,uncorrelated,
23,1.0,False,66.1761000083061,30075,10,predicate_aware,0.05,0.05,0.050272671813964845,uncorrelated,
24,1.0,False,53.401600001961924,30118,10,predicate_aware,0.05,0.05,0.050272671813964845,uncorrelated,
25,1.0,False,58.204200002364814,30050,10,predicate_aware,0.05,0.05,0.050272671813964845,uncorrelated,
26,1.0,False,53.82479999389034,30083,10,predicate_aware,0.05,0.05,0.050272671813964845,uncorrelated,
27,1.0,False,59.38639999658335,30131,10,predicate_aware,0.05,0.05,0.050272671813964845,uncorrelated,
28,1.0,False,56.779599995934404,30086,10,predicate_aware,0.05,0.05,0.050272671813964845,uncorrelated,
29,1.0,False,60.086400000727735,26595,10,predicate_aware,0.05,0.05,0.050272671813964845,uncorrelated,
30,1.0,False,56.35689999326132,30113,10,predicate_aware,0.05,0.05,0.050272671813964845,uncorrelated,
31,1.0,False,44.40329999488313,30076,10,predicate_aware,0.05,0.05,0.050272671813964845,uncorrelated,
32,1.0,False,51.44619999919087,30059,10,predicate_aware,0.05,0.05,0.050272671813964845,uncorrelated,
33,1.0,False,57.509200007189065,30056,10,predicate_aware,0.05,0.05,0.050272671813964845,uncorrelated,
34,1.0,False,47.91100000147708,30067,10,predicate_aware,0.05,0.05,0.050272671813964845,uncorrelated,
35,1.0,False,51.68319999938831,30087,10,predicate_aware,0.05,0.05,0.050272671813964845,uncorrelated,
36,1.0,False,50.86670001037419,30069,10,predicate_aware,0.05,0.05,0.050272671813964845,uncorrelated,
37,1.0,False,60.38720000651665,30069,10,predicate_aware,0.05,0.05,0.050272671813964845,uncorrelated,
38,1.0,False,49.037499993573874,30088,10,predicate_aware,0.05,0.05,0.050272671813964845,uncorrelated,
39,1.0,False,53.83659999642987,22176,10,predicate_aware,0.05,0.05,0.050272671813964845,uncorrelated,
40,1.0,False,42.88539999106433,30067,10,predicate_aware,0.05,0.05,0.050272671813964845,uncorrelated,
41,1.0,False,57.97409999649972,24273,10,predicate_aware,0.05,0.05,0.050272671813964845,uncorrelated,
42,1.0,False,62.058399998932146,30079,10,predicate_aware,0.05,0.05,0.050272671813964845,uncorrelated,
43,1.0,False,47.74760000873357,30075,10,predicate_aware,0.05,0.05,0.050272671813964845,uncorrelated,
44,1.0,False,66.52720000420231,28064,10,predicate_aware,0.05,0.05,0.050272671813964845,uncorrelated,
45,1.0,False,57.715300004929304,30076,10,predicate_aware,0.05,0.05,0.050272671813964845,uncorrelated,
46,1.0,False,63.998500001616776,26173,10,predicate_aware,0.05,0.05,0.050272671813964845,uncorrelated,
47,1.0,False,45.683200005441904,30088,10,predicate_aware,0.05,0.05,0.050272671813964845,uncorrelated,
48,1.0,False,50.61399999249261,30048,10,predicate_aware,0.05,0.05,0.050272671813964845,uncorrelated,
49,1.0,False,58.18929999077227,30088,10,predicate_aware,0.05,0.05,0.050272671813964845,uncorrelated,
50,1.0,False,47.04190000484232,30066,10,predicate_aware,0.05,0.05,0.050272671813964845,uncorrelated,
51,1.0,False,53.78029998973943,24947,10,predicate_aware,0.05,0.05,0.050272671813964845,uncorrelated,
52,1.0,False,58.72530001215637,30049,10,predicate_aware,0.05,0.05,0.050272671813964845,uncorrelated,
53,1.0,False,52.23279999336228,30071,10,predicate_aware,0.05,0.05,0.050272671813964845,uncorrelated,
54,1.0,False,56.84140000084881,21767,10,predicate_aware,0.05,0.05,0.050272671813964845,uncorrelated,
55,1.0,False,57.00559999968391,25090,10,predicate_aware,0.05,0.05,0.050272671813964845,uncorrelated,
56,1.0,False,61.531899991678074,30080,10,predicate_aware,0.05,0.05,0.050272671813964845,uncorrelated,
57,1.0,False,55.635099997743964,30048,10,predicate_aware,0.05,0.05,0.050272671813964845,uncorrelated,
58,1.0,False,42.79819999646861,30086,10,predicate_aware,0.05,0.05,0.050272671813964845,uncorrelated,
59,1.0,False,62.44179999339394,24872,10,predicate_aware,0.05,0.05,0.050272671813964845,uncorrelated,
60,1.0,False,49.40060000808444,30072,10,predicate_aware,0.05,0.05,0.050272671813964845,uncorrelated,
61,1.0,False,61.19340000441298,30071,10,predicate_aware,0.05,0.05,0.050272671813964845,uncorrelated,
62,1.0,False,54.8317000066163,23605,10,predicate_aware,0.05,0.05,0.050272671813964845,uncorrelated,
63,1.0,False,63.70360001164954,25721,10,predicate_aware,0.05,0.05,0.050272671813964845,uncorrelated,
64,1.0,False,74.51349998882506,28269,10,predicate_aware,0.05,0.05,0.050272671813964845,uncorrelated,
65,1.0,False,59.8829999944428,23209,10,predicate_aware,0.05,0.05,0.050272671813964845,uncorrelated,
66,1.0,False,79.92819999344647,30079,10,predicate_aware,0.05,0.05,0.050272671813964845,uncorrelated,
67,1.0,False,74.63970000389963,25374,10,predicate_aware,0.05,0.05,0.050272671813964845,uncorrelated,
68,1.0,False,67.14439998904709,25315,10,predicate_aware,0.05,0.05,0.050272671813964845,uncorrelated,
69,1.0,False,50.9705999866128,30056,10,predicate_aware,0.05,0.05,0.050272671813964845,uncorrelated,
70,1.0,False,57.645499997306615,22765,10,predicate_aware,0.05,0.05,0.050272671813964845,uncorrelated,
71,1.0,False,66.77920000220183,29003,10,predicate_aware,0.05,0.05,0.050272671813964845,uncorrelated,
72,1.0,False,47.21770000469405,30069,10,predicate_aware,0.05,0.05,0.050272671813964845,uncorrelated,
73,1.0,False,65.90509999659844,30077,10,predicate_aware,0.05,0.05,0.050272671813964845,uncorrelated,
74,1.0,False,61.43030000384897,30099,10,predicate_aware,0.05,0.05,0.050272671813964845,uncorrelated,
75,1.0,False,47.803199995541945,30101,10,predicate_aware,0.05,0.05,0.050272671813964845,uncorrelated,
76,1.0,False,59.638999999151565,25731,10,predicate_aware,0.05,0.05,0.050272671813964845,uncorrelated,
77,1.0,False,53.696300004958175,30063,10,predicate_aware,0.05,0.05,0.050272671813964845,uncorrelated,
78,1.0,False,54.90740000095684,30079,10,predicate_aware,0.05,0.05,0.050272671813964845,uncorrelated,
79,1.0,False,57.47109999356326,23173,10,predicate_aware,0.05,0.05,0.050272671813964845,uncorrelated,
80,1.0,False,57.62979999417439,26360,10,predicate_aware,0.05,0.05,0.050272671813964845,uncorrelated,
81,1.0,False,50.21390000183601,30078,10,predicate_aware,0.05,0.05,0.050272671813964845,uncorrelated,
82,1.0,False,49.62340000201948,30116,10,predicate_aware,0.05,0.05,0.050272671813964845,uncorrelated,
83,1.0,False,56.3516999973217,30080,10,predicate_aware,0.05,0.05,0.050272671813964845,uncorrelated,
84,1.0,False,53.54540000553243,30095,10,predicate_aware,0.05,0.05,0.050272671813964845,uncorrelated,
85,1.0,False,47.526800000923686,30091,10,predicate_aware,0.05,0.05,0.050272671813964845,uncorrelated,
86,1.0,False,64.89530000544619,27684,10,predicate_aware,0.05,0.05,0.050272671813964845,uncorrelated,
87,1.0,False,61.47840000630822,30046,10,predicate_aware,0.05,0.05,0.050272671813964845,uncorrelated,
88,1.0,False,55.76469999505207,23685,10,predicate_aware,0.05,0.05,0.050272671813964845,uncorrelated,
89,1.0,False,59.92690000857692,24155,10,predicate_aware,0.05,0.05,0.050272671813964845,uncorrelated,
90,1.0,False,63.699299993459135,28523,10,predicate_aware,0.05,0.05,0.050272671813964845,uncorrelated,
91,1.0,False,63.59890000021551,30051,10,predicate_aware,0.05,0.05,0.050272671813964845,uncorrelated,
92,1.0,False,42.27639999589883,30108,10,predicate_aware,0.05,0.05,0.050272671813964845,uncorrelated,
93,1.0,False,59.600299995508976,27803,10,predicate_aware,0.05,0.05,0.050272671813964845,uncorrelated,
94,1.0,False,60.0784999987809,28644,10,predicate_aware,0.05,0.05,0.050272671813964845,uncorrelated,
95,1.0,False,56.282999998074956,30069,10,predicate_aware,0.05,0.05,0.050272671813964845,uncorrelated,
96,1.0,False,48.637899992172606,30086,10,predicate_aware,0.05,0.05,0.050272671813964845,uncorrelated,
97,1.0,False,61.60040000395384,29592,10,predicate_aware,0.05,0.05,0.050272671813964845,uncorrelated,
98,1.0,False,59.273100006976165,24187,10,predicate_aware,0.05,0.05,0.050272671813964845,uncorrelated,
99,1.0,False,56.93479999899864,30070,10,predicate_aware,0.05,0.05,0.050272671813964845,uncorrelated,
100,1.0,False,56.815699994331226,30061,10,predicate_aware,0.05,0.05,0.050272671813964845,uncorrelated,
101,1.0,False,63.09280000277795,30076,10,predicate_aware,0.05,0.05,0.050272671813964845,uncorrelated,
102,1.0,False,53.505699994275346,30063,10,predicate_aware,0.05,0.05,0.050272671813964845,uncorrelated,
103,1.0,False,69.06750000780448,30079,10,predicate_aware,0.05,0.05,0.050272671813964845,uncorrelated,
104,1.0,False,63.99589999637101,27277,10,predicate_aware,0.05,0.05,0.050272671813964845,uncorrelated,
105,1.0,False,70.90120000066236,29316,10,predicate_aware,0.05,0.05,0.050272671813964845,uncorrelated,
106,1.0,False,76.58229999651667,25331,10,predicate_aware,0.05,0.05,0.050272671813964845,uncorrelated,
107,1.0,False,77.02419999986887,27799,10,predicate_aware,0.05,0.05,0.050272671813964845,uncorrelated,
108,1.0,False,65.88310000370257,24106,10,predicate_aware,0.05,0.05,0.050272671813964845,uncorrelated,
109,1.0,False,57.34289999236353,27204,10,predicate_aware,0.05,0.05,0.050272671813964845,uncorrelated,
110,1.0,False,56.057100009638816,25051,10,predicate_aware,0.05,0.05,0.050272671813964845,uncorrelated,
111,1.0,False,47.40680000395514,30059,10,predicate_aware,0.05,0.05,0.050272671813964845,uncorrelated,
112,1.0,False,70.13230001030024,29987,10,predicate_aware,0.05,0.05,0.050272671813964845,uncorrelated,
113,1.0,False,70.57019999774639,30098,10,predicate_aware,0.05,0.05,0.050272671813964845,uncorrelated,
114,1.0,False,63.98479999916162,30103,10,predicate_aware,0.05,0.05,0.050272671813964845,uncorrelated,
115,1.0,False,61.05460000981111,30077,10,predicate_aware,0.05,0.05,0.050272671813964845,uncorrelated,
116,1.0,False,58.80899999465328,23861,10,predicate_aware,0.05,0.05,0.050272671813964845,uncorrelated,
117,1.0,False,39.13259999535512,30071,10,predicate_aware,0.05,0.05,0.050272671813964845,uncorrelated,
118,1.0,False,54.32129999098834,30062,10,predicate_aware,0.05,0.05,0.050272671813964845,uncorrelated,
119,1.0,False,61.37799999851268,25542,10,predicate_aware,0.05,0.05,0.050272671813964845,uncorrelated,
120,1.0,False,63.83549999736715,29414,10,predicate_aware,0.05,0.05,0.050272671813964845,uncorrelated,
121,1.0,False,62.71139999444131,28821,10,predicate_aware,0.05,0.05,0.050272671813964845,uncorrelated,
122,1.0,False,41.118199995253235,30079,10,predicate_aware,0.05,0.05,0.050272671813964845,uncorrelated,
123,1.0,False,64.8254999978235,30100,10,predicate_aware,0.05,0.05,0.050272671813964845,uncorrelated,
124,1.0,False,52.86579999665264,30078,10,predicate_aware,0.05,0.05,0.050272671813964845,uncorrelated,
125,1.0,False,59.38679999962915,30107,10,predicate_aware,0.05,0.05,0.050272671813964845,uncorrelated,
126,1.0,False,50.76779999944847,30068,10,predicate_aware,0.05,0.05,0.050272671813964845,uncorrelated,
127,1.0,False,63.314799990621395,30064,10,predicate_aware,0.05,0.05,0.050272671813964845,uncorrelated,
128,1.0,False,57.85430000105407,30077,10,predicate_aware,0.05,0.05,0.050272671813964845,uncorrelated,
129,1.0,False,57.075299991993234,30068,10,predicate_aware,0.05,0.05,0.050272671813964845,uncorrelated,
130,1.0,False,40.951499991933815,30067,10,predicate_aware,0.05,0.05,0.050272671813964845,uncorrelated,
131,1.0,False,65.9109999978682,28238,10,predicate_aware,0.05,0.05,0.050272671813964845,uncorrelated,
132,1.0,False,56.319600000279024,30072,10,predicate_aware,0.05,0.05,0.050272671813964845,uncorrelated,
133,1.0,False,46.03459998907056,30087,10,predicate_aware,0.05,0.05,0.050272671813964845,uncorrelated,
134,1.0,False,70.92220000049565,26938,10,predicate_aware,0.05,0.05,0.050272671813964845,uncorrelated,
135,1.0,False,54.53229999693576,30089,10,predicate_aware,0.05,0.05,0.050272671813964845,uncorrelated,
136,1.0,False,51.76489999576006,30041,10,predicate_aware,0.05,0.05,0.050272671813964845,uncorrelated,
137,1.0,False,43.92309999093413,30071,10,predicate_aware,0.05,0.05,0.050272671813964845,uncorrelated,
138,1.0,False,66.28909999562893,30101,10,predicate_aware,0.05,0.05,0.050272671813964845,uncorrelated,
139,1.0,False,58.041900003445335,30055,10,predicate_aware,0.05,0.05,0.050272671813964845,uncorrelated,
140,1.0,False,56.31229998834897,30045,10,predicate_aware,0.05,0.05,0.050272671813964845,uncorrelated,
141,1.0,False,61.688100002356805,30078,10,predicate_aware,0.05,0.05,0.050272671813964845,uncorrelated,
142,1.0,False,53.03209999692626,30085,10,predicate_aware,0.05,0.05,0.050272671813964845,uncorrelated,
143,1.0,False,59.329199997591786,26313,10,predicate_aware,0.05,0.05,0.050272671813964845,uncorrelated,
144,1.0,False,59.167500003241,30072,10,predicate_aware,0.05,0.05,0.050272671813964845,uncorrelated,
145,1.0,False,75.82519999414217,28341,10,predicate_aware,0.05,0.05,0.050272671813964845,uncorrelated,
146,1.0,False,66.27780001144856,30070,10,predicate_aware,0.05,0.05,0.050272671813964845,uncorrelated,
147,1.0,False,66.75040000118315,30067,10,predicate_aware,0.05,0.05,0.050272671813964845,uncorrelated,
148,1.0,False,74.4464000017615,29850,10,predicate_aware,0.05,0.05,0.050272671813964845,uncorrelated,
149,1.0,False,45.59300000255462,30040,10,predicate_aware,0.05,0.05,0.050272671813964845,uncorrelated,
150,1.0,False,51.81109999830369,30087,10,predicate_aware,0.05,0.05,0.050272671813964845,uncorrelated,
151,1.0,False,60.223400010727346,22255,10,predicate_aware,0.05,0.05,0.050272671813964845,uncorrelated,
152,1.0,False,60.404399991966784,30064,10,predicate_aware,0.05,0.05,0.050272671813964845,uncorrelated,
153,1.0,False,68.34349999553524,28227,10,predicate_aware,0.05,0.05,0.050272671813964845,uncorrelated,
154,1.0,False,46.2651999987429,30093,10,predicate_aware,0.05,0.05,0.050272671813964845,uncorrelated,
155,1.0,False,54.857200011610985,30052,10,predicate_aware,0.05,0.05,0.050272671813964845,uncorrelated,
156,1.0,False,54.674300001352094,30055,10,predicate_aware,0.05,0.05,0.050272671813964845,uncorrelated,
157,1.0,False,47.345500002847984,30079,10,predicate_aware,0.05,0.05,0.050272671813964845,uncorrelated,
158,1.0,False,52.92760000156704,30059,10,predicate_aware,0.05,0.05,0.050272671813964845,uncorrelated,
159,1.0,False,55.847399999038316,30057,10,predicate_aware,0.05,0.05,0.050272671813964845,uncorrelated,
160,1.0,False,54.87810001068283,30063,10,predicate_aware,0.05,0.05,0.050272671813964845,uncorrelated,
161,1.0,False,57.90900001011323,30085,10,predicate_aware,0.05,0.05,0.050272671813964845,uncorrelated,
162,1.0,False,44.084599998313934,30056,10,predicate_aware,0.05,0.05,0.050272671813964845,uncorrelated,
163,1.0,False,55.0502999976743,30068,10,predicate_aware,0.05,0.05,0.050272671813964845,uncorrelated,
164,1.0,False,60.596100011025555,30084,10,predicate_aware,0.05,0.05,0.050272671813964845,uncorrelated,
165,1.0,False,73.47060000756755,30076,10,predicate_aware,0.05,0.05,0.050272671813964845,uncorrelated,
166,1.0,False,63.0109000048833,30062,10,predicate_aware,0.05,0.05,0.050272671813964845,uncorrelated,
167,1.0,False,51.191500009736046,30074,10,predicate_aware,0.05,0.05,0.050272671813964845,uncorrelated,
168,1.0,False,59.571399993728846,30060,10,predicate_aware,0.05,0.05,0.050272671813964845,uncorrelated,
169,1.0,False,57.93209999683313,30109,10,predicate_aware,0.05,0.05,0.050272671813964845,uncorrelated,
170,1.0,False,60.76369999209419,30070,10,predicate_aware,0.05,0.05,0.050272671813964845,uncorrelated,
171,1.0,False,56.151900003897026,30093,10,predicate_aware,0.05,0.05,0.050272671813964845,uncorrelated,
172,1.0,False,50.86029999074526,30081,10,predicate_aware,0.05,0.05,0.050272671813964845,uncorrelated,
173,1.0,False,53.39519999688491,30070,10,predicate_aware,0.05,0.05,0.050272671813964845,uncorrelated,
174,1.0,False,58.32390001160093,30056,10,predicate_aware,0.05,0.05,0.050272671813964845,uncorrelated,
175,1.0,False,55.52429999806918,30061,10,predicate_aware,0.05,0.05,0.050272671813964845,uncorrelated,
176,1.0,False,52.09509999258444,30095,10,predicate_aware,0.05,0.05,0.050272671813964845,uncorrelated,
177,1.0,False,58.46899999596644,30082,10,predicate_aware,0.05,0.05,0.050272671813964845,uncorrelated,
178,1.0,False,59.045500005595386,30054,10,predicate_aware,0.05,0.05,0.050272671813964845,uncorrelated,
179,1.0,False,54.385900002671406,30066,10,predicate_aware,0.05,0.05,0.050272671813964845,uncorrelated,
180,1.0,False,62.454900005832314,28916,10,predicate_aware,0.05,0.05,0.050272671813964845,uncorrelated,
181,1.0,False,50.917000000481494,30079,10,predicate_aware,0.05,0.05,0.050272671813964845,uncorrelated,
182,1.0,False,68.54539999039844,30053,10,predicate_aware,0.05,0.05,0.050272671813964845,uncorrelated,
183,1.0,False,60.95110000751447,30057,10,predicate_aware,0.05,0.05,0.050272671813964845,uncorrelated,
184,1.0,False,66.67299999389797,30080,10,predicate_aware,0.05,0.05,0.050272671813964845,uncorrelated,
185,1.0,False,53.133499997784384,22262,10,predicate_aware,0.05,0.05,0.050272671813964845,uncorrelated,
186,1.0,False,53.81969999871217,30109,10,predicate_aware,0.05,0.05,0.050272671813964845,uncorrelated,
187,1.0,False,52.67380000441335,30071,10,predicate_aware,0.05,0.05,0.050272671813964845,uncorrelated,
188,1.0,False,51.62470000504982,30069,10,predicate_aware,0.05,0.05,0.050272671813964845,uncorrelated,
189,1.0,False,44.4019999995362,30050,10,predicate_aware,0.05,0.05,0.050272671813964845,uncorrelated,
190,1.0,False,52.78840000391938,30067,10,predicate_aware,0.05,0.05,0.050272671813964845,uncorrelated,
191,1.0,False,53.91090000921395,30063,10,predicate_aware,0.05,0.05,0.050272671813964845,uncorrelated,
192,1.0,False,50.981899999896996,30095,10,predicate_aware,0.05,0.05,0.050272671813964845,uncorrelated,
193,1.0,False,57.11660000088159,25744,10,predicate_aware,0.05,0.05,0.050272671813964845,uncorrelated,
194,1.0,False,47.23379999632016,30075,10,predicate_aware,0.05,0.05,0.050272671813964845,uncorrelated,
195,1.0,False,45.448999997461215,30114,10,predicate_aware,0.05,0.05,0.050272671813964845,uncorrelated,
196,1.0,False,45.112799998605624,30082,10,predicate_aware,0.05,0.05,0.050272671813964845,uncorrelated,
197,1.0,False,67.0998999994481,30070,10,predicate_aware,0.05,0.05,0.050272671813964845,uncorrelated,
198,1.0,False,68.81989999965299,27352,10,predicate_aware,0.05,0.05,0.050272671813964845,uncorrelated,
199,1.0,False,43.399899994255975,30075,10,predicate_aware,0.05,0.05,0.050272671813964845,uncorrelated,
20,1.0,False,54.172700009075925,23687,10,planner,0.05,0.05,0.050272671813964845,uncorrelated,"predicate_aware: ŝ=0.0503 -> cost=107 < pre_filter=5027, post_filter=1310"
21,1.0,False,59.89380000391975,30074,10,planner,0.05,0.05,0.050272671813964845,uncorrelated,"predicate_aware: ŝ=0.0503 -> cost=107 < pre_filter=5027, post_filter=1310"
22,1.0,False,61.06520000321325,30048,10,planner,0.05,0.05,0.050272671813964845,uncorrelated,"predicate_aware: ŝ=0.0503 -> cost=107 < pre_filter=5027, post_filter=1310"
23,1.0,False,66.1761000083061,30075,10,planner,0.05,0.05,0.050272671813964845,uncorrelated,"predicate_aware: ŝ=0.0503 -> cost=107 < pre_filter=5027, post_filter=1310"
24,1.0,False,53.401600001961924,30118,10,planner,0.05,0.05,0.050272671813964845,uncorrelated,"predicate_aware: ŝ=0.0503 -> cost=107 < pre_filter=5027, post_filter=1310"
25,1.0,False,58.204200002364814,30050,10,planner,0.05,0.05,0.050272671813964845,uncorrelated,"predicate_aware: ŝ=0.0503 -> cost=107 < pre_filter=5027, post_filter=1310"
26,1.0,False,53.82479999389034,30083,10,planner,0.05,0.05,0.050272671813964845,uncorrelated,"predicate_aware: ŝ=0.0503 -> cost=107 < pre_filter=5027, post_filter=1310"
27,1.0,False,59.38639999658335,30131,10,planner,0.05,0.05,0.050272671813964845,uncorrelated,"predicate_aware: ŝ=0.0503 -> cost=107 < pre_filter=5027, post_filter=1310"
28,1.0,False,56.779599995934404,30086,10,planner,0.05,0.05,0.050272671813964845,uncorrelated,"predicate_aware: ŝ=0.0503 -> cost=107 < pre_filter=5027, post_filter=1310"
29,1.0,False,60.086400000727735,26595,10,planner,0.05,0.05,0.050272671813964845,uncorrelated,"predicate_aware: ŝ=0.0503 -> cost=107 < pre_filter=5027, post_filter=1310"
30,1.0,False,56.35689999326132,30113,10,planner,0.05,0.05,0.050272671813964845,uncorrelated,"predicate_aware: ŝ=0.0503 -> cost=107 < pre_filter=5027, post_filter=1310"
31,1.0,False,44.40329999488313,30076,10,planner,0.05,0.05,0.050272671813964845,uncorrelated,"predicate_aware: ŝ=0.0503 -> cost=107 < pre_filter=5027, post_filter=1310"
32,1.0,False,51.44619999919087,30059,10,planner,0.05,0.05,0.050272671813964845,uncorrelated,"predicate_aware: ŝ=0.0503 -> cost=107 < pre_filter=5027, post_filter=1310"
33,1.0,False,57.509200007189065,30056,10,planner,0.05,0.05,0.050272671813964845,uncorrelated,"predicate_aware: ŝ=0.0503 -> cost=107 < pre_filter=5027, post_filter=1310"
34,1.0,False,47.91100000147708,30067,10,planner,0.05,0.05,0.050272671813964845,uncorrelated,"predicate_aware: ŝ=0.0503 -> cost=107 < pre_filter=5027, post_filter=1310"
35,1.0,False,51.68319999938831,30087,10,planner,0.05,0.05,0.050272671813964845,uncorrelated,"predicate_aware: ŝ=0.0503 -> cost=107 < pre_filter=5027, post_filter=1310"
36,1.0,False,50.86670001037419,30069,10,planner,0.05,0.05,0.050272671813964845,uncorrelated,"predicate_aware: ŝ=0.0503 -> cost=107 < pre_filter=5027, post_filter=1310"
37,1.0,False,60.38720000651665,30069,10,planner,0.05,0.05,0.050272671813964845,uncorrelated,"predicate_aware: ŝ=0.0503 -> cost=107 < pre_filter=5027, post_filter=1310"
38,1.0,False,49.037499993573874,30088,10,planner,0.05,0.05,0.050272671813964845,uncorrelated,"predicate_aware: ŝ=0.0503 -> cost=107 < pre_filter=5027, post_filter=1310"
39,1.0,False,53.83659999642987,22176,10,planner,0.05,0.05,0.050272671813964845,uncorrelated,"predicate_aware: ŝ=0.0503 -> cost=107 < pre_filter=5027, post_filter=1310"
40,1.0,False,42.88539999106433,30067,10,planner,0.05,0.05,0.050272671813964845,uncorrelated,"predicate_aware: ŝ=0.0503 -> cost=107 < pre_filter=5027, post_filter=1310"
41,1.0,False,57.97409999649972,24273,10,planner,0.05,0.05,0.050272671813964845,uncorrelated,"predicate_aware: ŝ=0.0503 -> cost=107 < pre_filter=5027, post_filter=1310"
42,1.0,False,62.058399998932146,30079,10,planner,0.05,0.05,0.050272671813964845,uncorrelated,"predicate_aware: ŝ=0.0503 -> cost=107 < pre_filter=5027, post_filter=1310"
43,1.0,False,47.74760000873357,30075,10,planner,0.05,0.05,0.050272671813964845,uncorrelated,"predicate_aware: ŝ=0.0503 -> cost=107 < pre_filter=5027, post_filter=1310"
44,1.0,False,66.52720000420231,28064,10,planner,0.05,0.05,0.050272671813964845,uncorrelated,"predicate_aware: ŝ=0.0503 -> cost=107 < pre_filter=5027, post_filter=1310"
45,1.0,False,57.715300004929304,30076,10,planner,0.05,0.05,0.050272671813964845,uncorrelated,"predicate_aware: ŝ=0.0503 -> cost=107 < pre_filter=5027, post_filter=1310"
46,1.0,False,63.998500001616776,26173,10,planner,0.05,0.05,0.050272671813964845,uncorrelated,"predicate_aware: ŝ=0.0503 -> cost=107 < pre_filter=5027, post_filter=1310"
47,1.0,False,45.683200005441904,30088,10,planner,0.05,0.05,0.050272671813964845,uncorrelated,"predicate_aware: ŝ=0.0503 -> cost=107 < pre_filter=5027, post_filter=1310"
48,1.0,False,50.61399999249261,30048,10,planner,0.05,0.05,0.050272671813964845,uncorrelated,"predicate_aware: ŝ=0.0503 -> cost=107 < pre_filter=5027, post_filter=1310"
49,1.0,False,58.18929999077227,30088,10,planner,0.05,0.05,0.050272671813964845,uncorrelated,"predicate_aware: ŝ=0.0503 -> cost=107 < pre_filter=5027, post_filter=1310"
50,1.0,False,47.04190000484232,30066,10,planner,0.05,0.05,0.050272671813964845,uncorrelated,"predicate_aware: ŝ=0.0503 -> cost=107 < pre_filter=5027, post_filter=1310"
51,1.0,False,53.78029998973943,24947,10,planner,0.05,0.05,0.050272671813964845,uncorrelated,"predicate_aware: ŝ=0.0503 -> cost=107 < pre_filter=5027, post_filter=1310"
52,1.0,False,58.72530001215637,30049,10,planner,0.05,0.05,0.050272671813964845,uncorrelated,"predicate_aware: ŝ=0.0503 -> cost=107 < pre_filter=5027, post_filter=1310"
53,1.0,False,52.23279999336228,30071,10,planner,0.05,0.05,0.050272671813964845,uncorrelated,"predicate_aware: ŝ=0.0503 -> cost=107 < pre_filter=5027, post_filter=1310"
54,1.0,False,56.84140000084881,21767,10,planner,0.05,0.05,0.050272671813964845,uncorrelated,"predicate_aware: ŝ=0.0503 -> cost=107 < pre_filter=5027, post_filter=1310"
55,1.0,False,57.00559999968391,25090,10,planner,0.05,0.05,0.050272671813964845,uncorrelated,"predicate_aware: ŝ=0.0503 -> cost=107 < pre_filter=5027, post_filter=1310"
56,1.0,False,61.531899991678074,30080,10,planner,0.05,0.05,0.050272671813964845,uncorrelated,"predicate_aware: ŝ=0.0503 -> cost=107 < pre_filter=5027, post_filter=1310"
57,1.0,False,55.635099997743964,30048,10,planner,0.05,0.05,0.050272671813964845,uncorrelated,"predicate_aware: ŝ=0.0503 -> cost=107 < pre_filter=5027, post_filter=1310"
58,1.0,False,42.79819999646861,30086,10,planner,0.05,0.05,0.050272671813964845,uncorrelated,"predicate_aware: ŝ=0.0503 -> cost=107 < pre_filter=5027, post_filter=1310"
59,1.0,False,62.44179999339394,24872,10,planner,0.05,0.05,0.050272671813964845,uncorrelated,"predicate_aware: ŝ=0.0503 -> cost=107 < pre_filter=5027, post_filter=1310"
60,1.0,False,49.40060000808444,30072,10,planner,0.05,0.05,0.050272671813964845,uncorrelated,"predicate_aware: ŝ=0.0503 -> cost=107 < pre_filter=5027, post_filter=1310"
61,1.0,False,61.19340000441298,30071,10,planner,0.05,0.05,0.050272671813964845,uncorrelated,"predicate_aware: ŝ=0.0503 -> cost=107 < pre_filter=5027, post_filter=1310"
62,1.0,False,54.8317000066163,23605,10,planner,0.05,0.05,0.050272671813964845,uncorrelated,"predicate_aware: ŝ=0.0503 -> cost=107 < pre_filter=5027, post_filter=1310"
63,1.0,False,63.70360001164954,25721,10,planner,0.05,0.05,0.050272671813964845,uncorrelated,"predicate_aware: ŝ=0.0503 -> cost=107 < pre_filter=5027, post_filter=1310"
64,1.0,False,74.51349998882506,28269,10,planner,0.05,0.05,0.050272671813964845,uncorrelated,"predicate_aware: ŝ=0.0503 -> cost=107 < pre_filter=5027, post_filter=1310"
65,1.0,False,59.8829999944428,23209,10,planner,0.05,0.05,0.050272671813964845,uncorrelated,"predicate_aware: ŝ=0.0503 -> cost=107 < pre_filter=5027, post_filter=1310"
66,1.0,False,79.92819999344647,30079,10,planner,0.05,0.05,0.050272671813964845,uncorrelated,"predicate_aware: ŝ=0.0503 -> cost=107 < pre_filter=5027, post_filter=1310"
67,1.0,False,74.63970000389963,25374,10,planner,0.05,0.05,0.050272671813964845,uncorrelated,"predicate_aware: ŝ=0.0503 -> cost=107 < pre_filter=5027, post_filter=1310"
68,1.0,False,67.14439998904709,25315,10,planner,0.05,0.05,0.050272671813964845,uncorrelated,"predicate_aware: ŝ=0.0503 -> cost=107 < pre_filter=5027, post_filter=1310"
69,1.0,False,50.9705999866128,30056,10,planner,0.05,0.05,0.050272671813964845,uncorrelated,"predicate_aware: ŝ=0.0503 -> cost=107 < pre_filter=5027, post_filter=1310"
70,1.0,False,57.645499997306615,22765,10,planner,0.05,0.05,0.050272671813964845,uncorrelated,"predicate_aware: ŝ=0.0503 -> cost=107 < pre_filter=5027, post_filter=1310"
71,1.0,False,66.77920000220183,29003,10,planner,0.05,0.05,0.050272671813964845,uncorrelated,"predicate_aware: ŝ=0.0503 -> cost=107 < pre_filter=5027, post_filter=1310"
72,1.0,False,47.21770000469405,30069,10,planner,0.05,0.05,0.050272671813964845,uncorrelated,"predicate_aware: ŝ=0.0503 -> cost=107 < pre_filter=5027, post_filter=1310"
73,1.0,False,65.90509999659844,30077,10,planner,0.05,0.05,0.050272671813964845,uncorrelated,"predicate_aware: ŝ=0.0503 -> cost=107 < pre_filter=5027, post_filter=1310"
74,1.0,False,61.43030000384897,30099,10,planner,0.05,0.05,0.050272671813964845,uncorrelated,"predicate_aware: ŝ=0.0503 -> cost=107 < pre_filter=5027, post_filter=1310"
75,1.0,False,47.803199995541945,30101,10,planner,0.05,0.05,0.050272671813964845,uncorrelated,"predicate_aware: ŝ=0.0503 -> cost=107 < pre_filter=5027, post_filter=1310"
76,1.0,False,59.638999999151565,25731,10,planner,0.05,0.05,0.050272671813964845,uncorrelated,"predicate_aware: ŝ=0.0503 -> cost=107 < pre_filter=5027, post_filter=1310"
77,1.0,False,53.696300004958175,30063,10,planner,0.05,0.05,0.050272671813964845,uncorrelated,"predicate_aware: ŝ=0.0503 -> cost=107 < pre_filter=5027, post_filter=1310"
78,1.0,False,54.90740000095684,30079,10,planner,0.05,0.05,0.050272671813964845,uncorrelated,"predicate_aware: ŝ=0.0503 -> cost=107 < pre_filter=5027, post_filter=1310"
79,1.0,False,57.47109999356326,23173,10,planner,0.05,0.05,0.050272671813964845,uncorrelated,"predicate_aware: ŝ=0.0503 -> cost=107 < pre_filter=5027, post_filter=1310"
80,1.0,False,57.62979999417439,26360,10,planner,0.05,0.05,0.050272671813964845,uncorrelated,"predicate_aware: ŝ=0.0503 -> cost=107 < pre_filter=5027, post_filter=1310"
81,1.0,False,50.21390000183601,30078,10,planner,0.05,0.05,0.050272671813964845,uncorrelated,"predicate_aware: ŝ=0.0503 -> cost=107 < pre_filter=5027, post_filter=1310"
82,1.0,False,49.62340000201948,30116,10,planner,0.05,0.05,0.050272671813964845,uncorrelated,"predicate_aware: ŝ=0.0503 -> cost=107 < pre_filter=5027, post_filter=1310"
83,1.0,False,56.3516999973217,30080,10,planner,0.05,0.05,0.050272671813964845,uncorrelated,"predicate_aware: ŝ=0.0503 -> cost=107 < pre_filter=5027, post_filter=1310"
84,1.0,False,53.54540000553243,30095,10,planner,0.05,0.05,0.050272671813964845,uncorrelated,"predicate_aware: ŝ=0.0503 -> cost=107 < pre_filter=5027, post_filter=1310"
85,1.0,False,47.526800000923686,30091,10,planner,0.05,0.05,0.050272671813964845,uncorrelated,"predicate_aware: ŝ=0.0503 -> cost=107 < pre_filter=5027, post_filter=1310"
86,1.0,False,64.89530000544619,27684,10,planner,0.05,0.05,0.050272671813964845,uncorrelated,"predicate_aware: ŝ=0.0503 -> cost=107 < pre_filter=5027, post_filter=1310"
87,1.0,False,61.47840000630822,30046,10,planner,0.05,0.05,0.050272671813964845,uncorrelated,"predicate_aware: ŝ=0.0503 -> cost=107 < pre_filter=5027, post_filter=1310"
88,1.0,False,55.76469999505207,23685,10,planner,0.05,0.05,0.050272671813964845,uncorrelated,"predicate_aware: ŝ=0.0503 -> cost=107 < pre_filter=5027, post_filter=1310"
89,1.0,False,59.92690000857692,24155,10,planner,0.05,0.05,0.050272671813964845,uncorrelated,"predicate_aware: ŝ=0.0503 -> cost=107 < pre_filter=5027, post_filter=1310"
90,1.0,False,63.699299993459135,28523,10,planner,0.05,0.05,0.050272671813964845,uncorrelated,"predicate_aware: ŝ=0.0503 -> cost=107 < pre_filter=5027, post_filter=1310"
91,1.0,False,63.59890000021551,30051,10,planner,0.05,0.05,0.050272671813964845,uncorrelated,"predicate_aware: ŝ=0.0503 -> cost=107 < pre_filter=5027, post_filter=1310"
92,1.0,False,42.27639999589883,30108,10,planner,0.05,0.05,0.050272671813964845,uncorrelated,"predicate_aware: ŝ=0.0503 -> cost=107 < pre_filter=5027, post_filter=1310"
93,1.0,False,59.600299995508976,27803,10,planner,0.05,0.05,0.050272671813964845,uncorrelated,"predicate_aware: ŝ=0.0503 -> cost=107 < pre_filter=5027, post_filter=1310"
94,1.0,False,60.0784999987809,28644,10,planner,0.05,0.05,0.050272671813964845,uncorrelated,"predicate_aware: ŝ=0.0503 -> cost=107 < pre_filter=5027, post_filter=1310"
95,1.0,False,56.282999998074956,30069,10,planner,0.05,0.05,0.050272671813964845,uncorrelated,"predicate_aware: ŝ=0.0503 -> cost=107 < pre_filter=5027, post_filter=1310"
96,1.0,False,48.637899992172606,30086,10,planner,0.05,0.05,0.050272671813964845,uncorrelated,"predicate_aware: ŝ=0.0503 -> cost=107 < pre_filter=5027, post_filter=1310"
97,1.0,False,61.60040000395384,29592,10,planner,0.05,0.05,0.050272671813964845,uncorrelated,"predicate_aware: ŝ=0.0503 -> cost=107 < pre_filter=5027, post_filter=1310"
98,1.0,False,59.273100006976165,24187,10,planner,0.05,0.05,0.050272671813964845,uncorrelated,"predicate_aware: ŝ=0.0503 -> cost=107 < pre_filter=5027, post_filter=1310"
99,1.0,False,56.93479999899864,30070,10,planner,0.05,0.05,0.050272671813964845,uncorrelated,"predicate_aware: ŝ=0.0503 -> cost=107 < pre_filter=5027, post_filter=1310"
100,1.0,False,56.815699994331226,30061,10,planner,0.05,0.05,0.050272671813964845,uncorrelated,"predicate_aware: ŝ=0.0503 -> cost=107 < pre_filter=5027, post_filter=1310"
101,1.0,False,63.09280000277795,30076,10,planner,0.05,0.05,0.050272671813964845,uncorrelated,"predicate_aware: ŝ=0.0503 -> cost=107 < pre_filter=5027, post_filter=1310"
102,1.0,False,53.505699994275346,30063,10,planner,0.05,0.05,0.050272671813964845,uncorrelated,"predicate_aware: ŝ=0.0503 -> cost=107 < pre_filter=5027, post_filter=1310"
103,1.0,False,69.06750000780448,30079,10,planner,0.05,0.05,0.050272671813964845,uncorrelated,"predicate_aware: ŝ=0.0503 -> cost=107 < pre_filter=5027, post_filter=1310"
104,1.0,False,63.99589999637101,27277,10,planner,0.05,0.05,0.050272671813964845,uncorrelated,"predicate_aware: ŝ=0.0503 -> cost=107 < pre_filter=5027, post_filter=1310"
105,1.0,False,70.90120000066236,29316,10,planner,0.05,0.05,0.050272671813964845,uncorrelated,"predicate_aware: ŝ=0.0503 -> cost=107 < pre_filter=5027, post_filter=1310"
106,1.0,False,76.58229999651667,25331,10,planner,0.05,0.05,0.050272671813964845,uncorrelated,"predicate_aware: ŝ=0.0503 -> cost=107 < pre_filter=5027, post_filter=1310"
107,1.0,False,77.02419999986887,27799,10,planner,0.05,0.05,0.050272671813964845,uncorrelated,"predicate_aware: ŝ=0.0503 -> cost=107 < pre_filter=5027, post_filter=1310"
108,1.0,False,65.88310000370257,24106,10,planner,0.05,0.05,0.050272671813964845,uncorrelated,"predicate_aware: ŝ=0.0503 -> cost=107 < pre_filter=5027, post_filter=1310"
109,1.0,False,57.34289999236353,27204,10,planner,0.05,0.05,0.050272671813964845,uncorrelated,"predicate_aware: ŝ=0.0503 -> cost=107 < pre_filter=5027, post_filter=1310"
110,1.0,False,56.057100009638816,25051,10,planner,0.05,0.05,0.050272671813964845,uncorrelated,"predicate_aware: ŝ=0.0503 -> cost=107 < pre_filter=5027, post_filter=1310"
111,1.0,False,47.40680000395514,30059,10,planner,0.05,0.05,0.050272671813964845,uncorrelated,"predicate_aware: ŝ=0.0503 -> cost=107 < pre_filter=5027, post_filter=1310"
112,1.0,False,70.13230001030024,29987,10,planner,0.05,0.05,0.050272671813964845,uncorrelated,"predicate_aware: ŝ=0.0503 -> cost=107 < pre_filter=5027, post_filter=1310"
113,1.0,False,70.57019999774639,30098,10,planner,0.05,0.05,0.050272671813964845,uncorrelated,"predicate_aware: ŝ=0.0503 -> cost=107 < pre_filter=5027, post_filter=1310"
114,1.0,False,63.98479999916162,30103,10,planner,0.05,0.05,0.050272671813964845,uncorrelated,"predicate_aware: ŝ=0.0503 -> cost=107 < pre_filter=5027, post_filter=1310"
115,1.0,False,61.05460000981111,30077,10,planner,0.05,0.05,0.050272671813964845,uncorrelated,"predicate_aware: ŝ=0.0503 -> cost=107 < pre_filter=5027, post_filter=1310"
116,1.0,False,58.80899999465328,23861,10,planner,0.05,0.05,0.050272671813964845,uncorrelated,"predicate_aware: ŝ=0.0503 -> cost=107 < pre_filter=5027, post_filter=1310"
117,1.0,False,39.13259999535512,30071,10,planner,0.05,0.05,0.050272671813964845,uncorrelated,"predicate_aware: ŝ=0.0503 -> cost=107 < pre_filter=5027, post_filter=1310"
118,1.0,False,54.32129999098834,30062,10,planner,0.05,0.05,0.050272671813964845,uncorrelated,"predicate_aware: ŝ=0.0503 -> cost=107 < pre_filter=5027, post_filter=1310"
119,1.0,False,61.37799999851268,25542,10,planner,0.05,0.05,0.050272671813964845,uncorrelated,"predicate_aware: ŝ=0.0503 -> cost=107 < pre_filter=5027, post_filter=1310"
120,1.0,False,63.83549999736715,29414,10,planner,0.05,0.05,0.050272671813964845,uncorrelated,"predicate_aware: ŝ=0.0503 -> cost=107 < pre_filter=5027, post_filter=1310"
121,1.0,False,62.71139999444131,28821,10,planner,0.05,0.05,0.050272671813964845,uncorrelated,"predicate_aware: ŝ=0.0503 -> cost=107 < pre_filter=5027, post_filter=1310"
122,1.0,False,41.118199995253235,30079,10,planner,0.05,0.05,0.050272671813964845,uncorrelated,"predicate_aware: ŝ=0.0503 -> cost=107 < pre_filter=5027, post_filter=1310"
123,1.0,False,64.8254999978235,30100,10,planner,0.05,0.05,0.050272671813964845,uncorrelated,"predicate_aware: ŝ=0.0503 -> cost=107 < pre_filter=5027, post_filter=1310"
124,1.0,False,52.86579999665264,30078,10,planner,0.05,0.05,0.050272671813964845,uncorrelated,"predicate_aware: ŝ=0.0503 -> cost=107 < pre_filter=5027, post_filter=1310"
125,1.0,False,59.38679999962915,30107,10,planner,0.05,0.05,0.050272671813964845,uncorrelated,"predicate_aware: ŝ=0.0503 -> cost=107 < pre_filter=5027, post_filter=1310"
126,1.0,False,50.76779999944847,30068,10,planner,0.05,0.05,0.050272671813964845,uncorrelated,"predicate_aware: ŝ=0.0503 -> cost=107 < pre_filter=5027, post_filter=1310"
127,1.0,False,63.314799990621395,30064,10,planner,0.05,0.05,0.050272671813964845,uncorrelated,"predicate_aware: ŝ=0.0503 -> cost=107 < pre_filter=5027, post_filter=1310"
128,1.0,False,57.85430000105407,30077,10,planner,0.05,0.05,0.050272671813964845,uncorrelated,"predicate_aware: ŝ=0.0503 -> cost=107 < pre_filter=5027, post_filter=1310"
129,1.0,False,57.075299991993234,30068,10,planner,0.05,0.05,0.050272671813964845,uncorrelated,"predicate_aware: ŝ=0.0503 -> cost=107 < pre_filter=5027, post_filter=1310"
130,1.0,False,40.951499991933815,30067,10,planner,0.05,0.05,0.050272671813964845,uncorrelated,"predicate_aware: ŝ=0.0503 -> cost=107 < pre_filter=5027, post_filter=1310"
131,1.0,False,65.9109999978682,28238,10,planner,0.05,0.05,0.050272671813964845,uncorrelated,"predicate_aware: ŝ=0.0503 -> cost=107 < pre_filter=5027, post_filter=1310"
132,1.0,False,56.319600000279024,30072,10,planner,0.05,0.05,0.050272671813964845,uncorrelated,"predicate_aware: ŝ=0.0503 -> cost=107 < pre_filter=5027, post_filter=1310"
133,1.0,False,46.03459998907056,30087,10,planner,0.05,0.05,0.050272671813964845,uncorrelated,"predicate_aware: ŝ=0.0503 -> cost=107 < pre_filter=5027, post_filter=1310"
134,1.0,False,70.92220000049565,26938,10,planner,0.05,0.05,0.050272671813964845,uncorrelated,"predicate_aware: ŝ=0.0503 -> cost=107 < pre_filter=5027, post_filter=1310"
135,1.0,False,54.53229999693576,30089,10,planner,0.05,0.05,0.050272671813964845,uncorrelated,"predicate_aware: ŝ=0.0503 -> cost=107 < pre_filter=5027, post_filter=1310"
136,1.0,False,51.76489999576006,30041,10,planner,0.05,0.05,0.050272671813964845,uncorrelated,"predicate_aware: ŝ=0.0503 -> cost=107 < pre_filter=5027, post_filter=1310"
137,1.0,False,43.92309999093413,30071,10,planner,0.05,0.05,0.050272671813964845,uncorrelated,"predicate_aware: ŝ=0.0503 -> cost=107 < pre_filter=5027, post_filter=1310"
138,1.0,False,66.28909999562893,30101,10,planner,0.05,0.05,0.050272671813964845,uncorrelated,"predicate_aware: ŝ=0.0503 -> cost=107 < pre_filter=5027, post_filter=1310"
139,1.0,False,58.041900003445335,30055,10,planner,0.05,0.05,0.050272671813964845,uncorrelated,"predicate_aware: ŝ=0.0503 -> cost=107 < pre_filter=5027, post_filter=1310"
140,1.0,False,56.31229998834897,30045,10,planner,0.05,0.05,0.050272671813964845,uncorrelated,"predicate_aware: ŝ=0.0503 -> cost=107 < pre_filter=5027, post_filter=1310"
141,1.0,False,61.688100002356805,30078,10,planner,0.05,0.05,0.050272671813964845,uncorrelated,"predicate_aware: ŝ=0.0503 -> cost=107 < pre_filter=5027, post_filter=1310"
142,1.0,False,53.03209999692626,30085,10,planner,0.05,0.05,0.050272671813964845,uncorrelated,"predicate_aware: ŝ=0.0503 -> cost=107 < pre_filter=5027, post_filter=1310"
143,1.0,False,59.329199997591786,26313,10,planner,0.05,0.05,0.050272671813964845,uncorrelated,"predicate_aware: ŝ=0.0503 -> cost=107 < pre_filter=5027, post_filter=1310"
144,1.0,False,59.167500003241,30072,10,planner,0.05,0.05,0.050272671813964845,uncorrelated,"predicate_aware: ŝ=0.0503 -> cost=107 < pre_filter=5027, post_filter=1310"
145,1.0,False,75.82519999414217,28341,10,planner,0.05,0.05,0.050272671813964845,uncorrelated,"predicate_aware: ŝ=0.0503 -> cost=107 < pre_filter=5027, post_filter=1310"
146,1.0,False,66.27780001144856,30070,10,planner,0.05,0.05,0.050272671813964845,uncorrelated,"predicate_aware: ŝ=0.0503 -> cost=107 < pre_filter=5027, post_filter=1310"
147,1.0,False,66.75040000118315,30067,10,planner,0.05,0.05,0.050272671813964845,uncorrelated,"predicate_aware: ŝ=0.0503 -> cost=107 < pre_filter=5027, post_filter=1310"
148,1.0,False,74.4464000017615,29850,10,planner,0.05,0.05,0.050272671813964845,uncorrelated,"predicate_aware: ŝ=0.0503 -> cost=107 < pre_filter=5027, post_filter=1310"
149,1.0,False,45.59300000255462,30040,10,planner,0.05,0.05,0.050272671813964845,uncorrelated,"predicate_aware: ŝ=0.0503 -> cost=107 < pre_filter=5027, post_filter=1310"
150,1.0,False,51.81109999830369,30087,10,planner,0.05,0.05,0.050272671813964845,uncorrelated,"predicate_aware: ŝ=0.0503 -> cost=107 < pre_filter=5027, post_filter=1310"
151,1.0,False,60.223400010727346,22255,10,planner,0.05,0.05,0.050272671813964845,uncorrelated,"predicate_aware: ŝ=0.0503 -> cost=107 < pre_filter=5027, post_filter=1310"
152,1.0,False,60.404399991966784,30064,10,planner,0.05,0.05,0.050272671813964845,uncorrelated,"predicate_aware: ŝ=0.0503 -> cost=107 < pre_filter=5027, post_filter=1310"
153,1.0,False,68.34349999553524,28227,10,planner,0.05,0.05,0.050272671813964845,uncorrelated,"predicate_aware: ŝ=0.0503 -> cost=107 < pre_filter=5027, post_filter=1310"
154,1.0,False,46.2651999987429,30093,10,planner,0.05,0.05,0.050272671813964845,uncorrelated,"predicate_aware: ŝ=0.0503 -> cost=107 < pre_filter=5027, post_filter=1310"
155,1.0,False,54.857200011610985,30052,10,planner,0.05,0.05,0.050272671813964845,uncorrelated,"predicate_aware: ŝ=0.0503 -> cost=107 < pre_filter=5027, post_filter=1310"
156,1.0,False,54.674300001352094,30055,10,planner,0.05,0.05,0.050272671813964845,uncorrelated,"predicate_aware: ŝ=0.0503 -> cost=107 < pre_filter=5027, post_filter=1310"
157,1.0,False,47.345500002847984,30079,10,planner,0.05,0.05,0.050272671813964845,uncorrelated,"predicate_aware: ŝ=0.0503 -> cost=107 < pre_filter=5027, post_filter=1310"
158,1.0,False,52.92760000156704,30059,10,planner,0.05,0.05,0.050272671813964845,uncorrelated,"predicate_aware: ŝ=0.0503 -> cost=107 < pre_filter=5027, post_filter=1310"
159,1.0,False,55.847399999038316,30057,10,planner,0.05,0.05,0.050272671813964845,uncorrelated,"predicate_aware: ŝ=0.0503 -> cost=107 < pre_filter=5027, post_filter=1310"
160,1.0,False,54.87810001068283,30063,10,planner,0.05,0.05,0.050272671813964845,uncorrelated,"predicate_aware: ŝ=0.0503 -> cost=107 < pre_filter=5027, post_filter=1310"
161,1.0,False,57.90900001011323,30085,10,planner,0.05,0.05,0.050272671813964845,uncorrelated,"predicate_aware: ŝ=0.0503 -> cost=107 < pre_filter=5027, post_filter=1310"
162,1.0,False,44.084599998313934,30056,10,planner,0.05,0.05,0.050272671813964845,uncorrelated,"predicate_aware: ŝ=0.0503 -> cost=107 < pre_filter=5027, post_filter=1310"
163,1.0,False,55.0502999976743,30068,10,planner,0.05,0.05,0.050272671813964845,uncorrelated,"predicate_aware: ŝ=0.0503 -> cost=107 < pre_filter=5027, post_filter=1310"
164,1.0,False,60.596100011025555,30084,10,planner,0.05,0.05,0.050272671813964845,uncorrelated,"predicate_aware: ŝ=0.0503 -> cost=107 < pre_filter=5027, post_filter=1310"
165,1.0,False,73.47060000756755,30076,10,planner,0.05,0.05,0.050272671813964845,uncorrelated,"predicate_aware: ŝ=0.0503 -> cost=107 < pre_filter=5027, post_filter=1310"
166,1.0,False,63.0109000048833,30062,10,planner,0.05,0.05,0.050272671813964845,uncorrelated,"predicate_aware: ŝ=0.0503 -> cost=107 < pre_filter=5027, post_filter=1310"
167,1.0,False,51.191500009736046,30074,10,planner,0.05,0.05,0.050272671813964845,uncorrelated,"predicate_aware: ŝ=0.0503 -> cost=107 < pre_filter=5027, post_filter=1310"
168,1.0,False,59.571399993728846,30060,10,planner,0.05,0.05,0.050272671813964845,uncorrelated,"predicate_aware: ŝ=0.0503 -> cost=107 < pre_filter=5027, post_filter=1310"
169,1.0,False,57.93209999683313,30109,10,planner,0.05,0.05,0.050272671813964845,uncorrelated,"predicate_aware: ŝ=0.0503 -> cost=107 < pre_filter=5027, post_filter=1310"
170,1.0,False,60.76369999209419,30070,10,planner,0.05,0.05,0.050272671813964845,uncorrelated,"predicate_aware: ŝ=0.0503 -> cost=107 < pre_filter=5027, post_filter=1310"
171,1.0,False,56.151900003897026,30093,10,planner,0.05,0.05,0.050272671813964845,uncorrelated,"predicate_aware: ŝ=0.0503 -> cost=107 < pre_filter=5027, post_filter=1310"
172,1.0,False,50.86029999074526,30081,10,planner,0.05,0.05,0.050272671813964845,uncorrelated,"predicate_aware: ŝ=0.0503 -> cost=107 < pre_filter=5027, post_filter=1310"
173,1.0,False,53.39519999688491,30070,10,planner,0.05,0.05,0.050272671813964845,uncorrelated,"predicate_aware: ŝ=0.0503 -> cost=107 < pre_filter=5027, post_filter=1310"
174,1.0,False,58.32390001160093,30056,10,planner,0.05,0.05,0.050272671813964845,uncorrelated,"predicate_aware: ŝ=0.0503 -> cost=107 < pre_filter=5027, post_filter=1310"
175,1.0,False,55.52429999806918,30061,10,planner,0.05,0.05,0.050272671813964845,uncorrelated,"predicate_aware: ŝ=0.0503 -> cost=107 < pre_filter=5027, post_filter=1310"
176,1.0,False,52.09509999258444,30095,10,planner,0.05,0.05,0.050272671813964845,uncorrelated,"predicate_aware: ŝ=0.0503 -> cost=107 < pre_filter=5027, post_filter=1310"
177,1.0,False,58.46899999596644,30082,10,planner,0.05,0.05,0.050272671813964845,uncorrelated,"predicate_aware: ŝ=0.0503 -> cost=107 < pre_filter=5027, post_filter=1310"
178,1.0,False,59.045500005595386,30054,10,planner,0.05,0.05,0.050272671813964845,uncorrelated,"predicate_aware: ŝ=0.0503 -> cost=107 < pre_filter=5027, post_filter=1310"
179,1.0,False,54.385900002671406,30066,10,planner,0.05,0.05,0.050272671813964845,uncorrelated,"predicate_aware: ŝ=0.0503 -> cost=107 < pre_filter=5027, post_filter=1310"
180,1.0,False,62.454900005832314,28916,10,planner,0.05,0.05,0.050272671813964845,uncorrelated,"predicate_aware: ŝ=0.0503 -> cost=107 < pre_filter=5027, post_filter=1310"
181,1.0,False,50.917000000481494,30079,10,planner,0.05,0.05,0.050272671813964845,uncorrelated,"predicate_aware: ŝ=0.0503 -> cost=107 < pre_filter=5027, post_filter=1310"
182,1.0,False,68.54539999039844,30053,10,planner,0.05,0.05,0.050272671813964845,uncorrelated,"predicate_aware: ŝ=0.0503 -> cost=107 < pre_filter=5027, post_filter=1310"
183,1.0,False,60.95110000751447,30057,10,planner,0.05,0.05,0.050272671813964845,uncorrelated,"predicate_aware: ŝ=0.0503 -> cost=107 < pre_filter=5027, post_filter=1310"
184,1.0,False,66.67299999389797,30080,10,planner,0.05,0.05,0.050272671813964845,uncorrelated,"predicate_aware: ŝ=0.0503 -> cost=107 < pre_filter=5027, post_filter=1310"
185,1.0,False,53.133499997784384,22262,10,planner,0.05,0.05,0.050272671813964845,uncorrelated,"predicate_aware: ŝ=0.0503 -> cost=107 < pre_filter=5027, post_filter=1310"
186,1.0,False,53.81969999871217,30109,10,planner,0.05,0.05,0.050272671813964845,uncorrelated,"predicate_aware: ŝ=0.0503 -> cost=107 < pre_filter=5027, post_filter=1310"
187,1.0,False,52.67380000441335,30071,10,planner,0.05,0.05,0.050272671813964845,uncorrelated,"predicate_aware: ŝ=0.0503 -> cost=107 < pre_filter=5027, post_filter=1310"
188,1.0,False,51.62470000504982,30069,10,planner,0.05,0.05,0.050272671813964845,uncorrelated,"predicate_aware: ŝ=0.0503 -> cost=107 < pre_filter=5027, post_filter=1310"
189,1.0,False,44.4019999995362,30050,10,planner,0.05,0.05,0.050272671813964845,uncorrelated,"predicate_aware: ŝ=0.0503 -> cost=107 < pre_filter=5027, post_filter=1310"
190,1.0,False,52.78840000391938,30067,10,planner,0.05,0.05,0.050272671813964845,uncorrelated,"predicate_aware: ŝ=0.0503 -> cost=107 < pre_filter=5027, post_filter=1310"
191,1.0,False,53.91090000921395,30063,10,planner,0.05,0.05,0.050272671813964845,uncorrelated,"predicate_aware: ŝ=0.0503 -> cost=107 < pre_filter=5027, post_filter=1310"
192,1.0,False,50.981899999896996,30095,10,planner,0.05,0.05,0.050272671813964845,uncorrelated,"predicate_aware: ŝ=0.0503 -> cost=107 < pre_filter=5027, post_filter=1310"
193,1.0,False,57.11660000088159,25744,10,planner,0.05,0.05,0.050272671813964845,uncorrelated,"predicate_aware: ŝ=0.0503 -> cost=107 < pre_filter=5027, post_filter=1310"
194,1.0,False,47.23379999632016,30075,10,planner,0.05,0.05,0.050272671813964845,uncorrelated,"predicate_aware: ŝ=0.0503 -> cost=107 < pre_filter=5027, post_filter=1310"
195,1.0,False,45.448999997461215,30114,10,planner,0.05,0.05,0.050272671813964845,uncorrelated,"predicate_aware: ŝ=0.0503 -> cost=107 < pre_filter=5027, post_filter=1310"
196,1.0,False,45.112799998605624,30082,10,planner,0.05,0.05,0.050272671813964845,uncorrelated,"predicate_aware: ŝ=0.0503 -> cost=107 < pre_filter=5027, post_filter=1310"
197,1.0,False,67.0998999994481,30070,10,planner,0.05,0.05,0.050272671813964845,uncorrelated,"predicate_aware: ŝ=0.0503 -> cost=107 < pre_filter=5027, post_filter=1310"
198,1.0,False,68.81989999965299,27352,10,planner,0.05,0.05,0.050272671813964845,uncorrelated,"predicate_aware: ŝ=0.0503 -> cost=107 < pre_filter=5027, post_filter=1310"
199,1.0,False,43.399899994255975,30075,10,planner,0.05,0.05,0.050272671813964845,uncorrelated,"predicate_aware: ŝ=0.0503 -> cost=107 < pre_filter=5027, post_filter=1310"
20,1.0,False,1.9204999989597127,10000,10,pre_filter,0.1,0.1,0.10024762900114059,uncorrelated,
21,1.0,False,2.182099997298792,10000,10,pre_filter,0.1,0.1,0.10024762900114059,uncorrelated,
22,1.0,False,1.9986000115750358,10000,10,pre_filter,0.1,0.1,0.10024762900114059,uncorrelated,
23,1.0,False,2.108600005158223,10000,10,pre_filter,0.1,0.1,0.10024762900114059,uncorrelated,
24,1.0,False,2.089799992972985,10000,10,pre_filter,0.1,0.1,0.10024762900114059,uncorrelated,
25,1.0,False,2.2947000106796622,10000,10,pre_filter,0.1,0.1,0.10024762900114059,uncorrelated,
26,1.0,False,2.2939999907976016,10000,10,pre_filter,0.1,0.1,0.10024762900114059,uncorrelated,
27,1.0,False,2.0615999965230003,10000,10,pre_filter,0.1,0.1,0.10024762900114059,uncorrelated,
28,1.0,False,2.7550999948289245,10000,10,pre_filter,0.1,0.1,0.10024762900114059,uncorrelated,
29,1.0,False,2.564199996413663,10000,10,pre_filter,0.1,0.1,0.10024762900114059,uncorrelated,
30,1.0,False,2.145100006600842,10000,10,pre_filter,0.1,0.1,0.10024762900114059,uncorrelated,
31,1.0,False,1.9929999980377033,10000,10,pre_filter,0.1,0.1,0.10024762900114059,uncorrelated,
32,1.0,False,2.110400004312396,10000,10,pre_filter,0.1,0.1,0.10024762900114059,uncorrelated,
33,1.0,False,1.9966999971074983,10000,10,pre_filter,0.1,0.1,0.10024762900114059,uncorrelated,
34,1.0,False,1.968600001418963,10000,10,pre_filter,0.1,0.1,0.10024762900114059,uncorrelated,
35,1.0,False,2.0306000078562647,10000,10,pre_filter,0.1,0.1,0.10024762900114059,uncorrelated,
36,1.0,False,1.9764999888138846,10000,10,pre_filter,0.1,0.1,0.10024762900114059,uncorrelated,
37,1.0,False,1.9601999956648797,10000,10,pre_filter,0.1,0.1,0.10024762900114059,uncorrelated,
38,1.0,False,1.9766000041272491,10000,10,pre_filter,0.1,0.1,0.10024762900114059,uncorrelated,
39,1.0,False,2.1572000114247203,10000,10,pre_filter,0.1,0.1,0.10024762900114059,uncorrelated,
40,1.0,False,2.0727999944938347,10000,10,pre_filter,0.1,0.1,0.10024762900114059,uncorrelated,
41,1.0,False,2.0178999984636903,10000,10,pre_filter,0.1,0.1,0.10024762900114059,uncorrelated,
42,1.0,False,1.8013000080827624,10000,10,pre_filter,0.1,0.1,0.10024762900114059,uncorrelated,
43,1.0,False,1.8925999902421609,10000,10,pre_filter,0.1,0.1,0.10024762900114059,uncorrelated,
44,1.0,False,1.8056999979307875,10000,10,pre_filter,0.1,0.1,0.10024762900114059,uncorrelated,
45,1.0,False,1.7232000100193545,10000,10,pre_filter,0.1,0.1,0.10024762900114059,uncorrelated,
46,1.0,False,1.715099991997704,10000,10,pre_filter,0.1,0.1,0.10024762900114059,uncorrelated,
47,1.0,False,1.6576000052737072,10000,10,pre_filter,0.1,0.1,0.10024762900114059,uncorrelated,
48,1.0,False,1.6253999929176643,10000,10,pre_filter,0.1,0.1,0.10024762900114059,uncorrelated,
49,1.0,False,1.6839000018080696,10000,10,pre_filter,0.1,0.1,0.10024762900114059,uncorrelated,
50,1.0,False,1.8935999978566542,10000,10,pre_filter,0.1,0.1,0.10024762900114059,uncorrelated,
51,1.0,False,1.751099989633076,10000,10,pre_filter,0.1,0.1,0.10024762900114059,uncorrelated,
52,1.0,False,1.9190000020898879,10000,10,pre_filter,0.1,0.1,0.10024762900114059,uncorrelated,
53,1.0,False,1.781500002834946,10000,10,pre_filter,0.1,0.1,0.10024762900114059,uncorrelated,
54,1.0,False,1.81940000038594,10000,10,pre_filter,0.1,0.1,0.10024762900114059,uncorrelated,
55,1.0,False,1.7303000058745965,10000,10,pre_filter,0.1,0.1,0.10024762900114059,uncorrelated,
56,1.0,False,1.6371999954571947,10000,10,pre_filter,0.1,0.1,0.10024762900114059,uncorrelated,
57,1.0,False,1.6491000133100897,10000,10,pre_filter,0.1,0.1,0.10024762900114059,uncorrelated,
58,1.0,False,1.7224000039277598,10000,10,pre_filter,0.1,0.1,0.10024762900114059,uncorrelated,
59,1.0,False,1.6605999990133569,10000,10,pre_filter,0.1,0.1,0.10024762900114059,uncorrelated,
60,1.0,False,1.6505999956279993,10000,10,pre_filter,0.1,0.1,0.10024762900114059,uncorrelated,
61,1.0,False,1.6969999996945262,10000,10,pre_filter,0.1,0.1,0.10024762900114059,uncorrelated,
62,1.0,False,1.7580999992787838,10000,10,pre_filter,0.1,0.1,0.10024762900114059,uncorrelated,
63,1.0,False,1.728000002913177,10000,10,pre_filter,0.1,0.1,0.10024762900114059,uncorrelated,
64,1.0,False,1.634500004001893,10000,10,pre_filter,0.1,0.1,0.10024762900114059,uncorrelated,
65,1.0,False,1.6210000030696392,10000,10,pre_filter,0.1,0.1,0.10024762900114059,uncorrelated,
66,1.0,False,1.752299998770468,10000,10,pre_filter,0.1,0.1,0.10024762900114059,uncorrelated,
67,1.0,False,1.7383000085828826,10000,10,pre_filter,0.1,0.1,0.10024762900114059,uncorrelated,
68,1.0,False,1.6900000046007335,10000,10,pre_filter,0.1,0.1,0.10024762900114059,uncorrelated,
69,1.0,False,1.596699992660433,10000,10,pre_filter,0.1,0.1,0.10024762900114059,uncorrelated,
70,1.0,False,1.8739999941317365,10000,10,pre_filter,0.1,0.1,0.10024762900114059,uncorrelated,
71,1.0,False,1.7672999965725467,10000,10,pre_filter,0.1,0.1,0.10024762900114059,uncorrelated,
72,1.0,False,1.7408999992767349,10000,10,pre_filter,0.1,0.1,0.10024762900114059,uncorrelated,
73,1.0,False,1.6653000056976452,10000,10,pre_filter,0.1,0.1,0.10024762900114059,uncorrelated,
74,1.0,False,1.7158999980892986,10000,10,pre_filter,0.1,0.1,0.10024762900114059,uncorrelated,
75,1.0,False,1.718799991067499,10000,10,pre_filter,0.1,0.1,0.10024762900114059,uncorrelated,
76,1.0,False,1.7829999997047707,10000,10,pre_filter,0.1,0.1,0.10024762900114059,uncorrelated,
77,1.0,False,1.9838000007439405,10000,10,pre_filter,0.1,0.1,0.10024762900114059,uncorrelated,
78,1.0,False,2.0791999995708466,10000,10,pre_filter,0.1,0.1,0.10024762900114059,uncorrelated,
79,1.0,False,2.0260000019334257,10000,10,pre_filter,0.1,0.1,0.10024762900114059,uncorrelated,
80,1.0,False,1.7756000015651807,10000,10,pre_filter,0.1,0.1,0.10024762900114059,uncorrelated,
81,1.0,False,1.7197999986819923,10000,10,pre_filter,0.1,0.1,0.10024762900114059,uncorrelated,
82,1.0,False,1.8033000087598339,10000,10,pre_filter,0.1,0.1,0.10024762900114059,uncorrelated,
83,1.0,False,1.7154999950435013,10000,10,pre_filter,0.1,0.1,0.10024762900114059,uncorrelated,
84,1.0,False,1.6555000038351864,10000,10,pre_filter,0.1,0.1,0.10024762900114059,uncorrelated,
85,1.0,False,1.6634999919915572,10000,10,pre_filter,0.1,0.1,0.10024762900114059,uncorrelated,
86,1.0,False,1.8740000086836517,10000,10,pre_filter,0.1,0.1,0.10024762900114059,uncorrelated,
87,1.0,False,1.8462000007275492,10000,10,pre_filter,0.1,0.1,0.10024762900114059,uncorrelated,
88,1.0,False,2.118100004736334,10000,10,pre_filter,0.1,0.1,0.10024762900114059,uncorrelated,
89,1.0,False,1.8961000023409724,10000,10,pre_filter,0.1,0.1,0.10024762900114059,uncorrelated,
90,1.0,False,1.8385000003036112,10000,10,pre_filter,0.1,0.1,0.10024762900114059,uncorrelated,
91,1.0,False,1.8838999967556447,10000,10,pre_filter,0.1,0.1,0.10024762900114059,uncorrelated,
92,1.0,False,1.7996000096900389,10000,10,pre_filter,0.1,0.1,0.10024762900114059,uncorrelated,
93,1.0,False,1.9042000058107078,10000,10,pre_filter,0.1,0.1,0.10024762900114059,uncorrelated,
94,1.0,False,1.7075999930966645,10000,10,pre_filter,0.1,0.1,0.10024762900114059,uncorrelated,
95,1.0,False,1.659700006712228,10000,10,pre_filter,0.1,0.1,0.10024762900114059,uncorrelated,
96,1.0,False,1.7695999995339662,10000,10,pre_filter,0.1,0.1,0.10024762900114059,uncorrelated,
97,1.0,False,2.0022000098833814,10000,10,pre_filter,0.1,0.1,0.10024762900114059,uncorrelated,
98,1.0,False,2.0343000069260597,10000,10,pre_filter,0.1,0.1,0.10024762900114059,uncorrelated,
99,1.0,False,1.9567999988794327,10000,10,pre_filter,0.1,0.1,0.10024762900114059,uncorrelated,
100,1.0,False,1.8306999991182238,10000,10,pre_filter,0.1,0.1,0.10024762900114059,uncorrelated,
101,1.0,False,1.6867000085767359,10000,10,pre_filter,0.1,0.1,0.10024762900114059,uncorrelated,
102,1.0,False,1.7300999897997826,10000,10,pre_filter,0.1,0.1,0.10024762900114059,uncorrelated,
103,1.0,False,1.6529999993508682,10000,10,pre_filter,0.1,0.1,0.10024762900114059,uncorrelated,
104,1.0,False,1.7032000032486394,10000,10,pre_filter,0.1,0.1,0.10024762900114059,uncorrelated,
105,1.0,False,1.9120000069960952,10000,10,pre_filter,0.1,0.1,0.10024762900114059,uncorrelated,
106,1.0,False,1.9711000059032813,10000,10,pre_filter,0.1,0.1,0.10024762900114059,uncorrelated,
107,1.0,False,2.1172999986447394,10000,10,pre_filter,0.1,0.1,0.10024762900114059,uncorrelated,
108,1.0,False,2.479200004017912,10000,10,pre_filter,0.1,0.1,0.10024762900114059,uncorrelated,
109,1.0,False,1.8434999947203323,10000,10,pre_filter,0.1,0.1,0.10024762900114059,uncorrelated,
110,1.0,False,1.8835000082617626,10000,10,pre_filter,0.1,0.1,0.10024762900114059,uncorrelated,
111,1.0,False,1.8253000016557053,10000,10,pre_filter,0.1,0.1,0.10024762900114059,uncorrelated,
112,1.0,False,1.7430000007152557,10000,10,pre_filter,0.1,0.1,0.10024762900114059,uncorrelated,
113,1.0,False,1.7793000006349757,10000,10,pre_filter,0.1,0.1,0.10024762900114059,uncorrelated,
114,1.0,False,1.743100001476705,10000,10,pre_filter,0.1,0.1,0.10024762900114059,uncorrelated,
115,1.0,False,1.7726999940350652,10000,10,pre_filter,0.1,0.1,0.10024762900114059,uncorrelated,
116,1.0,False,1.6976000042632222,10000,10,pre_filter,0.1,0.1,0.10024762900114059,uncorrelated,
117,1.0,False,1.6879000031622127,10000,10,pre_filter,0.1,0.1,0.10024762900114059,uncorrelated,
118,1.0,False,1.6127999988384545,10000,10,pre_filter,0.1,0.1,0.10024762900114059,uncorrelated,
119,1.0,False,1.8853999936254695,10000,10,pre_filter,0.1,0.1,0.10024762900114059,uncorrelated,
120,1.0,False,1.66680000256747,10000,10,pre_filter,0.1,0.1,0.10024762900114059,uncorrelated,
121,1.0,False,1.6519999917363748,10000,10,pre_filter,0.1,0.1,0.10024762900114059,uncorrelated,
122,1.0,False,1.7660000012256205,10000,10,pre_filter,0.1,0.1,0.10024762900114059,uncorrelated,
123,1.0,False,1.7547000024933368,10000,10,pre_filter,0.1,0.1,0.10024762900114059,uncorrelated,
124,1.0,False,1.6562999953748658,10000,10,pre_filter,0.1,0.1,0.10024762900114059,uncorrelated,
125,1.0,False,1.6977000050246716,10000,10,pre_filter,0.1,0.1,0.10024762900114059,uncorrelated,
126,1.0,False,1.6523999947821721,10000,10,pre_filter,0.1,0.1,0.10024762900114059,uncorrelated,
127,1.0,False,1.774700009264052,10000,10,pre_filter,0.1,0.1,0.10024762900114059,uncorrelated,
128,1.0,False,1.6823999903863296,10000,10,pre_filter,0.1,0.1,0.10024762900114059,uncorrelated,
129,1.0,False,1.6604000120423734,10000,10,pre_filter,0.1,0.1,0.10024762900114059,uncorrelated,
130,1.0,False,1.5703999961260706,10000,10,pre_filter,0.1,0.1,0.10024762900114059,uncorrelated,
131,1.0,False,2.0152999932179227,10000,10,pre_filter,0.1,0.1,0.10024762900114059,uncorrelated,
132,1.0,False,1.7413000023225322,10000,10,pre_filter,0.1,0.1,0.10024762900114059,uncorrelated,
133,1.0,False,1.699400003417395,10000,10,pre_filter,0.1,0.1,0.10024762900114059,uncorrelated,
134,1.0,False,1.6567999991821125,10000,10,pre_filter,0.1,0.1,0.10024762900114059,uncorrelated,
135,1.0,False,1.8992999976035208,10000,10,pre_filter,0.1,0.1,0.10024762900114059,uncorrelated,
136,1.0,False,2.0583000004990026,10000,10,pre_filter,0.1,0.1,0.10024762900114059,uncorrelated,
137,1.0,False,1.6744000022299588,10000,10,pre_filter,0.1,0.1,0.10024762900114059,uncorrelated,
138,1.0,False,1.6534999886061996,10000,10,pre_filter,0.1,0.1,0.10024762900114059,uncorrelated,
139,1.0,False,1.7406999977538362,10000,10,pre_filter,0.1,0.1,0.10024762900114059,uncorrelated,
140,1.0,False,1.8368999881204218,10000,10,pre_filter,0.1,0.1,0.10024762900114059,uncorrelated,
141,1.0,False,1.7383000085828826,10000,10,pre_filter,0.1,0.1,0.10024762900114059,uncorrelated,
142,1.0,False,1.6958000051090494,10000,10,pre_filter,0.1,0.1,0.10024762900114059,uncorrelated,
143,1.0,False,1.7574999947100878,10000,10,pre_filter,0.1,0.1,0.10024762900114059,uncorrelated,
144,1.0,False,1.7311999981757253,10000,10,pre_filter,0.1,0.1,0.10024762900114059,uncorrelated,
145,1.0,False,1.643399999011308,10000,10,pre_filter,0.1,0.1,0.10024762900114059,uncorrelated,
146,1.0,False,1.6136000049300492,10000,10,pre_filter,0.1,0.1,0.10024762900114059,uncorrelated,
147,1.0,False,1.850700005888939,10000,10,pre_filter,0.1,0.1,0.10024762900114059,uncorrelated,
148,1.0,False,1.6579000075580552,10000,10,pre_filter,0.1,0.1,0.10024762900114059,uncorrelated,
149,1.0,False,1.832599999033846,10000,10,pre_filter,0.1,0.1,0.10024762900114059,uncorrelated,
150,1.0,False,1.812900009099394,10000,10,pre_filter,0.1,0.1,0.10024762900114059,uncorrelated,
151,1.0,False,1.802499988116324,10000,10,pre_filter,0.1,0.1,0.10024762900114059,uncorrelated,
152,1.0,False,1.755399993271567,10000,10,pre_filter,0.1,0.1,0.10024762900114059,uncorrelated,
153,1.0,False,1.7902999970829114,10000,10,pre_filter,0.1,0.1,0.10024762900114059,uncorrelated,
154,1.0,False,1.6503999941051006,10000,10,pre_filter,0.1,0.1,0.10024762900114059,uncorrelated,
155,1.0,False,1.713899997412227,10000,10,pre_filter,0.1,0.1,0.10024762900114059,uncorrelated,
156,1.0,False,1.6815999988466501,10000,10,pre_filter,0.1,0.1,0.10024762900114059,uncorrelated,
157,1.0,False,1.6450999974040315,10000,10,pre_filter,0.1,0.1,0.10024762900114059,uncorrelated,
158,1.0,False,1.7875999910756946,10000,10,pre_filter,0.1,0.1,0.10024762900114059,uncorrelated,
159,1.0,False,1.8216000025859103,10000,10,pre_filter,0.1,0.1,0.10024762900114059,uncorrelated,
160,1.0,False,1.7472000035922974,10000,10,pre_filter,0.1,0.1,0.10024762900114059,uncorrelated,
161,1.0,False,1.6636999935144559,10000,10,pre_filter,0.1,0.1,0.10024762900114059,uncorrelated,
162,1.0,False,1.6262999997707084,10000,10,pre_filter,0.1,0.1,0.10024762900114059,uncorrelated,
163,1.0,False,1.6959000058704987,10000,10,pre_filter,0.1,0.1,0.10024762900114059,uncorrelated,
164,1.0,False,1.6527999978279695,10000,10,pre_filter,0.1,0.1,0.10024762900114059,uncorrelated,
165,1.0,False,1.6564999968977645,10000,10,pre_filter,0.1,0.1,0.10024762900114059,uncorrelated,
166,1.0,False,1.8501000013202429,10000,10,pre_filter,0.1,0.1,0.10024762900114059,uncorrelated,
167,1.0,False,2.089400004479103,10000,10,pre_filter,0.1,0.1,0.10024762900114059,uncorrelated,
168,1.0,False,1.9188000005669892,10000,10,pre_filter,0.1,0.1,0.10024762900114059,uncorrelated,
169,1.0,False,1.7928000015672296,10000,10,pre_filter,0.1,0.1,0.10024762900114059,uncorrelated,
170,1.0,False,1.7776000022422522,10000,10,pre_filter,0.1,0.1,0.10024762900114059,uncorrelated,
171,1.0,False,1.8829000036930665,10000,10,pre_filter,0.1,0.1,0.10024762900114059,uncorrelated,
172,1.0,False,1.8169999966630712,10000,10,pre_filter,0.1,0.1,0.10024762900114059,uncorrelated,
173,1.0,False,1.6754000098444521,10000,10,pre_filter,0.1,0.1,0.10024762900114059,uncorrelated,
174,1.0,False,1.735099998768419,10000,10,pre_filter,0.1,0.1,0.10024762900114059,uncorrelated,
175,1.0,False,1.8748000002233312,10000,10,pre_filter,0.1,0.1,0.10024762900114059,uncorrelated,
176,1.0,False,1.8528000073274598,10000,10,pre_filter,0.1,0.1,0.10024762900114059,uncorrelated,
177,1.0,False,1.8013999942922965,10000,10,pre_filter,0.1,0.1,0.10024762900114059,uncorrelated,
178,1.0,False,1.7836000042734668,10000,10,pre_filter,0.1,0.1,0.10024762900114059,uncorrelated,
179,1.0,False,1.6690000047674403,10000,10,pre_filter,0.1,0.1,0.10024762900114059,uncorrelated,
180,1.0,False,1.673899998422712,10000,10,pre_filter,0.1,0.1,0.10024762900114059,uncorrelated,
181,1.0,False,1.5785000141477212,10000,10,pre_filter,0.1,0.1,0.10024762900114059,uncorrelated,
182,1.0,False,2.1979000011924654,10000,10,pre_filter,0.1,0.1,0.10024762900114059,uncorrelated,
183,1.0,False,1.974099999642931,10000,10,pre_filter,0.1,0.1,0.10024762900114059,uncorrelated,
184,1.0,False,1.8696000042837113,10000,10,pre_filter,0.1,0.1,0.10024762900114059,uncorrelated,
185,1.0,False,1.756300000124611,10000,10,pre_filter,0.1,0.1,0.10024762900114059,uncorrelated,
186,1.0,False,1.7508999881101772,10000,10,pre_filter,0.1,0.1,0.10024762900114059,uncorrelated,
187,1.0,False,1.7081999976653606,10000,10,pre_filter,0.1,0.1,0.10024762900114059,uncorrelated,
188,1.0,False,1.6776000120444223,10000,10,pre_filter,0.1,0.1,0.10024762900114059,uncorrelated,
189,1.0,False,1.66529999114573,10000,10,pre_filter,0.1,0.1,0.10024762900114059,uncorrelated,
190,1.0,False,1.7374999879393727,10000,10,pre_filter,0.1,0.1,0.10024762900114059,uncorrelated,
191,1.0,False,1.727099996060133,10000,10,pre_filter,0.1,0.1,0.10024762900114059,uncorrelated,
192,1.0,False,1.660000008996576,10000,10,pre_filter,0.1,0.1,0.10024762900114059,uncorrelated,
193,1.0,False,1.6666000010445714,10000,10,pre_filter,0.1,0.1,0.10024762900114059,uncorrelated,
194,1.0,False,1.8283999961568043,10000,10,pre_filter,0.1,0.1,0.10024762900114059,uncorrelated,
195,1.0,False,1.6982999950414523,10000,10,pre_filter,0.1,0.1,0.10024762900114059,uncorrelated,
196,1.0,False,1.655700005358085,10000,10,pre_filter,0.1,0.1,0.10024762900114059,uncorrelated,
197,1.0,False,1.6943999944487587,10000,10,pre_filter,0.1,0.1,0.10024762900114059,uncorrelated,
198,1.0,False,1.727700000628829,10000,10,pre_filter,0.1,0.1,0.10024762900114059,uncorrelated,
199,1.0,False,1.7666999920038506,10000,10,pre_filter,0.1,0.1,0.10024762900114059,uncorrelated,
20,1.0,False,5.214399992837571,2671,10,post_filter,0.1,0.1,0.10024762900114059,uncorrelated,
21,1.0,False,5.3035999881103635,3920,10,post_filter,0.1,0.1,0.10024762900114059,uncorrelated,
22,1.0,False,4.786700010299683,3250,10,post_filter,0.1,0.1,0.10024762900114059,uncorrelated,
23,1.0,False,5.578199998126365,3882,10,post_filter,0.1,0.1,0.10024762900114059,uncorrelated,
24,1.0,False,5.50709999515675,4373,10,post_filter,0.1,0.1,0.10024762900114059,uncorrelated,
25,1.0,False,5.250499991234392,4151,10,post_filter,0.1,0.1,0.10024762900114059,uncorrelated,
26,1.0,False,5.602399993222207,4534,10,post_filter,0.1,0.1,0.10024762900114059,uncorrelated,
27,1.0,False,5.272599999443628,4272,10,post_filter,0.1,0.1,0.10024762900114059,uncorrelated,
28,1.0,False,5.244800006039441,4340,10,post_filter,0.1,0.1,0.10024762900114059,uncorrelated,
29,1.0,False,4.213900014292449,1776,10,post_filter,0.1,0.1,0.10024762900114059,uncorrelated,
30,1.0,False,5.067199992481619,4010,10,post_filter,0.1,0.1,0.10024762900114059,uncorrelated,
31,1.0,False,5.270399997243658,4731,10,post_filter,0.1,0.1,0.10024762900114059,uncorrelated,
32,1.0,False,5.3595000063069165,4085,10,post_filter,0.1,0.1,0.10024762900114059,uncorrelated,
33,1.0,False,5.126299991388805,4053,10,post_filter,0.1,0.1,0.10024762900114059,uncorrelated,
34,1.0,False,5.3349000081652775,4660,10,post_filter,0.1,0.1,0.10024762900114059,uncorrelated,
35,1.0,False,6.040499996743165,5008,10,post_filter,0.1,0.1,0.10024762900114059,uncorrelated,
36,1.0,False,5.92049999977462,5502,10,post_filter,0.1,0.1,0.10024762900114059,uncorrelated,
37,1.0,False,5.047500002547167,3505,10,post_filter,0.1,0.1,0.10024762900114059,uncorrelated,
38,1.0,False,5.351999992853962,4245,10,post_filter,0.1,0.1,0.10024762900114059,uncorrelated,
39,1.0,False,4.665399988880381,2971,10,post_filter,0.1,0.1,0.10024762900114059,uncorrelated,
40,1.0,False,5.422500005806796,4610,10,post_filter,0.1,0.1,0.10024762900114059,uncorrelated,
41,1.0,False,4.508800004259683,2279,10,post_filter,0.1,0.1,0.10024762900114059,uncorrelated,
42,1.0,False,5.381599999964237,4231,10,post_filter,0.1,0.1,0.10024762900114059,uncorrelated,
43,1.0,False,5.696300009731203,4980,10,post_filter,0.1,0.1,0.10024762900114059,uncorrelated,
44,1.0,False,5.538500001421198,3200,10,post_filter,0.1,0.1,0.10024762900114059,uncorrelated,
45,1.0,False,5.276099996990524,3965,10,post_filter,0.1,0.1,0.10024762900114059,uncorrelated,
46,1.0,False,4.908700007945299,3468,10,post_filter,0.1,0.1,0.10024762900114059,uncorrelated,
47,1.0,False,6.088299996918067,5220,10,post_filter,0.1,0.1,0.10024762900114059,uncorrelated,
48,1.0,False,5.630500003462657,4353,10,post_filter,0.1,0.1,0.10024762900114059,uncorrelated,
49,1.0,False,4.956199991283938,3192,10,post_filter,0.1,0.1,0.10024762900114059,uncorrelated,
50,1.0,False,5.56420000793878,4250,10,post_filter,0.1,0.1,0.10024762900114059,uncorrelated,
51,1.0,False,4.912999997031875,3175,10,post_filter,0.1,0.1,0.10024762900114059,uncorrelated,
52,1.0,False,5.462999994051643,4240,10,post_filter,0.1,0.1,0.10024762900114059,uncorrelated,
53,1.0,False,5.601300013950095,4294,10,post_filter,0.1,0.1,0.10024762900114059,uncorrelated,
54,1.0,False,4.04849999176804,1649,10,post_filter,0.1,0.1,0.10024762900114059,uncorrelated,
55,1.0,False,4.527600001893006,2576,10,post_filter,0.1,0.1,0.10024762900114059,uncorrelated,
56,1.0,False,5.361400006222539,3775,10,post_filter,0.1,0.1,0.10024762900114059,uncorrelated,
57,1.0,False,5.6213000061688945,4560,10,post_filter,0.1,0.1,0.10024762900114059,uncorrelated,
58,1.0,False,5.684799994924106,4981,10,post_filter,0.1,0.1,0.10024762900114059,uncorrelated,
59,1.0,False,4.487300000619143,1856,10,post_filter,0.1,0.1,0.10024762900114059,uncorrelated,
60,1.0,False,5.561899990425445,4672,10,post_filter,0.1,0.1,0.10024762900114059,uncorrelated,
61,1.0,False,4.946200002450496,3134,10,post_filter,0.1,0.1,0.10024762900114059,uncorrelated,
62,1.0,False,4.533899991656654,1977,10,post_filter,0.1,0.1,0.10024762900114059,uncorrelated,
63,1.0,False,4.783900003531016,2727,10,post_filter,0.1,0.1,0.10024762900114059,uncorrelated,
64,1.0,False,4.67439999920316,3005,10,post_filter,0.1,0.1,0.10024762900114059,uncorrelated,
65,1.0,False,4.560599991236813,2675,10,post_filter,0.1,0.1,0.10024762900114059,uncorrelated,
66,1.0,False,4.818700006580912,2865,10,post_filter,0.1,0.1,0.10024762900114059,uncorrelated,
67,1.0,False,4.45670000044629,2614,10,post_filter,0.1,0.1,0.10024762900114059,uncorrelated,
68,1.0,False,4.445700003998354,2628,10,post_filter,0.1,0.1,0.10024762900114059,uncorrelated,
69,1.0,False,5.37600000097882,4210,10,post_filter,0.1,0.1,0.10024762900114059,uncorrelated,
70,1.0,False,3.908600003342144,1623,10,post_filter,0.1,0.1,0.10024762900114059,uncorrelated,
71,1.0,False,4.77449999016244,3096,10,post_filter,0.1,0.1,0.10024762900114059,uncorrelated,
72,0.9,False,6.072800009860657,5555,10,post_filter,0.1,0.1,0.10024762900114059,uncorrelated,
73,1.0,False,5.042500008130446,3816,10,post_filter,0.1,0.1,0.10024762900114059,uncorrelated,
74,1.0,False,5.314099995302968,4107,10,post_filter,0.1,0.1,0.10024762900114059,uncorrelated,
75,1.0,False,5.7742000062717125,4656,10,post_filter,0.1,0.1,0.10024762900114059,uncorrelated,
76,1.0,False,5.016199997044168,3550,10,post_filter,0.1,0.1,0.10024762900114059,uncorrelated,
77,1.0,False,5.085700002382509,4042,10,post_filter,0.1,0.1,0.10024762900114059,uncorrelated,
78,1.0,False,5.36560000909958,4320,10,post_filter,0.1,0.1,0.10024762900114059,uncorrelated,
79,1.0,False,4.26549999974668,2087,10,post_filter,0.1,0.1,0.10024762900114059,uncorrelated,
80,1.0,False,5.215900004259311,3774,10,post_filter,0.1,0.1,0.10024762900114059,uncorrelated,
81,1.0,False,6.097000004956499,4994,10,post_filter,0.1,0.1,0.10024762900114059,uncorrelated,
82,1.0,False,5.628600003547035,4889,10,post_filter,0.1,0.1,0.10024762900114059,uncorrelated,
83,1.0,False,5.658800000674091,3844,10,post_filter,0.1,0.1,0.10024762900114059,uncorrelated,
84,1.0,False,5.922200012719259,4683,10,post_filter,0.1,0.1,0.10024762900114059,uncorrelated,
85,1.0,False,4.80339999194257,2967,10,post_filter,0.1,0.1,0.10024762900114059,uncorrelated,
86,1.0,False,4.439500000444241,2683,10,post_filter,0.1,0.1,0.10024762900114059,uncorrelated,
87,1.0,False,5.098699999507517,2198,10,post_filter,0.1,0.1,0.10024762900114059,uncorrelated,
88,1.0,False,4.413799993926659,2566,10,post_filter,0.1,0.1,0.10024762900114059,uncorrelated,
89,1.0,False,4.226399993058294,2336,10,post_filter,0.1,0.1,0.10024762900114059,uncorrelated,
90,1.0,False,4.589199990732595,2813,10,post_filter,0.1,0.1,0.10024762900114059,uncorrelated,
91,1.0,False,5.8649999991757795,3415,10,post_filter,0.1,0.1,0.10024762900114059,uncorrelated,
92,1.0,False,5.486399997607805,4585,10,post_filter,0.1,0.1,0.10024762900114059,uncorrelated,
93,1.0,False,4.75150000420399,3243,10,post_filter,0.1,0.1,0.10024762900114059,uncorrelated,
94,1.0,False,4.416299998410977,2134,10,post_filter,0.1,0.1,0.10024762900114059,uncorrelated,
95,1.0,False,5.247499997494742,4199,10,post_filter,0.1,0.1,0.10024762900114059,uncorrelated,
96,1.0,False,5.529300004127435,4736,10,post_filter,0.1,0.1,0.10024762900114059,uncorrelated,
97,1.0,False,5.3638000099454075,3767,10,post_filter,0.1,0.1,0.10024762900114059,uncorrelated,
98,1.0,False,3.876800008583814,1800,10,post_filter,0.1,0.1,0.10024762900114059,uncorrelated,
99,1.0,False,5.301600001985207,4136,10,post_filter,0.1,0.1,0.10024762900114059,uncorrelated,
100,1.0,False,5.185200003325008,3371,10,post_filter,0.1,0.1,0.10024762900114059,uncorrelated,
101,1.0,False,4.984400002285838,3091,10,post_filter,0.1,0.1,0.10024762900114059,uncorrelated,
102,1.0,False,6.157700001494959,4661,10,post_filter,0.1,0.1,0.10024762900114059,uncorrelated,
103,1.0,False,6.431899993913248,4366,10,post_filter,0.1,0.1,0.10024762900114059,uncorrelated,
104,1.0,False,4.594800004269928,2725,10,post_filter,0.1,0.1,0.10024762900114059,uncorrelated,
105,1.0,False,4.814800005988218,3309,10,post_filter,0.1,0.1,0.10024762900114059,uncorrelated,
106,1.0,False,4.604599991580471,2291,10,post_filter,0.1,0.1,0.10024762900114059,uncorrelated,
107,1.0,False,4.067900008521974,2064,10,post_filter,0.1,0.1,0.10024762900114059,uncorrelated,
108,1.0,False,3.7056000001030043,1461,10,post_filter,0.1,0.1,0.10024762900114059,uncorrelated,
109,1.0,False,4.867700001341291,3542,10,post_filter,0.1,0.1,0.10024762900114059,uncorrelated,
110,1.0,False,6.646800000453368,2242,10,post_filter,0.1,0.1,0.10024762900114059,uncorrelated,
111,1.0,False,5.64940000185743,4882,10,post_filter,0.1,0.1,0.10024762900114059,uncorrelated,
112,1.0,False,4.499899994698353,2378,10,post_filter,0.1,0.1,0.10024762900114059,uncorrelated,
113,1.0,False,5.919699993683025,4346,10,post_filter,0.1,0.1,0.10024762900114059,uncorrelated,
114,1.0,False,4.938900005072355,2915,10,post_filter,0.1,0.1,0.10024762900114059,uncorrelated,
115,1.0,False,5.660000009811483,4731,10,post_filter,0.1,0.1,0.10024762900114059,uncorrelated,
116,1.0,False,3.823999999440275,1474,10,post_filter,0.1,0.1,0.10024762900114059,uncorrelated,
117,1.0,False,5.991700003505684,5848,10,post_filter,0.1,0.1,0.10024762900114059,uncorrelated,
118,1.0,False,5.490700001246296,4545,10,post_filter,0.1,0.1,0.10024762900114059,uncorrelated,
119,1.0,False,4.335999998147599,1757,10,post_filter,0.1,0.1,0.10024762900114059,uncorrelated,
120,1.0,False,5.273500006296672,3958,10,post_filter,0.1,0.1,0.10024762900114059,uncorrelated,
121,1.0,False,4.903299995930865,3393,10,post_filter,0.1,0.1,0.10024762900114059,uncorrelated,
122,1.0,False,5.957900008070283,4806,10,post_filter,0.1,0.1,0.10024762900114059,uncorrelated,
123,1.0,False,5.141599991475232,3153,10,post_filter,0.1,0.1,0.10024762900114059,uncorrelated,
124,1.0,False,8.072500000707805,3603,10,post_filter,0.1,0.1,0.10024762900114059,uncorrelated,
125,1.0,False,5.974600004265085,4226,10,post_filter,0.1,0.1,0.10024762900114059,uncorrelated,
126,1.0,False,5.605900005321018,4886,10,post_filter,0.1,0.1,0.10024762900114059,uncorrelated,
127,1.0,False,5.437400002847426,4371,10,post_filter,0.1,0.1,0.10024762900114059,uncorrelated,
128,1.0,False,5.342700009350665,3814,10,post_filter,0.1,0.1,0.10024762900114059,uncorrelated,
129,1.0,False,5.0685000023804605,3296,10,post_filter,0.1,0.1,0.10024762900114059,uncorrelated,
130,1.0,False,5.854399991221726,5217,10,post_filter,0.1,0.1,0.10024762900114059,uncorrelated,
131,1.0,False,5.245799999102019,3923,10,post_filter,0.1,0.1,0.10024762900114059,uncorrelated,
132,1.0,False,5.69750000431668,5240,10,post_filter,0.1,0.1,0.10024762900114059,uncorrelated,
133,1.0,False,5.622800003038719,4973,10,post_filter,0.1,0.1,0.10024762900114059,uncorrelated,
134,1.0,False,4.523700001300313,2148,10,post_filter,0.1,0.1,0.10024762900114059,uncorrelated,
135,1.0,False,5.36860000283923,4310,10,post_filter,0.1,0.1,0.10024762900114059,uncorrelated,
136,1.0,False,5.987000011373311,4904,10,post_filter,0.1,0.1,0.10024762900114059,uncorrelated,
137,1.0,False,5.759299994679168,4927,10,post_filter,0.1,0.1,0.10024762900114059,uncorrelated,
138,1.0,False,5.557199998293072,3968,10,post_filter,0.1,0.1,0.10024762900114059,uncorrelated,
139,1.0,False,5.738099993322976,4140,10,post_filter,0.1,0.1,0.10024762900114059,uncorrelated,
140,1.0,False,5.8250000001862645,4744,10,post_filter,0.1,0.1,0.10024762900114059,uncorrelated,
141,1.0,False,5.128700009663589,3434,10,post_filter,0.1,0.1,0.10024762900114059,uncorrelated,
142,1.0,False,5.921999996644445,4847,10,post_filter,0.1,0.1,0.10024762900114059,uncorrelated,
143,1.0,False,4.890600001090206,2829,10,post_filter,0.1,0.1,0.10024762900114059,uncorrelated,
144,1.0,False,5.267600005026907,3851,10,post_filter,0.1,0.1,0.10024762900114059,uncorrelated,
145,1.0,False,5.071799998404458,2977,10,post_filter,0.1,0.1,0.10024762900114059,uncorrelated,
146,1.0,False,5.770700008724816,4390,10,post_filter,0.1,0.1,0.10024762900114059,uncorrelated,
147,1.0,False,6.435599992983043,4476,10,post_filter,0.1,0.1,0.10024762900114059,uncorrelated,
148,1.0,False,5.259500001557171,4174,10,post_filter,0.1,0.1,0.10024762900114059,uncorrelated,
149,1.0,False,5.421499998192303,4612,10,post_filter,0.1,0.1,0.10024762900114059,uncorrelated,
150,1.0,False,5.653700005495921,4471,10,post_filter,0.1,0.1,0.10024762900114059,uncorrelated,
151,1.0,False,4.185900004813448,1759,10,post_filter,0.1,0.1,0.10024762900114059,uncorrelated,
152,1.0,False,5.485200003022328,4323,10,post_filter,0.1,0.1,0.10024762900114059,uncorrelated,
153,1.0,False,6.1304999981075525,3951,10,post_filter,0.1,0.1,0.10024762900114059,uncorrelated,
154,1.0,False,6.073499986086972,4297,10,post_filter,0.1,0.1,0.10024762900114059,uncorrelated,
155,1.0,False,5.4825999977765605,4221,10,post_filter,0.1,0.1,0.10024762900114059,uncorrelated,
156,1.0,False,6.635500001721084,4737,10,post_filter,0.1,0.1,0.10024762900114059,uncorrelated,
157,1.0,False,5.854000002727844,5449,10,post_filter,0.1,0.1,0.10024762900114059,uncorrelated,
158,1.0,False,5.550000001676381,4644,10,post_filter,0.1,0.1,0.10024762900114059,uncorrelated,
159,1.0,False,5.74639999831561,4497,10,post_filter,0.1,0.1,0.10024762900114059,uncorrelated,
160,1.0,False,5.372399988118559,4585,10,post_filter,0.1,0.1,0.10024762900114059,uncorrelated,
161,1.0,False,5.251199996564537,4576,10,post_filter,0.1,0.1,0.10024762900114059,uncorrelated,
162,1.0,False,6.099199992604554,5232,10,post_filter,0.1,0.1,0.10024762900114059,uncorrelated,
163,1.0,False,5.2687999996123835,4529,10,post_filter,0.1,0.1,0.10024762900114059,uncorrelated,
164,1.0,False,5.344299992430024,4048,10,post_filter,0.1,0.1,0.10024762900114059,uncorrelated,
165,1.0,False,5.066700003226288,3808,10,post_filter,0.1,0.1,0.10024762900114059,uncorrelated,
166,1.0,False,5.1592999952845275,4204,10,post_filter,0.1,0.1,0.10024762900114059,uncorrelated,
167,1.0,False,5.640900009893812,4817,10,post_filter,0.1,0.1,0.10024762900114059,uncorrelated,
168,1.0,False,5.843299994012341,4075,10,post_filter,0.1,0.1,0.10024762900114059,uncorrelated,
169,1.0,False,5.61829999787733,3971,10,post_filter,0.1,0.1,0.10024762900114059,uncorrelated,
170,1.0,False,5.50939999811817,4335,10,post_filter,0.1,0.1,0.10024762900114059,uncorrelated,
171,1.0,False,5.248000001301989,4455,10,post_filter,0.1,0.1,0.10024762900114059,uncorrelated,
172,1.0,False,5.461299995658919,4837,10,post_filter,0.1,0.1,0.10024762900114059,uncorrelated,
173,1.0,False,5.536700002267025,4207,10,post_filter,0.1,0.1,0.10024762900114059,uncorrelated,
174,1.0,False,5.169500000192784,4132,10,post_filter,0.1,0.1,0.10024762900114059,uncorrelated,
175,1.0,False,5.221999992500059,4582,10,post_filter,0.1,0.1,0.10024762900114059,uncorrelated,
176,1.0,False,5.567399988649413,4987,10,post_filter,0.1,0.1,0.10024762900114059,uncorrelated,
177,1.0,False,5.547500011743978,4548,10,post_filter,0.1,0.1,0.10024762900114059,uncorrelated,
178,1.0,False,5.180300009669736,4199,10,post_filter,0.1,0.1,0.10024762900114059,uncorrelated,
179,1.0,False,5.216399993514642,4148,10,post_filter,0.1,0.1,0.10024762900114059,uncorrelated,
180,1.0,False,5.085000011604279,3467,10,post_filter,0.1,0.1,0.10024762900114059,uncorrelated,
181,1.0,False,5.470500007504597,4584,10,post_filter,0.1,0.1,0.10024762900114059,uncorrelated,
182,1.0,False,5.599900003289804,4041,10,post_filter,0.1,0.1,0.10024762900114059,uncorrelated,
183,1.0,False,5.340500007150695,4114,10,post_filter,0.1,0.1,0.10024762900114059,uncorrelated,
184,1.0,False,5.412200000137091,4459,10,post_filter,0.1,0.1,0.10024762900114059,uncorrelated,
185,1.0,False,4.260800007614307,1542,10,post_filter,0.1,0.1,0.10024762900114059,uncorrelated,
186,1.0,False,5.099799993331544,3281,10,post_filter,0.1,0.1,0.10024762900114059,uncorrelated,
187,1.0,False,6.263099989155307,4931,10,post_filter,0.1,0.1,0.10024762900114059,uncorrelated,
188,1.0,False,6.644400011282414,3872,10,post_filter,0.1,0.1,0.10024762900114059,uncorrelated,
189,1.0,False,7.382499999948777,4666,10,post_filter,0.1,0.1,0.10024762900114059,uncorrelated,
190,1.0,False,5.536700002267025,3536,10,post_filter,0.1,0.1,0.10024762900114059,uncorrelated,
191,1.0,False,6.416099990019575,5023,10,post_filter,0.1,0.1,0.10024762900114059,uncorrelated,
192,1.0,False,6.281800000579096,5233,10,post_filter,0.1,0.1,0.10024762900114059,uncorrelated,
193,1.0,False,5.813200012198649,3796,10,post_filter,0.1,0.1,0.10024762900114059,uncorrelated,
194,1.0,False,6.024199989042245,4792,10,post_filter,0.1,0.1,0.10024762900114059,uncorrelated,
195,1.0,False,6.040599997504614,4976,10,post_filter,0.1,0.1,0.10024762900114059,uncorrelated,
196,1.0,False,5.9661999985110015,5111,10,post_filter,0.1,0.1,0.10024762900114059,uncorrelated,
197,1.0,False,6.3018000073498115,4649,10,post_filter,0.1,0.1,0.10024762900114059,uncorrelated,
198,1.0,False,4.64559999818448,2237,10,post_filter,0.1,0.1,0.10024762900114059,uncorrelated,
199,1.0,False,5.990700010443106,5499,10,post_filter,0.1,0.1,0.10024762900114059,uncorrelated,
20,1.0,False,31.560099989292212,15547,10,predicate_aware,0.1,0.1,0.10024762900114059,uncorrelated,
21,1.0,False,44.25720000290312,24279,10,predicate_aware,0.1,0.1,0.10024762900114059,uncorrelated,
22,1.0,False,40.55069999594707,22983,10,predicate_aware,0.1,0.1,0.10024762900114059,uncorrelated,
23,1.0,False,40.86960000859108,23139,10,predicate_aware,0.1,0.1,0.10024762900114059,uncorrelated,
24,1.0,False,46.092100004898384,27167,10,predicate_aware,0.1,0.1,0.10024762900114059,uncorrelated,
25,1.0,False,44.70189999847207,27225,10,predicate_aware,0.1,0.1,0.10024762900114059,uncorrelated,
26,1.0,False,44.68500000075437,26851,10,predicate_aware,0.1,0.1,0.10024762900114059,uncorrelated,
27,1.0,False,43.00629999488592,25576,10,predicate_aware,0.1,0.1,0.10024762900114059,uncorrelated,
28,1.0,False,44.45910001231823,26917,10,predicate_aware,0.1,0.1,0.10024762900114059,uncorrelated,
29,1.0,False,31.903000010061078,16407,10,predicate_aware,0.1,0.1,0.10024762900114059,uncorrelated,
30,1.0,False,41.3474000088172,24801,10,predicate_aware,0.1,0.1,0.10024762900114059,uncorrelated,
31,1.0,False,45.378700000583194,30094,10,predicate_aware,0.1,0.1,0.10024762900114059,uncorrelated,
32,1.0,False,47.604699997464195,29316,10,predicate_aware,0.1,0.1,0.10024762900114059,uncorrelated,
33,1.0,False,44.35850000299979,26539,10,predicate_aware,0.1,0.1,0.10024762900114059,uncorrelated,
34,1.0,False,49.27020000468474,29887,10,predicate_aware,0.1,0.1,0.10024762900114059,uncorrelated,
35,1.0,False,48.800499993376434,29355,10,predicate_aware,0.1,0.1,0.10024762900114059,uncorrelated,
36,1.0,False,48.623999988194555,29139,10,predicate_aware,0.1,0.1,0.10024762900114059,uncorrelated,
37,1.0,False,53.90600000100676,25679,10,predicate_aware,0.1,0.1,0.10024762900114059,uncorrelated,
38,1.0,False,56.2701000017114,30057,10,predicate_aware,0.1,0.1,0.10024762900114059,uncorrelated,
39,1.0,False,31.94620000431314,15239,10,predicate_aware,0.1,0.1,0.10024762900114059,uncorrelated,
40,1.0,False,43.1683999922825,30068,10,predicate_aware,0.1,0.1,0.10024762900114059,uncorrelated,
41,1.0,False,29.76479999779258,15839,10,predicate_aware,0.1,0.1,0.10024762900114059,uncorrelated,
42,1.0,False,48.14889999397565,27927,10,predicate_aware,0.1,0.1,0.10024762900114059,uncorrelated,
43,1.0,False,44.702800005325116,30071,10,predicate_aware,0.1,0.1,0.10024762900114059,uncorrelated,
44,1.0,False,39.70949999347795,21505,10,predicate_aware,0.1,0.1,0.10024762900114059,uncorrelated,
45,1.0,False,42.39410000445787,24878,10,predicate_aware,0.1,0.1,0.10024762900114059,uncorrelated,
46,1.0,False,37.70580000127666,19320,10,predicate_aware,0.1,0.1,0.10024762900114059,uncorrelated,
47,1.0,False,45.8199999993667,30097,10,predicate_aware,0.1,0.1,0.10024762900114059,uncorrelated,
48,1.0,False,49.36999999335967,29545,10,predicate_aware,0.1,0.1,0.10024762900114059,uncorrelated,
49,1.0,False,43.728899996494874,24949,10,predicate_aware,0.1,0.1,0.10024762900114059,uncorrelated,
50,1.0,False,49.15419999451842,30075,10,predicate_aware,0.1,0.1,0.10024762900114059,uncorrelated,
51,1.0,False,33.01109999301843,17608,10,predicate_aware,0.1,0.1,0.10024762900114059,uncorrelated,
52,1.0,False,46.00859999482054,25679,10,predicate_aware,0.1,0.1,0.10024762900114059,uncorrelated,
53,1.0,False,47.813800003496,28184,10,predicate_aware,0.1,0.1,0.10024762900114059,uncorrelated,
54,1.0,False,27.001900001778267,12757,10,predicate_aware,0.1,0.1,0.10024762900114059,uncorrelated,
55,1.0,False,29.12369999103248,16173,10,predicate_aware,0.1,0.1,0.10024762900114059,uncorrelated,
56,1.0,False,38.9776000083657,22823,10,predicate_aware,0.1,0.1,0.10024762900114059,uncorrelated,
57,1.0,False,45.50050001125783,26905,10,predicate_aware,0.1,0.1,0.10024762900114059,uncorrelated,
58,1.0,False,44.51830001198687,30100,10,predicate_aware,0.1,0.1,0.10024762900114059,uncorrelated,
59,1.0,False,35.697199986316264,15950,10,predicate_aware,0.1,0.1,0.10024762900114059,uncorrelated,
60,1.0,False,48.21330000413582,30067,10,predicate_aware,0.1,0.1,0.10024762900114059,uncorrelated,
61,1.0,False,42.86169999977574,23824,10,predicate_aware,0.1,0.1,0.10024762900114059,uncorrelated,
62,1.0,False,33.94470000057481,15804,10,predicate_aware,0.1,0.1,0.10024762900114059,uncorrelated,
63,1.0,False,31.800400000065565,16495,10,predicate_aware,0.1,0.1,0.10024762900114059,uncorrelated,
64,1.0,False,39.472699994803406,20954,10,predicate_aware,0.1,0.1,0.10024762900114059,uncorrelated,
65,1.0,False,30.25300000444986,15540,10,predicate_aware,0.1,0.1,0.10024762900114059,uncorrelated,
66,1.0,False,35.90740000072401,20805,10,predicate_aware,0.1,0.1,0.10024762900114059,uncorrelated,
67,1.0,False,37.609699997119606,18705,10,predicate_aware,0.1,0.1,0.10024762900114059,uncorrelated,
68,1.0,False,32.59560000151396,17037,10,predicate_aware,0.1,0.1,0.10024762900114059,uncorrelated,
69,1.0,False,47.12440000730567,29598,10,predicate_aware,0.1,0.1,0.10024762900114059,uncorrelated,
70,1.0,False,28.687699988950044,13663,10,predicate_aware,0.1,0.1,0.10024762900114059,uncorrelated,
71,1.0,False,35.95159998803865,20078,10,predicate_aware,0.1,0.1,0.10024762900114059,uncorrelated,
72,1.0,False,39.68310001073405,30065,10,predicate_aware,0.1,0.1,0.10024762900114059,uncorrelated,
73,1.0,False,42.96550000435673,25859,10,predicate_aware,0.1,0.1,0.10024762900114059,uncorrelated,
74,1.0,False,42.49560000607744,26027,10,predicate_aware,0.1,0.1,0.10024762900114059,uncorrelated,
75,1.0,False,50.29119999380782,30103,10,predicate_aware,0.1,0.1,0.10024762900114059,uncorrelated,
76,1.0,False,42.699900004663505,19869,10,predicate_aware,0.1,0.1,0.10024762900114059,uncorrelated,
77,1.0,False,55.878600003779866,28759,10,predicate_aware,0.1,0.1,0.10024762900114059,uncorrelated,
78,1.0,False,45.141499998862855,26872,10,predicate_aware,0.1,0.1,0.10024762900114059,uncorrelated,
79,1.0,False,32.36979999928735,15294,10,predicate_aware,0.1,0.1,0.10024762900114059,uncorrelated,
80,1.0,False,36.62179999810178,20134,10,predicate_aware,0.1,0.1,0.10024762900114059,uncorrelated,
81,1.0,False,46.32500000298023,30106,10,predicate_aware,0.1,0.1,0.10024762900114059,uncorrelated,
82,1.0,False,48.13579999608919,29255,10,predicate_aware,0.1,0.1,0.10024762900114059,uncorrelated,
83,1.0,False,45.66319999867119,25395,10,predicate_aware,0.1,0.1,0.10024762900114059,uncorrelated,
84,1.0,False,45.81039999902714,28165,10,predicate_aware,0.1,0.1,0.10024762900114059,uncorrelated,
85,1.0,False,53.333899995777756,30102,10,predicate_aware,0.1,0.1,0.10024762900114059,uncorrelated,
86,1.0,False,39.26789999241009,20520,10,predicate_aware,0.1,0.1,0.10024762900114059,uncorrelated,
87,1.0,False,38.05299999658018,20153,10,predicate_aware,0.1,0.1,0.10024762900114059,uncorrelated,
88,1.0,False,36.10399999888614,16582,10,predicate_aware,0.1,0.1,0.10024762900114059,uncorrelated,
89,1.0,False,29.73589999601245,14343,10,predicate_aware,0.1,0.1,0.10024762900114059,uncorrelated,
90,1.0,False,35.877799993613735,19069,10,predicate_aware,0.1,0.1,0.10024762900114059,uncorrelated,
91,1.0,False,41.99349999544211,23465,10,predicate_aware,0.1,0.1,0.10024762900114059,uncorrelated,
92,1.0,False,43.39880000043195,30101,10,predicate_aware,0.1,0.1,0.10024762900114059,uncorrelated,
93,1.0,False,33.44099999230821,18803,10,predicate_aware,0.1,0.1,0.10024762900114059,uncorrelated,
94,1.0,False,33.491599999251775,18005,10,predicate_aware,0.1,0.1,0.10024762900114059,uncorrelated,
95,1.0,False,47.292200004449114,27569,10,predicate_aware,0.1,0.1,0.10024762900114059,uncorrelated,
96,1.0,False,48.472300011781044,30085,10,predicate_aware,0.1,0.1,0.10024762900114059,uncorrelated,
97,1.0,False,38.669699992169626,22335,10,predicate_aware,0.1,0.1,0.10024762900114059,uncorrelated,
98,1.0,False,30.451099999481812,13878,10,predicate_aware,0.1,0.1,0.10024762900114059,uncorrelated,
99,1.0,False,44.80909999983851,26669,10,predicate_aware,0.1,0.1,0.10024762900114059,uncorrelated,
100,1.0,False,42.23130000173114,24722,10,predicate_aware,0.1,0.1,0.10024762900114059,uncorrelated,
101,1.0,False,40.493799999239855,23175,10,predicate_aware,0.1,0.1,0.10024762900114059,uncorrelated,
102,1.0,False,45.782899993355386,27423,10,predicate_aware,0.1,0.1,0.10024762900114059,uncorrelated,
103,1.0,False,45.640999989700504,25753,10,predicate_aware,0.1,0.1,0.10024762900114059,uncorrelated,
104,1.0,False,32.727999991038814,17544,10,predicate_aware,0.1,0.1,0.10024762900114059,uncorrelated,
105,1.0,False,40.21649999776855,22098,10,predicate_aware,0.1,0.1,0.10024762900114059,uncorrelated,
106,1.0,False,30.56780000042636,15660,10,predicate_aware,0.1,0.1,0.10024762900114059,uncorrelated,
107,1.0,False,32.86729998944793,17641,10,predicate_aware,0.1,0.1,0.10024762900114059,uncorrelated,
108,1.0,False,30.49509999982547,13696,10,predicate_aware,0.1,0.1,0.10024762900114059,uncorrelated,
109,1.0,False,47.04649999621324,21999,10,predicate_aware,0.1,0.1,0.10024762900114059,uncorrelated,
110,1.0,False,35.50470000482164,16722,10,predicate_aware,0.1,0.1,0.10024762900114059,uncorrelated,
111,1.0,False,46.20390001218766,29078,10,predicate_aware,0.1,0.1,0.10024762900114059,uncorrelated,
112,1.0,False,37.665299998479895,18355,10,predicate_aware,0.1,0.1,0.10024762900114059,uncorrelated,
113,1.0,False,47.3653000080958,25051,10,predicate_aware,0.1,0.1,0.10024762900114059,uncorrelated,
114,1.0,False,42.50049999973271,22557,10,predicate_aware,0.1,0.1,0.10024762900114059,uncorrelated,
115,1.0,False,59.24299999605864,26653,10,predicate_aware,0.1,0.1,0.10024762900114059,uncorrelated,
116,1.0,False,33.089600008679554,15453,10,predicate_aware,0.1,0.1,0.10024762900114059,uncorrelated,
117,1.0,False,38.70170000300277,30082,10,predicate_aware,0.1,0.1,0.10024762900114059,uncorrelated,
118,1.0,False,43.71199999877717,26720,10,predicate_aware,0.1,0.1,0.10024762900114059,uncorrelated,
119,1.0,False,33.94700000353623,17168,10,predicate_aware,0.1,0.1,0.10024762900114059,uncorrelated,
120,1.0,False,39.91619999578688,22773,10,predicate_aware,0.1,0.1,0.10024762900114059,uncorrelated,
121,1.0,False,40.01630000129808,22138,10,predicate_aware,0.1,0.1,0.10024762900114059,uncorrelated,
122,1.0,False,42.088100002729334,30073,10,predicate_aware,0.1,0.1,0.10024762900114059,uncorrelated,
123,1.0,False,37.68049999780487,21410,10,predicate_aware,0.1,0.1,0.10024762900114059,uncorrelated,
124,1.0,False,45.308799992199056,26723,10,predicate_aware,0.1,0.1,0.10024762900114059,uncorrelated,
125,1.0,False,44.56910000590142,25832,10,predicate_aware,0.1,0.1,0.10024762900114059,uncorrelated,
126,1.0,False,44.120599995949306,27730,10,predicate_aware,0.1,0.1,0.10024762900114059,uncorrelated,
127,1.0,False,46.929899996030144,26065,10,predicate_aware,0.1,0.1,0.10024762900114059,uncorrelated,
128,1.0,False,41.71210000640713,24698,10,predicate_aware,0.1,0.1,0.10024762900114059,uncorrelated,
129,1.0,False,43.422199989436194,25257,10,predicate_aware,0.1,0.1,0.10024762900114059,uncorrelated,
130,1.0,False,41.081999996094964,30069,10,predicate_aware,0.1,0.1,0.10024762900114059,uncorrelated,
131,1.0,False,36.69660000014119,20902,10,predicate_aware,0.1,0.1,0.10024762900114059,uncorrelated,
132,1.0,False,50.0878000020748,29012,10,predicate_aware,0.1,0.1,0.10024762900114059,uncorrelated,
133,1.0,False,49.910599991562776,30082,10,predicate_aware,0.1,0.1,0.10024762900114059,uncorrelated,
134,1.0,False,36.00140000344254,18432,10,predicate_aware,0.1,0.1,0.10024762900114059,uncorrelated,
135,1.0,False,53.2381999946665,28859,10,predicate_aware,0.1,0.1,0.10024762900114059,uncorrelated,
136,1.0,False,47.78280000027735,28985,10,predicate_aware,0.1,0.1,0.10024762900114059,uncorrelated,
137,1.0,False,45.76360000646673,30068,10,predicate_aware,0.1,0.1,0.10024762900114059,uncorrelated,
138,1.0,False,42.00180000043474,23825,10,predicate_aware,0.1,0.1,0.10024762900114059,uncorrelated,
139,1.0,False,45.64850000315346,26891,10,predicate_aware,0.1,0.1,0.10024762900114059,uncorrelated,
140,1.0,False,48.669399999198504,28004,10,predicate_aware,0.1,0.1,0.10024762900114059,uncorrelated,
141,1.0,False,42.390799993881956,23525,10,predicate_aware,0.1,0.1,0.10024762900114059,uncorrelated,
142,1.0,False,47.44280000159051,28159,10,predicate_aware,0.1,0.1,0.10024762900114059,uncorrelated,
143,1.0,False,38.23770000599325,19718,10,predicate_aware,0.1,0.1,0.10024762900114059,uncorrelated,
144,1.0,False,44.41170000063721,25651,10,predicate_aware,0.1,0.1,0.10024762900114059,uncorrelated,
145,1.0,False,37.80029999325052,20541,10,predicate_aware,0.1,0.1,0.10024762900114059,uncorrelated,
146,1.0,False,44.00389999500476,26285,10,predicate_aware,0.1,0.1,0.10024762900114059,uncorrelated,
147,1.0,False,44.13290000229608,25913,10,predicate_aware,0.1,0.1,0.10024762900114059,uncorrelated,
148,1.0,False,44.07849999552127,25155,10,predicate_aware,0.1,0.1,0.10024762900114059,uncorrelated,
149,1.0,False,38.89049999997951,30041,10,predicate_aware,0.1,0.1,0.10024762900114059,uncorrelated,
150,1.0,False,48.243400000501424,29564,10,predicate_aware,0.1,0.1,0.10024762900114059,uncorrelated,
151,1.0,False,26.034200011054054,12527,10,predicate_aware,0.1,0.1,0.10024762900114059,uncorrelated,
152,1.0,False,49.96709999977611,29462,10,predicate_aware,0.1,0.1,0.10024762900114059,uncorrelated,
153,1.0,False,41.28459999628831,22693,10,predicate_aware,0.1,0.1,0.10024762900114059,uncorrelated,
154,1.0,False,47.22919999039732,30073,10,predicate_aware,0.1,0.1,0.10024762900114059,uncorrelated,
155,1.0,False,42.75670000060927,25993,10,predicate_aware,0.1,0.1,0.10024762900114059,uncorrelated,
156,1.0,False,51.50699999649078,28126,10,predicate_aware,0.1,0.1,0.10024762900114059,uncorrelated,
157,1.0,False,48.15410000446718,30108,10,predicate_aware,0.1,0.1,0.10024762900114059,uncorrelated,
158,1.0,False,44.34209999453742,26611,10,predicate_aware,0.1,0.1,0.10024762900114059,uncorrelated,
159,1.0,False,43.41759999806527,25877,10,predicate_aware,0.1,0.1,0.10024762900114059,uncorrelated,
160,1.0,False,49.646200001006946,26812,10,predicate_aware,0.1,0.1,0.10024762900114059,uncorrelated,
161,1.0,False,46.856600005412474,26651,10,predicate_aware,0.1,0.1,0.10024762900114059,uncorrelated,
162,1.0,False,46.24720000720117,30057,10,predicate_aware,0.1,0.1,0.10024762900114059,uncorrelated,
163,1.0,False,44.75889999594074,27315,10,predicate_aware,0.1,0.1,0.10024762900114059,uncorrelated,
164,1.0,False,47.42919999989681,24389,10,predicate_aware,0.1,0.1,0.10024762900114059,uncorrelated,
165,1.0,False,44.504400008008815,24091,10,predicate_aware,0.1,0.1,0.10024762900114059,uncorrelated,
166,1.0,False,47.85010000341572,25705,10,predicate_aware,0.1,0.1,0.10024762900114059,uncorrelated,
167,1.0,False,51.649400003952906,30072,10,predicate_aware,0.1,0.1,0.10024762900114059,uncorrelated,
168,1.0,False,46.36949999257922,25134,10,predicate_aware,0.1,0.1,0.10024762900114059,uncorrelated,
169,1.0,False,44.55140000209212,26045,10,predicate_aware,0.1,0.1,0.10024762900114059,uncorrelated,
170,1.0,False,43.6137999931816,25354,10,predicate_aware,0.1,0.1,0.10024762900114059,uncorrelated,
171,1.0,False,47.457299995585345,26920,10,predicate_aware,0.1,0.1,0.10024762900114059,uncorrelated,
172,1.0,False,50.90840000775643,30081,10,predicate_aware,0.1,0.1,0.10024762900114059,uncorrelated,
173,1.0,False,44.48509999201633,27703,10,predicate_aware,0.1,0.1,0.10024762900114059,uncorrelated,
174,1.0,False,48.47239999799058,26415,10,predicate_aware,0.1,0.1,0.10024762900114059,uncorrelated,
175,1.0,False,49.39569999987725,27163,10,predicate_aware,0.1,0.1,0.10024762900114059,uncorrelated,
176,1.0,False,49.939599994104356,29079,10,predicate_aware,0.1,0.1,0.10024762900114059,uncorrelated,
177,1.0,False,44.931699987500906,26296,10,predicate_aware,0.1,0.1,0.10024762900114059,uncorrelated,
178,1.0,False,43.14700000395533,25424,10,predicate_aware,0.1,0.1,0.10024762900114059,uncorrelated,
179,1.0,False,42.92939999140799,26176,10,predicate_aware,0.1,0.1,0.10024762900114059,uncorrelated,
180,1.0,False,39.565599989145994,21820,10,predicate_aware,0.1,0.1,0.10024762900114059,uncorrelated,
181,1.0,False,46.66309998719953,28462,10,predicate_aware,0.1,0.1,0.10024762900114059,uncorrelated,
182,1.0,False,43.245099994237535,23189,10,predicate_aware,0.1,0.1,0.10024762900114059,uncorrelated,
183,1.0,False,39.765000008628704,24056,10,predicate_aware,0.1,0.1,0.10024762900114059,uncorrelated,
184,1.0,False,45.184600006905384,25089,10,predicate_aware,0.1,0.1,0.10024762900114059,uncorrelated,
185,1.0,False,29.195199997047894,13549,10,predicate_aware,0.1,0.1,0.10024762900114059,uncorrelated,
186,1.0,False,42.113199990126304,25424,10,predicate_aware,0.1,0.1,0.10024762900114059,uncorrelated,
187,1.0,False,48.23169999872334,28352,10,predicate_aware,0.1,0.1,0.10024762900114059,uncorrelated,
188,1.0,False,46.56049999175593,28153,10,predicate_aware,0.1,0.1,0.10024762900114059,uncorrelated,
189,1.0,False,43.508899994776584,30046,10,predicate_aware,0.1,0.1,0.10024762900114059,uncorrelated,
190,1.0,False,45.19879999861587,27392,10,predicate_aware,0.1,0.1,0.10024762900114059,uncorrelated,
191,1.0,False,47.605599989765324,28224,10,predicate_aware,0.1,0.1,0.10024762900114059,uncorrelated,
192,1.0,False,47.25319999852218,29159,10,predicate_aware,0.1,0.1,0.10024762900114059,uncorrelated,
193,1.0,False,36.21020000719,19953,10,predicate_aware,0.1,0.1,0.10024762900114059,uncorrelated,
194,1.0,False,45.69519999495242,30074,10,predicate_aware,0.1,0.1,0.10024762900114059,uncorrelated,
195,1.0,False,47.28630000317935,30054,10,predicate_aware,0.1,0.1,0.10024762900114059,uncorrelated,
196,1.0,False,44.37570000300184,30085,10,predicate_aware,0.1,0.1,0.10024762900114059,uncorrelated,
197,1.0,False,44.30500000307802,25684,10,predicate_aware,0.1,0.1,0.10024762900114059,uncorrelated,
198,1.0,False,36.282299988670275,18304,10,predicate_aware,0.1,0.1,0.10024762900114059,uncorrelated,
199,1.0,False,50.79459999979008,30074,10,predicate_aware,0.1,0.1,0.10024762900114059,uncorrelated,
20,1.0,False,31.560099989292212,15547,10,planner,0.1,0.1,0.10024762900114059,uncorrelated,"predicate_aware: ŝ=0.1002 -> cost=106 < pre_filter=10025, post_filter=657"
21,1.0,False,44.25720000290312,24279,10,planner,0.1,0.1,0.10024762900114059,uncorrelated,"predicate_aware: ŝ=0.1002 -> cost=106 < pre_filter=10025, post_filter=657"
22,1.0,False,40.55069999594707,22983,10,planner,0.1,0.1,0.10024762900114059,uncorrelated,"predicate_aware: ŝ=0.1002 -> cost=106 < pre_filter=10025, post_filter=657"
23,1.0,False,40.86960000859108,23139,10,planner,0.1,0.1,0.10024762900114059,uncorrelated,"predicate_aware: ŝ=0.1002 -> cost=106 < pre_filter=10025, post_filter=657"
24,1.0,False,46.092100004898384,27167,10,planner,0.1,0.1,0.10024762900114059,uncorrelated,"predicate_aware: ŝ=0.1002 -> cost=106 < pre_filter=10025, post_filter=657"
25,1.0,False,44.70189999847207,27225,10,planner,0.1,0.1,0.10024762900114059,uncorrelated,"predicate_aware: ŝ=0.1002 -> cost=106 < pre_filter=10025, post_filter=657"
26,1.0,False,44.68500000075437,26851,10,planner,0.1,0.1,0.10024762900114059,uncorrelated,"predicate_aware: ŝ=0.1002 -> cost=106 < pre_filter=10025, post_filter=657"
27,1.0,False,43.00629999488592,25576,10,planner,0.1,0.1,0.10024762900114059,uncorrelated,"predicate_aware: ŝ=0.1002 -> cost=106 < pre_filter=10025, post_filter=657"
28,1.0,False,44.45910001231823,26917,10,planner,0.1,0.1,0.10024762900114059,uncorrelated,"predicate_aware: ŝ=0.1002 -> cost=106 < pre_filter=10025, post_filter=657"
29,1.0,False,31.903000010061078,16407,10,planner,0.1,0.1,0.10024762900114059,uncorrelated,"predicate_aware: ŝ=0.1002 -> cost=106 < pre_filter=10025, post_filter=657"
30,1.0,False,41.3474000088172,24801,10,planner,0.1,0.1,0.10024762900114059,uncorrelated,"predicate_aware: ŝ=0.1002 -> cost=106 < pre_filter=10025, post_filter=657"
31,1.0,False,45.378700000583194,30094,10,planner,0.1,0.1,0.10024762900114059,uncorrelated,"predicate_aware: ŝ=0.1002 -> cost=106 < pre_filter=10025, post_filter=657"
32,1.0,False,47.604699997464195,29316,10,planner,0.1,0.1,0.10024762900114059,uncorrelated,"predicate_aware: ŝ=0.1002 -> cost=106 < pre_filter=10025, post_filter=657"
33,1.0,False,44.35850000299979,26539,10,planner,0.1,0.1,0.10024762900114059,uncorrelated,"predicate_aware: ŝ=0.1002 -> cost=106 < pre_filter=10025, post_filter=657"
34,1.0,False,49.27020000468474,29887,10,planner,0.1,0.1,0.10024762900114059,uncorrelated,"predicate_aware: ŝ=0.1002 -> cost=106 < pre_filter=10025, post_filter=657"
35,1.0,False,48.800499993376434,29355,10,planner,0.1,0.1,0.10024762900114059,uncorrelated,"predicate_aware: ŝ=0.1002 -> cost=106 < pre_filter=10025, post_filter=657"
36,1.0,False,48.623999988194555,29139,10,planner,0.1,0.1,0.10024762900114059,uncorrelated,"predicate_aware: ŝ=0.1002 -> cost=106 < pre_filter=10025, post_filter=657"
37,1.0,False,53.90600000100676,25679,10,planner,0.1,0.1,0.10024762900114059,uncorrelated,"predicate_aware: ŝ=0.1002 -> cost=106 < pre_filter=10025, post_filter=657"
38,1.0,False,56.2701000017114,30057,10,planner,0.1,0.1,0.10024762900114059,uncorrelated,"predicate_aware: ŝ=0.1002 -> cost=106 < pre_filter=10025, post_filter=657"
39,1.0,False,31.94620000431314,15239,10,planner,0.1,0.1,0.10024762900114059,uncorrelated,"predicate_aware: ŝ=0.1002 -> cost=106 < pre_filter=10025, post_filter=657"
40,1.0,False,43.1683999922825,30068,10,planner,0.1,0.1,0.10024762900114059,uncorrelated,"predicate_aware: ŝ=0.1002 -> cost=106 < pre_filter=10025, post_filter=657"
41,1.0,False,29.76479999779258,15839,10,planner,0.1,0.1,0.10024762900114059,uncorrelated,"predicate_aware: ŝ=0.1002 -> cost=106 < pre_filter=10025, post_filter=657"
42,1.0,False,48.14889999397565,27927,10,planner,0.1,0.1,0.10024762900114059,uncorrelated,"predicate_aware: ŝ=0.1002 -> cost=106 < pre_filter=10025, post_filter=657"
43,1.0,False,44.702800005325116,30071,10,planner,0.1,0.1,0.10024762900114059,uncorrelated,"predicate_aware: ŝ=0.1002 -> cost=106 < pre_filter=10025, post_filter=657"
44,1.0,False,39.70949999347795,21505,10,planner,0.1,0.1,0.10024762900114059,uncorrelated,"predicate_aware: ŝ=0.1002 -> cost=106 < pre_filter=10025, post_filter=657"
45,1.0,False,42.39410000445787,24878,10,planner,0.1,0.1,0.10024762900114059,uncorrelated,"predicate_aware: ŝ=0.1002 -> cost=106 < pre_filter=10025, post_filter=657"
46,1.0,False,37.70580000127666,19320,10,planner,0.1,0.1,0.10024762900114059,uncorrelated,"predicate_aware: ŝ=0.1002 -> cost=106 < pre_filter=10025, post_filter=657"
47,1.0,False,45.8199999993667,30097,10,planner,0.1,0.1,0.10024762900114059,uncorrelated,"predicate_aware: ŝ=0.1002 -> cost=106 < pre_filter=10025, post_filter=657"
48,1.0,False,49.36999999335967,29545,10,planner,0.1,0.1,0.10024762900114059,uncorrelated,"predicate_aware: ŝ=0.1002 -> cost=106 < pre_filter=10025, post_filter=657"
49,1.0,False,43.728899996494874,24949,10,planner,0.1,0.1,0.10024762900114059,uncorrelated,"predicate_aware: ŝ=0.1002 -> cost=106 < pre_filter=10025, post_filter=657"
50,1.0,False,49.15419999451842,30075,10,planner,0.1,0.1,0.10024762900114059,uncorrelated,"predicate_aware: ŝ=0.1002 -> cost=106 < pre_filter=10025, post_filter=657"
51,1.0,False,33.01109999301843,17608,10,planner,0.1,0.1,0.10024762900114059,uncorrelated,"predicate_aware: ŝ=0.1002 -> cost=106 < pre_filter=10025, post_filter=657"
52,1.0,False,46.00859999482054,25679,10,planner,0.1,0.1,0.10024762900114059,uncorrelated,"predicate_aware: ŝ=0.1002 -> cost=106 < pre_filter=10025, post_filter=657"
53,1.0,False,47.813800003496,28184,10,planner,0.1,0.1,0.10024762900114059,uncorrelated,"predicate_aware: ŝ=0.1002 -> cost=106 < pre_filter=10025, post_filter=657"
54,1.0,False,27.001900001778267,12757,10,planner,0.1,0.1,0.10024762900114059,uncorrelated,"predicate_aware: ŝ=0.1002 -> cost=106 < pre_filter=10025, post_filter=657"
55,1.0,False,29.12369999103248,16173,10,planner,0.1,0.1,0.10024762900114059,uncorrelated,"predicate_aware: ŝ=0.1002 -> cost=106 < pre_filter=10025, post_filter=657"
56,1.0,False,38.9776000083657,22823,10,planner,0.1,0.1,0.10024762900114059,uncorrelated,"predicate_aware: ŝ=0.1002 -> cost=106 < pre_filter=10025, post_filter=657"
57,1.0,False,45.50050001125783,26905,10,planner,0.1,0.1,0.10024762900114059,uncorrelated,"predicate_aware: ŝ=0.1002 -> cost=106 < pre_filter=10025, post_filter=657"
58,1.0,False,44.51830001198687,30100,10,planner,0.1,0.1,0.10024762900114059,uncorrelated,"predicate_aware: ŝ=0.1002 -> cost=106 < pre_filter=10025, post_filter=657"
59,1.0,False,35.697199986316264,15950,10,planner,0.1,0.1,0.10024762900114059,uncorrelated,"predicate_aware: ŝ=0.1002 -> cost=106 < pre_filter=10025, post_filter=657"
60,1.0,False,48.21330000413582,30067,10,planner,0.1,0.1,0.10024762900114059,uncorrelated,"predicate_aware: ŝ=0.1002 -> cost=106 < pre_filter=10025, post_filter=657"
61,1.0,False,42.86169999977574,23824,10,planner,0.1,0.1,0.10024762900114059,uncorrelated,"predicate_aware: ŝ=0.1002 -> cost=106 < pre_filter=10025, post_filter=657"
62,1.0,False,33.94470000057481,15804,10,planner,0.1,0.1,0.10024762900114059,uncorrelated,"predicate_aware: ŝ=0.1002 -> cost=106 < pre_filter=10025, post_filter=657"
63,1.0,False,31.800400000065565,16495,10,planner,0.1,0.1,0.10024762900114059,uncorrelated,"predicate_aware: ŝ=0.1002 -> cost=106 < pre_filter=10025, post_filter=657"
64,1.0,False,39.472699994803406,20954,10,planner,0.1,0.1,0.10024762900114059,uncorrelated,"predicate_aware: ŝ=0.1002 -> cost=106 < pre_filter=10025, post_filter=657"
65,1.0,False,30.25300000444986,15540,10,planner,0.1,0.1,0.10024762900114059,uncorrelated,"predicate_aware: ŝ=0.1002 -> cost=106 < pre_filter=10025, post_filter=657"
66,1.0,False,35.90740000072401,20805,10,planner,0.1,0.1,0.10024762900114059,uncorrelated,"predicate_aware: ŝ=0.1002 -> cost=106 < pre_filter=10025, post_filter=657"
67,1.0,False,37.609699997119606,18705,10,planner,0.1,0.1,0.10024762900114059,uncorrelated,"predicate_aware: ŝ=0.1002 -> cost=106 < pre_filter=10025, post_filter=657"
68,1.0,False,32.59560000151396,17037,10,planner,0.1,0.1,0.10024762900114059,uncorrelated,"predicate_aware: ŝ=0.1002 -> cost=106 < pre_filter=10025, post_filter=657"
69,1.0,False,47.12440000730567,29598,10,planner,0.1,0.1,0.10024762900114059,uncorrelated,"predicate_aware: ŝ=0.1002 -> cost=106 < pre_filter=10025, post_filter=657"
70,1.0,False,28.687699988950044,13663,10,planner,0.1,0.1,0.10024762900114059,uncorrelated,"predicate_aware: ŝ=0.1002 -> cost=106 < pre_filter=10025, post_filter=657"
71,1.0,False,35.95159998803865,20078,10,planner,0.1,0.1,0.10024762900114059,uncorrelated,"predicate_aware: ŝ=0.1002 -> cost=106 < pre_filter=10025, post_filter=657"
72,1.0,False,39.68310001073405,30065,10,planner,0.1,0.1,0.10024762900114059,uncorrelated,"predicate_aware: ŝ=0.1002 -> cost=106 < pre_filter=10025, post_filter=657"
73,1.0,False,42.96550000435673,25859,10,planner,0.1,0.1,0.10024762900114059,uncorrelated,"predicate_aware: ŝ=0.1002 -> cost=106 < pre_filter=10025, post_filter=657"
74,1.0,False,42.49560000607744,26027,10,planner,0.1,0.1,0.10024762900114059,uncorrelated,"predicate_aware: ŝ=0.1002 -> cost=106 < pre_filter=10025, post_filter=657"
75,1.0,False,50.29119999380782,30103,10,planner,0.1,0.1,0.10024762900114059,uncorrelated,"predicate_aware: ŝ=0.1002 -> cost=106 < pre_filter=10025, post_filter=657"
76,1.0,False,42.699900004663505,19869,10,planner,0.1,0.1,0.10024762900114059,uncorrelated,"predicate_aware: ŝ=0.1002 -> cost=106 < pre_filter=10025, post_filter=657"
77,1.0,False,55.878600003779866,28759,10,planner,0.1,0.1,0.10024762900114059,uncorrelated,"predicate_aware: ŝ=0.1002 -> cost=106 < pre_filter=10025, post_filter=657"
78,1.0,False,45.141499998862855,26872,10,planner,0.1,0.1,0.10024762900114059,uncorrelated,"predicate_aware: ŝ=0.1002 -> cost=106 < pre_filter=10025, post_filter=657"
79,1.0,False,32.36979999928735,15294,10,planner,0.1,0.1,0.10024762900114059,uncorrelated,"predicate_aware: ŝ=0.1002 -> cost=106 < pre_filter=10025, post_filter=657"
80,1.0,False,36.62179999810178,20134,10,planner,0.1,0.1,0.10024762900114059,uncorrelated,"predicate_aware: ŝ=0.1002 -> cost=106 < pre_filter=10025, post_filter=657"
81,1.0,False,46.32500000298023,30106,10,planner,0.1,0.1,0.10024762900114059,uncorrelated,"predicate_aware: ŝ=0.1002 -> cost=106 < pre_filter=10025, post_filter=657"
82,1.0,False,48.13579999608919,29255,10,planner,0.1,0.1,0.10024762900114059,uncorrelated,"predicate_aware: ŝ=0.1002 -> cost=106 < pre_filter=10025, post_filter=657"
83,1.0,False,45.66319999867119,25395,10,planner,0.1,0.1,0.10024762900114059,uncorrelated,"predicate_aware: ŝ=0.1002 -> cost=106 < pre_filter=10025, post_filter=657"
84,1.0,False,45.81039999902714,28165,10,planner,0.1,0.1,0.10024762900114059,uncorrelated,"predicate_aware: ŝ=0.1002 -> cost=106 < pre_filter=10025, post_filter=657"
85,1.0,False,53.333899995777756,30102,10,planner,0.1,0.1,0.10024762900114059,uncorrelated,"predicate_aware: ŝ=0.1002 -> cost=106 < pre_filter=10025, post_filter=657"
86,1.0,False,39.26789999241009,20520,10,planner,0.1,0.1,0.10024762900114059,uncorrelated,"predicate_aware: ŝ=0.1002 -> cost=106 < pre_filter=10025, post_filter=657"
87,1.0,False,38.05299999658018,20153,10,planner,0.1,0.1,0.10024762900114059,uncorrelated,"predicate_aware: ŝ=0.1002 -> cost=106 < pre_filter=10025, post_filter=657"
88,1.0,False,36.10399999888614,16582,10,planner,0.1,0.1,0.10024762900114059,uncorrelated,"predicate_aware: ŝ=0.1002 -> cost=106 < pre_filter=10025, post_filter=657"
89,1.0,False,29.73589999601245,14343,10,planner,0.1,0.1,0.10024762900114059,uncorrelated,"predicate_aware: ŝ=0.1002 -> cost=106 < pre_filter=10025, post_filter=657"
90,1.0,False,35.877799993613735,19069,10,planner,0.1,0.1,0.10024762900114059,uncorrelated,"predicate_aware: ŝ=0.1002 -> cost=106 < pre_filter=10025, post_filter=657"
91,1.0,False,41.99349999544211,23465,10,planner,0.1,0.1,0.10024762900114059,uncorrelated,"predicate_aware: ŝ=0.1002 -> cost=106 < pre_filter=10025, post_filter=657"
92,1.0,False,43.39880000043195,30101,10,planner,0.1,0.1,0.10024762900114059,uncorrelated,"predicate_aware: ŝ=0.1002 -> cost=106 < pre_filter=10025, post_filter=657"
93,1.0,False,33.44099999230821,18803,10,planner,0.1,0.1,0.10024762900114059,uncorrelated,"predicate_aware: ŝ=0.1002 -> cost=106 < pre_filter=10025, post_filter=657"
94,1.0,False,33.491599999251775,18005,10,planner,0.1,0.1,0.10024762900114059,uncorrelated,"predicate_aware: ŝ=0.1002 -> cost=106 < pre_filter=10025, post_filter=657"
95,1.0,False,47.292200004449114,27569,10,planner,0.1,0.1,0.10024762900114059,uncorrelated,"predicate_aware: ŝ=0.1002 -> cost=106 < pre_filter=10025, post_filter=657"
96,1.0,False,48.472300011781044,30085,10,planner,0.1,0.1,0.10024762900114059,uncorrelated,"predicate_aware: ŝ=0.1002 -> cost=106 < pre_filter=10025, post_filter=657"
97,1.0,False,38.669699992169626,22335,10,planner,0.1,0.1,0.10024762900114059,uncorrelated,"predicate_aware: ŝ=0.1002 -> cost=106 < pre_filter=10025, post_filter=657"
98,1.0,False,30.451099999481812,13878,10,planner,0.1,0.1,0.10024762900114059,uncorrelated,"predicate_aware: ŝ=0.1002 -> cost=106 < pre_filter=10025, post_filter=657"
99,1.0,False,44.80909999983851,26669,10,planner,0.1,0.1,0.10024762900114059,uncorrelated,"predicate_aware: ŝ=0.1002 -> cost=106 < pre_filter=10025, post_filter=657"
100,1.0,False,42.23130000173114,24722,10,planner,0.1,0.1,0.10024762900114059,uncorrelated,"predicate_aware: ŝ=0.1002 -> cost=106 < pre_filter=10025, post_filter=657"
101,1.0,False,40.493799999239855,23175,10,planner,0.1,0.1,0.10024762900114059,uncorrelated,"predicate_aware: ŝ=0.1002 -> cost=106 < pre_filter=10025, post_filter=657"
102,1.0,False,45.782899993355386,27423,10,planner,0.1,0.1,0.10024762900114059,uncorrelated,"predicate_aware: ŝ=0.1002 -> cost=106 < pre_filter=10025, post_filter=657"
103,1.0,False,45.640999989700504,25753,10,planner,0.1,0.1,0.10024762900114059,uncorrelated,"predicate_aware: ŝ=0.1002 -> cost=106 < pre_filter=10025, post_filter=657"
104,1.0,False,32.727999991038814,17544,10,planner,0.1,0.1,0.10024762900114059,uncorrelated,"predicate_aware: ŝ=0.1002 -> cost=106 < pre_filter=10025, post_filter=657"
105,1.0,False,40.21649999776855,22098,10,planner,0.1,0.1,0.10024762900114059,uncorrelated,"predicate_aware: ŝ=0.1002 -> cost=106 < pre_filter=10025, post_filter=657"
106,1.0,False,30.56780000042636,15660,10,planner,0.1,0.1,0.10024762900114059,uncorrelated,"predicate_aware: ŝ=0.1002 -> cost=106 < pre_filter=10025, post_filter=657"
107,1.0,False,32.86729998944793,17641,10,planner,0.1,0.1,0.10024762900114059,uncorrelated,"predicate_aware: ŝ=0.1002 -> cost=106 < pre_filter=10025, post_filter=657"
108,1.0,False,30.49509999982547,13696,10,planner,0.1,0.1,0.10024762900114059,uncorrelated,"predicate_aware: ŝ=0.1002 -> cost=106 < pre_filter=10025, post_filter=657"
109,1.0,False,47.04649999621324,21999,10,planner,0.1,0.1,0.10024762900114059,uncorrelated,"predicate_aware: ŝ=0.1002 -> cost=106 < pre_filter=10025, post_filter=657"
110,1.0,False,35.50470000482164,16722,10,planner,0.1,0.1,0.10024762900114059,uncorrelated,"predicate_aware: ŝ=0.1002 -> cost=106 < pre_filter=10025, post_filter=657"
111,1.0,False,46.20390001218766,29078,10,planner,0.1,0.1,0.10024762900114059,uncorrelated,"predicate_aware: ŝ=0.1002 -> cost=106 < pre_filter=10025, post_filter=657"
112,1.0,False,37.665299998479895,18355,10,planner,0.1,0.1,0.10024762900114059,uncorrelated,"predicate_aware: ŝ=0.1002 -> cost=106 < pre_filter=10025, post_filter=657"
113,1.0,False,47.3653000080958,25051,10,planner,0.1,0.1,0.10024762900114059,uncorrelated,"predicate_aware: ŝ=0.1002 -> cost=106 < pre_filter=10025, post_filter=657"
114,1.0,False,42.50049999973271,22557,10,planner,0.1,0.1,0.10024762900114059,uncorrelated,"predicate_aware: ŝ=0.1002 -> cost=106 < pre_filter=10025, post_filter=657"
115,1.0,False,59.24299999605864,26653,10,planner,0.1,0.1,0.10024762900114059,uncorrelated,"predicate_aware: ŝ=0.1002 -> cost=106 < pre_filter=10025, post_filter=657"
116,1.0,False,33.089600008679554,15453,10,planner,0.1,0.1,0.10024762900114059,uncorrelated,"predicate_aware: ŝ=0.1002 -> cost=106 < pre_filter=10025, post_filter=657"
117,1.0,False,38.70170000300277,30082,10,planner,0.1,0.1,0.10024762900114059,uncorrelated,"predicate_aware: ŝ=0.1002 -> cost=106 < pre_filter=10025, post_filter=657"
118,1.0,False,43.71199999877717,26720,10,planner,0.1,0.1,0.10024762900114059,uncorrelated,"predicate_aware: ŝ=0.1002 -> cost=106 < pre_filter=10025, post_filter=657"
119,1.0,False,33.94700000353623,17168,10,planner,0.1,0.1,0.10024762900114059,uncorrelated,"predicate_aware: ŝ=0.1002 -> cost=106 < pre_filter=10025, post_filter=657"
120,1.0,False,39.91619999578688,22773,10,planner,0.1,0.1,0.10024762900114059,uncorrelated,"predicate_aware: ŝ=0.1002 -> cost=106 < pre_filter=10025, post_filter=657"
121,1.0,False,40.01630000129808,22138,10,planner,0.1,0.1,0.10024762900114059,uncorrelated,"predicate_aware: ŝ=0.1002 -> cost=106 < pre_filter=10025, post_filter=657"
122,1.0,False,42.088100002729334,30073,10,planner,0.1,0.1,0.10024762900114059,uncorrelated,"predicate_aware: ŝ=0.1002 -> cost=106 < pre_filter=10025, post_filter=657"
123,1.0,False,37.68049999780487,21410,10,planner,0.1,0.1,0.10024762900114059,uncorrelated,"predicate_aware: ŝ=0.1002 -> cost=106 < pre_filter=10025, post_filter=657"
124,1.0,False,45.308799992199056,26723,10,planner,0.1,0.1,0.10024762900114059,uncorrelated,"predicate_aware: ŝ=0.1002 -> cost=106 < pre_filter=10025, post_filter=657"
125,1.0,False,44.56910000590142,25832,10,planner,0.1,0.1,0.10024762900114059,uncorrelated,"predicate_aware: ŝ=0.1002 -> cost=106 < pre_filter=10025, post_filter=657"
126,1.0,False,44.120599995949306,27730,10,planner,0.1,0.1,0.10024762900114059,uncorrelated,"predicate_aware: ŝ=0.1002 -> cost=106 < pre_filter=10025, post_filter=657"
127,1.0,False,46.929899996030144,26065,10,planner,0.1,0.1,0.10024762900114059,uncorrelated,"predicate_aware: ŝ=0.1002 -> cost=106 < pre_filter=10025, post_filter=657"
128,1.0,False,41.71210000640713,24698,10,planner,0.1,0.1,0.10024762900114059,uncorrelated,"predicate_aware: ŝ=0.1002 -> cost=106 < pre_filter=10025, post_filter=657"
129,1.0,False,43.422199989436194,25257,10,planner,0.1,0.1,0.10024762900114059,uncorrelated,"predicate_aware: ŝ=0.1002 -> cost=106 < pre_filter=10025, post_filter=657"
130,1.0,False,41.081999996094964,30069,10,planner,0.1,0.1,0.10024762900114059,uncorrelated,"predicate_aware: ŝ=0.1002 -> cost=106 < pre_filter=10025, post_filter=657"
131,1.0,False,36.69660000014119,20902,10,planner,0.1,0.1,0.10024762900114059,uncorrelated,"predicate_aware: ŝ=0.1002 -> cost=106 < pre_filter=10025, post_filter=657"
132,1.0,False,50.0878000020748,29012,10,planner,0.1,0.1,0.10024762900114059,uncorrelated,"predicate_aware: ŝ=0.1002 -> cost=106 < pre_filter=10025, post_filter=657"
133,1.0,False,49.910599991562776,30082,10,planner,0.1,0.1,0.10024762900114059,uncorrelated,"predicate_aware: ŝ=0.1002 -> cost=106 < pre_filter=10025, post_filter=657"
134,1.0,False,36.00140000344254,18432,10,planner,0.1,0.1,0.10024762900114059,uncorrelated,"predicate_aware: ŝ=0.1002 -> cost=106 < pre_filter=10025, post_filter=657"
135,1.0,False,53.2381999946665,28859,10,planner,0.1,0.1,0.10024762900114059,uncorrelated,"predicate_aware: ŝ=0.1002 -> cost=106 < pre_filter=10025, post_filter=657"
136,1.0,False,47.78280000027735,28985,10,planner,0.1,0.1,0.10024762900114059,uncorrelated,"predicate_aware: ŝ=0.1002 -> cost=106 < pre_filter=10025, post_filter=657"
137,1.0,False,45.76360000646673,30068,10,planner,0.1,0.1,0.10024762900114059,uncorrelated,"predicate_aware: ŝ=0.1002 -> cost=106 < pre_filter=10025, post_filter=657"
138,1.0,False,42.00180000043474,23825,10,planner,0.1,0.1,0.10024762900114059,uncorrelated,"predicate_aware: ŝ=0.1002 -> cost=106 < pre_filter=10025, post_filter=657"
139,1.0,False,45.64850000315346,26891,10,planner,0.1,0.1,0.10024762900114059,uncorrelated,"predicate_aware: ŝ=0.1002 -> cost=106 < pre_filter=10025, post_filter=657"
140,1.0,False,48.669399999198504,28004,10,planner,0.1,0.1,0.10024762900114059,uncorrelated,"predicate_aware: ŝ=0.1002 -> cost=106 < pre_filter=10025, post_filter=657"
141,1.0,False,42.390799993881956,23525,10,planner,0.1,0.1,0.10024762900114059,uncorrelated,"predicate_aware: ŝ=0.1002 -> cost=106 < pre_filter=10025, post_filter=657"
142,1.0,False,47.44280000159051,28159,10,planner,0.1,0.1,0.10024762900114059,uncorrelated,"predicate_aware: ŝ=0.1002 -> cost=106 < pre_filter=10025, post_filter=657"
143,1.0,False,38.23770000599325,19718,10,planner,0.1,0.1,0.10024762900114059,uncorrelated,"predicate_aware: ŝ=0.1002 -> cost=106 < pre_filter=10025, post_filter=657"
144,1.0,False,44.41170000063721,25651,10,planner,0.1,0.1,0.10024762900114059,uncorrelated,"predicate_aware: ŝ=0.1002 -> cost=106 < pre_filter=10025, post_filter=657"
145,1.0,False,37.80029999325052,20541,10,planner,0.1,0.1,0.10024762900114059,uncorrelated,"predicate_aware: ŝ=0.1002 -> cost=106 < pre_filter=10025, post_filter=657"
146,1.0,False,44.00389999500476,26285,10,planner,0.1,0.1,0.10024762900114059,uncorrelated,"predicate_aware: ŝ=0.1002 -> cost=106 < pre_filter=10025, post_filter=657"
147,1.0,False,44.13290000229608,25913,10,planner,0.1,0.1,0.10024762900114059,uncorrelated,"predicate_aware: ŝ=0.1002 -> cost=106 < pre_filter=10025, post_filter=657"
148,1.0,False,44.07849999552127,25155,10,planner,0.1,0.1,0.10024762900114059,uncorrelated,"predicate_aware: ŝ=0.1002 -> cost=106 < pre_filter=10025, post_filter=657"
149,1.0,False,38.89049999997951,30041,10,planner,0.1,0.1,0.10024762900114059,uncorrelated,"predicate_aware: ŝ=0.1002 -> cost=106 < pre_filter=10025, post_filter=657"
150,1.0,False,48.243400000501424,29564,10,planner,0.1,0.1,0.10024762900114059,uncorrelated,"predicate_aware: ŝ=0.1002 -> cost=106 < pre_filter=10025, post_filter=657"
151,1.0,False,26.034200011054054,12527,10,planner,0.1,0.1,0.10024762900114059,uncorrelated,"predicate_aware: ŝ=0.1002 -> cost=106 < pre_filter=10025, post_filter=657"
152,1.0,False,49.96709999977611,29462,10,planner,0.1,0.1,0.10024762900114059,uncorrelated,"predicate_aware: ŝ=0.1002 -> cost=106 < pre_filter=10025, post_filter=657"
153,1.0,False,41.28459999628831,22693,10,planner,0.1,0.1,0.10024762900114059,uncorrelated,"predicate_aware: ŝ=0.1002 -> cost=106 < pre_filter=10025, post_filter=657"
154,1.0,False,47.22919999039732,30073,10,planner,0.1,0.1,0.10024762900114059,uncorrelated,"predicate_aware: ŝ=0.1002 -> cost=106 < pre_filter=10025, post_filter=657"
155,1.0,False,42.75670000060927,25993,10,planner,0.1,0.1,0.10024762900114059,uncorrelated,"predicate_aware: ŝ=0.1002 -> cost=106 < pre_filter=10025, post_filter=657"
156,1.0,False,51.50699999649078,28126,10,planner,0.1,0.1,0.10024762900114059,uncorrelated,"predicate_aware: ŝ=0.1002 -> cost=106 < pre_filter=10025, post_filter=657"
157,1.0,False,48.15410000446718,30108,10,planner,0.1,0.1,0.10024762900114059,uncorrelated,"predicate_aware: ŝ=0.1002 -> cost=106 < pre_filter=10025, post_filter=657"
158,1.0,False,44.34209999453742,26611,10,planner,0.1,0.1,0.10024762900114059,uncorrelated,"predicate_aware: ŝ=0.1002 -> cost=106 < pre_filter=10025, post_filter=657"
159,1.0,False,43.41759999806527,25877,10,planner,0.1,0.1,0.10024762900114059,uncorrelated,"predicate_aware: ŝ=0.1002 -> cost=106 < pre_filter=10025, post_filter=657"
160,1.0,False,49.646200001006946,26812,10,planner,0.1,0.1,0.10024762900114059,uncorrelated,"predicate_aware: ŝ=0.1002 -> cost=106 < pre_filter=10025, post_filter=657"
161,1.0,False,46.856600005412474,26651,10,planner,0.1,0.1,0.10024762900114059,uncorrelated,"predicate_aware: ŝ=0.1002 -> cost=106 < pre_filter=10025, post_filter=657"
162,1.0,False,46.24720000720117,30057,10,planner,0.1,0.1,0.10024762900114059,uncorrelated,"predicate_aware: ŝ=0.1002 -> cost=106 < pre_filter=10025, post_filter=657"
163,1.0,False,44.75889999594074,27315,10,planner,0.1,0.1,0.10024762900114059,uncorrelated,"predicate_aware: ŝ=0.1002 -> cost=106 < pre_filter=10025, post_filter=657"
164,1.0,False,47.42919999989681,24389,10,planner,0.1,0.1,0.10024762900114059,uncorrelated,"predicate_aware: ŝ=0.1002 -> cost=106 < pre_filter=10025, post_filter=657"
165,1.0,False,44.504400008008815,24091,10,planner,0.1,0.1,0.10024762900114059,uncorrelated,"predicate_aware: ŝ=0.1002 -> cost=106 < pre_filter=10025, post_filter=657"
166,1.0,False,47.85010000341572,25705,10,planner,0.1,0.1,0.10024762900114059,uncorrelated,"predicate_aware: ŝ=0.1002 -> cost=106 < pre_filter=10025, post_filter=657"
167,1.0,False,51.649400003952906,30072,10,planner,0.1,0.1,0.10024762900114059,uncorrelated,"predicate_aware: ŝ=0.1002 -> cost=106 < pre_filter=10025, post_filter=657"
168,1.0,False,46.36949999257922,25134,10,planner,0.1,0.1,0.10024762900114059,uncorrelated,"predicate_aware: ŝ=0.1002 -> cost=106 < pre_filter=10025, post_filter=657"
169,1.0,False,44.55140000209212,26045,10,planner,0.1,0.1,0.10024762900114059,uncorrelated,"predicate_aware: ŝ=0.1002 -> cost=106 < pre_filter=10025, post_filter=657"
170,1.0,False,43.6137999931816,25354,10,planner,0.1,0.1,0.10024762900114059,uncorrelated,"predicate_aware: ŝ=0.1002 -> cost=106 < pre_filter=10025, post_filter=657"
171,1.0,False,47.457299995585345,26920,10,planner,0.1,0.1,0.10024762900114059,uncorrelated,"predicate_aware: ŝ=0.1002 -> cost=106 < pre_filter=10025, post_filter=657"
172,1.0,False,50.90840000775643,30081,10,planner,0.1,0.1,0.10024762900114059,uncorrelated,"predicate_aware: ŝ=0.1002 -> cost=106 < pre_filter=10025, post_filter=657"
173,1.0,False,44.48509999201633,27703,10,planner,0.1,0.1,0.10024762900114059,uncorrelated,"predicate_aware: ŝ=0.1002 -> cost=106 < pre_filter=10025, post_filter=657"
174,1.0,False,48.47239999799058,26415,10,planner,0.1,0.1,0.10024762900114059,uncorrelated,"predicate_aware: ŝ=0.1002 -> cost=106 < pre_filter=10025, post_filter=657"
175,1.0,False,49.39569999987725,27163,10,planner,0.1,0.1,0.10024762900114059,uncorrelated,"predicate_aware: ŝ=0.1002 -> cost=106 < pre_filter=10025, post_filter=657"
176,1.0,False,49.939599994104356,29079,10,planner,0.1,0.1,0.10024762900114059,uncorrelated,"predicate_aware: ŝ=0.1002 -> cost=106 < pre_filter=10025, post_filter=657"
177,1.0,False,44.931699987500906,26296,10,planner,0.1,0.1,0.10024762900114059,uncorrelated,"predicate_aware: ŝ=0.1002 -> cost=106 < pre_filter=10025, post_filter=657"
178,1.0,False,43.14700000395533,25424,10,planner,0.1,0.1,0.10024762900114059,uncorrelated,"predicate_aware: ŝ=0.1002 -> cost=106 < pre_filter=10025, post_filter=657"
179,1.0,False,42.92939999140799,26176,10,planner,0.1,0.1,0.10024762900114059,uncorrelated,"predicate_aware: ŝ=0.1002 -> cost=106 < pre_filter=10025, post_filter=657"
180,1.0,False,39.565599989145994,21820,10,planner,0.1,0.1,0.10024762900114059,uncorrelated,"predicate_aware: ŝ=0.1002 -> cost=106 < pre_filter=10025, post_filter=657"
181,1.0,False,46.66309998719953,28462,10,planner,0.1,0.1,0.10024762900114059,uncorrelated,"predicate_aware: ŝ=0.1002 -> cost=106 < pre_filter=10025, post_filter=657"
182,1.0,False,43.245099994237535,23189,10,planner,0.1,0.1,0.10024762900114059,uncorrelated,"predicate_aware: ŝ=0.1002 -> cost=106 < pre_filter=10025, post_filter=657"
183,1.0,False,39.765000008628704,24056,10,planner,0.1,0.1,0.10024762900114059,uncorrelated,"predicate_aware: ŝ=0.1002 -> cost=106 < pre_filter=10025, post_filter=657"
184,1.0,False,45.184600006905384,25089,10,planner,0.1,0.1,0.10024762900114059,uncorrelated,"predicate_aware: ŝ=0.1002 -> cost=106 < pre_filter=10025, post_filter=657"
185,1.0,False,29.195199997047894,13549,10,planner,0.1,0.1,0.10024762900114059,uncorrelated,"predicate_aware: ŝ=0.1002 -> cost=106 < pre_filter=10025, post_filter=657"
186,1.0,False,42.113199990126304,25424,10,planner,0.1,0.1,0.10024762900114059,uncorrelated,"predicate_aware: ŝ=0.1002 -> cost=106 < pre_filter=10025, post_filter=657"
187,1.0,False,48.23169999872334,28352,10,planner,0.1,0.1,0.10024762900114059,uncorrelated,"predicate_aware: ŝ=0.1002 -> cost=106 < pre_filter=10025, post_filter=657"
188,1.0,False,46.56049999175593,28153,10,planner,0.1,0.1,0.10024762900114059,uncorrelated,"predicate_aware: ŝ=0.1002 -> cost=106 < pre_filter=10025, post_filter=657"
189,1.0,False,43.508899994776584,30046,10,planner,0.1,0.1,0.10024762900114059,uncorrelated,"predicate_aware: ŝ=0.1002 -> cost=106 < pre_filter=10025, post_filter=657"
190,1.0,False,45.19879999861587,27392,10,planner,0.1,0.1,0.10024762900114059,uncorrelated,"predicate_aware: ŝ=0.1002 -> cost=106 < pre_filter=10025, post_filter=657"
191,1.0,False,47.605599989765324,28224,10,planner,0.1,0.1,0.10024762900114059,uncorrelated,"predicate_aware: ŝ=0.1002 -> cost=106 < pre_filter=10025, post_filter=657"
192,1.0,False,47.25319999852218,29159,10,planner,0.1,0.1,0.10024762900114059,uncorrelated,"predicate_aware: ŝ=0.1002 -> cost=106 < pre_filter=10025, post_filter=657"
193,1.0,False,36.21020000719,19953,10,planner,0.1,0.1,0.10024762900114059,uncorrelated,"predicate_aware: ŝ=0.1002 -> cost=106 < pre_filter=10025, post_filter=657"
194,1.0,False,45.69519999495242,30074,10,planner,0.1,0.1,0.10024762900114059,uncorrelated,"predicate_aware: ŝ=0.1002 -> cost=106 < pre_filter=10025, post_filter=657"
195,1.0,False,47.28630000317935,30054,10,planner,0.1,0.1,0.10024762900114059,uncorrelated,"predicate_aware: ŝ=0.1002 -> cost=106 < pre_filter=10025, post_filter=657"
196,1.0,False,44.37570000300184,30085,10,planner,0.1,0.1,0.10024762900114059,uncorrelated,"predicate_aware: ŝ=0.1002 -> cost=106 < pre_filter=10025, post_filter=657"
197,1.0,False,44.30500000307802,25684,10,planner,0.1,0.1,0.10024762900114059,uncorrelated,"predicate_aware: ŝ=0.1002 -> cost=106 < pre_filter=10025, post_filter=657"
198,1.0,False,36.282299988670275,18304,10,planner,0.1,0.1,0.10024762900114059,uncorrelated,"predicate_aware: ŝ=0.1002 -> cost=106 < pre_filter=10025, post_filter=657"
199,1.0,False,50.79459999979008,30074,10,planner,0.1,0.1,0.10024762900114059,uncorrelated,"predicate_aware: ŝ=0.1002 -> cost=106 < pre_filter=10025, post_filter=657"
20,1.0,False,5.2211000001989305,25000,10,pre_filter,0.25,0.25,0.24999605944186448,uncorrelated,
21,1.0,False,4.599400010192767,25000,10,pre_filter,0.25,0.25,0.24999605944186448,uncorrelated,
22,1.0,False,4.374199997982942,25000,10,pre_filter,0.25,0.25,0.24999605944186448,uncorrelated,
23,1.0,False,4.757700007758103,25000,10,pre_filter,0.25,0.25,0.24999605944186448,uncorrelated,
24,1.0,False,4.640099999960512,25000,10,pre_filter,0.25,0.25,0.24999605944186448,uncorrelated,
25,1.0,False,5.255500000203028,25000,10,pre_filter,0.25,0.25,0.24999605944186448,uncorrelated,
26,1.0,False,4.5203999907244,25000,10,pre_filter,0.25,0.25,0.24999605944186448,uncorrelated,
27,1.0,False,4.384500003652647,25000,10,pre_filter,0.25,0.25,0.24999605944186448,uncorrelated,
28,1.0,False,4.19289999990724,25000,10,pre_filter,0.25,0.25,0.24999605944186448,uncorrelated,
29,1.0,False,4.289499993319623,25000,10,pre_filter,0.25,0.25,0.24999605944186448,uncorrelated,
30,1.0,False,4.231099999742582,25000,10,pre_filter,0.25,0.25,0.24999605944186448,uncorrelated,
31,1.0,False,4.130400004214607,25000,10,pre_filter,0.25,0.25,0.24999605944186448,uncorrelated,
32,1.0,False,4.194299996015616,25000,10,pre_filter,0.25,0.25,0.24999605944186448,uncorrelated,
33,1.0,False,4.273099999409169,25000,10,pre_filter,0.25,0.25,0.24999605944186448,uncorrelated,
34,1.0,False,4.253199993399903,25000,10,pre_filter,0.25,0.25,0.24999605944186448,uncorrelated,
35,1.0,False,4.382300001452677,25000,10,pre_filter,0.25,0.25,0.24999605944186448,uncorrelated,
36,1.0,False,4.139700002269819,25000,10,pre_filter,0.25,0.25,0.24999605944186448,uncorrelated,
37,1.0,False,4.4744999904651195,25000,10,pre_filter,0.25,0.25,0.24999605944186448,uncorrelated,
38,1.0,False,4.552099999273196,25000,10,pre_filter,0.25,0.25,0.24999605944186448,uncorrelated,
39,1.0,False,4.26480000896845,25000,10,pre_filter,0.25,0.25,0.24999605944186448,uncorrelated,
40,1.0,False,4.377300007035956,25000,10,pre_filter,0.25,0.25,0.24999605944186448,uncorrelated,
41,1.0,False,4.709399989224039,25000,10,pre_filter,0.25,0.25,0.24999605944186448,uncorrelated,
42,1.0,False,4.426700004842132,25000,10,pre_filter,0.25,0.25,0.24999605944186448,uncorrelated,
43,1.0,False,4.588399999192916,25000,10,pre_filter,0.25,0.25,0.24999605944186448,uncorrelated,
44,1.0,False,4.84790001064539,25000,10,pre_filter,0.25,0.25,0.24999605944186448,uncorrelated,
45,1.0,False,4.534599996986799,25000,10,pre_filter,0.25,0.25,0.24999605944186448,uncorrelated,
46,1.0,False,4.624200009857304,25000,10,pre_filter,0.25,0.25,0.24999605944186448,uncorrelated,
47,1.0,False,4.733999987365678,25000,10,pre_filter,0.25,0.25,0.24999605944186448,uncorrelated,
48,1.0,False,4.913099997793324,25000,10,pre_filter,0.25,0.25,0.24999605944186448,uncorrelated,
49,1.0,False,5.087300000013784,25000,10,pre_filter,0.25,0.25,0.24999605944186448,uncorrelated,
50,1.0,False,4.924199995002709,25000,10,pre_filter,0.25,0.25,0.24999605944186448,uncorrelated,
51,1.0,False,5.051800006185658,25000,10,pre_filter,0.25,0.25,0.24999605944186448,uncorrelated,
52,1.0,False,4.487099999096245,25000,10,pre_filter,0.25,0.25,0.24999605944186448,uncorrelated,
53,1.0,False,4.327499991632067,25000,10,pre_filter,0.25,0.25,0.24999605944186448,uncorrelated,
54,1.0,False,4.9882000021170825,25000,10,pre_filter,0.25,0.25,0.24999605944186448,uncorrelated,
55,1.0,False,4.673699993873015,25000,10,pre_filter,0.25,0.25,0.24999605944186448,uncorrelated,
56,1.0,False,4.417000003741123,25000,10,pre_filter,0.25,0.25,0.24999605944186448,uncorrelated,
57,1.0,False,4.299699998227879,25000,10,pre_filter,0.25,0.25,0.24999605944186448,uncorrelated,
58,1.0,False,4.602500004693866,25000,10,pre_filter,0.25,0.25,0.24999605944186448,uncorrelated,
59,1.0,False,4.261199996108189,25000,10,pre_filter,0.25,0.25,0.24999605944186448,uncorrelated,
60,1.0,False,4.237599991029128,25000,10,pre_filter,0.25,0.25,0.24999605944186448,uncorrelated,
61,1.0,False,4.486399993766099,25000,10,pre_filter,0.25,0.25,0.24999605944186448,uncorrelated,
62,1.0,False,4.371600007289089,25000,10,pre_filter,0.25,0.25,0.24999605944186448,uncorrelated,
63,1.0,False,4.192299995338544,25000,10,pre_filter,0.25,0.25,0.24999605944186448,uncorrelated,
64,1.0,False,4.260500005329959,25000,10,pre_filter,0.25,0.25,0.24999605944186448,uncorrelated,
65,1.0,False,4.36700000136625,25000,10,pre_filter,0.25,0.25,0.24999605944186448,uncorrelated,
66,1.0,False,4.386400003568269,25000,10,pre_filter,0.25,0.25,0.24999605944186448,uncorrelated,
67,1.0,False,4.263500013621524,25000,10,pre_filter,0.25,0.25,0.24999605944186448,uncorrelated,
68,1.0,False,4.358299993327819,25000,10,pre_filter,0.25,0.25,0.24999605944186448,uncorrelated,
69,1.0,False,4.3698999943444505,25000,10,pre_filter,0.25,0.25,0.24999605944186448,uncorrelated,
70,1.0,False,4.362400009995326,25000,10,pre_filter,0.25,0.25,0.24999605944186448,uncorrelated,
71,1.0,False,4.272199992556125,25000,10,pre_filter,0.25,0.25,0.24999605944186448,uncorrelated,
72,1.0,False,4.653700001654215,25000,10,pre_filter,0.25,0.25,0.24999605944186448,uncorrelated,
73,1.0,False,4.55589999910444,25000,10,pre_filter,0.25,0.25,0.24999605944186448,uncorrelated,
74,1.0,False,4.344399989349768,25000,10,pre_filter,0.25,0.25,0.24999605944186448,uncorrelated,
75,1.0,False,4.300899992813356,25000,10,pre_filter,0.25,0.25,0.24999605944186448,uncorrelated,
76,1.0,False,4.382000013720244,25000,10,pre_filter,0.25,0.25,0.24999605944186448,uncorrelated,
77,1.0,False,4.339599996455945,25000,10,pre_filter,0.25,0.25,0.24999605944186448,uncorrelated,
78,1.0,False,4.518599991570227,25000,10,pre_filter,0.25,0.25,0.24999605944186448,uncorrelated,
79,1.0,False,4.4615000078920275,25000,10,pre_filter,0.25,0.25,0.24999605944186448,uncorrelated,
80,1.0,False,4.430299988598563,25000,10,pre_filter,0.25,0.25,0.24999605944186448,uncorrelated,
81,1.0,False,4.371300005004741,25000,10,pre_filter,0.25,0.25,0.24999605944186448,uncorrelated,
82,1.0,False,4.367199988337234,25000,10,pre_filter,0.25,0.25,0.24999605944186448,uncorrelated,
83,1.0,False,4.569700002321042,25000,10,pre_filter,0.25,0.25,0.24999605944186448,uncorrelated,
84,1.0,False,4.527600001893006,25000,10,pre_filter,0.25,0.25,0.24999605944186448,uncorrelated,
85,1.0,False,4.287700008717366,25000,10,pre_filter,0.25,0.25,0.24999605944186448,uncorrelated,
86,1.0,False,4.578899999614805,25000,10,pre_filter,0.25,0.25,0.24999605944186448,uncorrelated,
87,1.0,False,4.851899997447617,25000,10,pre_filter,0.25,0.25,0.24999605944186448,uncorrelated,
88,1.0,False,4.30919999780599,25000,10,pre_filter,0.25,0.25,0.24999605944186448,uncorrelated,
89,1.0,False,4.434099988429807,25000,10,pre_filter,0.25,0.25,0.24999605944186448,uncorrelated,
90,1.0,False,4.8537999973632395,25000,10,pre_filter,0.25,0.25,0.24999605944186448,uncorrelated,
91,1.0,False,4.388699991977774,25000,10,pre_filter,0.25,0.25,0.24999605944186448,uncorrelated,
92,1.0,False,4.548800003249198,25000,10,pre_filter,0.25,0.25,0.24999605944186448,uncorrelated,
93,1.0,False,5.556599993724376,25000,10,pre_filter,0.25,0.25,0.24999605944186448,uncorrelated,
94,1.0,False,4.6322999987751245,25000,10,pre_filter,0.25,0.25,0.24999605944186448,uncorrelated,
95,1.0,False,4.996400006348267,25000,10,pre_filter,0.25,0.25,0.24999605944186448,uncorrelated,
96,1.0,False,4.832000005990267,25000,10,pre_filter,0.25,0.25,0.24999605944186448,uncorrelated,
97,1.0,False,4.478000002563931,25000,10,pre_filter,0.25,0.25,0.24999605944186448,uncorrelated,
98,1.0,False,4.339499995694496,25000,10,pre_filter,0.25,0.25,0.24999605944186448,uncorrelated,
99,1.0,False,4.42190001194831,25000,10,pre_filter,0.25,0.25,0.24999605944186448,uncorrelated,
100,1.0,False,4.363000000012107,25000,10,pre_filter,0.25,0.25,0.24999605944186448,uncorrelated,
101,1.0,False,4.422500001965091,25000,10,pre_filter,0.25,0.25,0.24999605944186448,uncorrelated,
102,1.0,False,4.367499990621582,25000,10,pre_filter,0.25,0.25,0.24999605944186448,uncorrelated,
103,1.0,False,4.378099998575635,25000,10,pre_filter,0.25,0.25,0.24999605944186448,uncorrelated,
104,1.0,False,4.306700007873587,25000,10,pre_filter,0.25,0.25,0.24999605944186448,uncorrelated,
105,1.0,False,4.1228000045521185,25000,10,pre_filter,0.25,0.25,0.24999605944186448,uncorrelated,
106,1.0,False,4.631000003428198,25000,10,pre_filter,0.25,0.25,0.24999605944186448,uncorrelated,
107,1.0,False,4.632500000298023,25000,10,pre_filter,0.25,0.25,0.24999605944186448,uncorrelated,
108,1.0,False,4.264300005161203,25000,10,pre_filter,0.25,0.25,0.24999605944186448,uncorrelated,
109,1.0,False,4.5516999962273985,25000,10,pre_filter,0.25,0.25,0.24999605944186448,uncorrelated,
110,1.0,False,4.414900002302602,25000,10,pre_filter,0.25,0.25,0.24999605944186448,uncorrelated,
111,1.0,False,4.336500001954846,25000,10,pre_filter,0.25,0.25,0.24999605944186448,uncorrelated,
112,1.0,False,4.997700001695193,25000,10,pre_filter,0.25,0.25,0.24999605944186448,uncorrelated,
113,1.0,False,4.468200000701472,25000,10,pre_filter,0.25,0.25,0.24999605944186448,uncorrelated,
114,1.0,False,4.5126000040909275,25000,10,pre_filter,0.25,0.25,0.24999605944186448,uncorrelated,
115,1.0,False,4.475800000363961,25000,10,pre_filter,0.25,0.25,0.24999605944186448,uncorrelated,
116,1.0,False,4.377299992484041,25000,10,pre_filter,0.25,0.25,0.24999605944186448,uncorrelated,
117,1.0,False,4.072800002177246,25000,10,pre_filter,0.25,0.25,0.24999605944186448,uncorrelated,
118,1.0,False,4.713100002845749,25000,10,pre_filter,0.25,0.25,0.24999605944186448,uncorrelated,
119,1.0,False,4.476900008739904,25000,10,pre_filter,0.25,0.25,0.24999605944186448,uncorrelated,
120,1.0,False,4.554599989205599,25000,10,pre_filter,0.25,0.25,0.24999605944186448,uncorrelated,
121,1.0,False,4.515299995546229,25000,10,pre_filter,0.25,0.25,0.24999605944186448,uncorrelated,
122,1.0,False,4.320699998061173,25000,10,pre_filter,0.25,0.25,0.24999605944186448,uncorrelated,
123,1.0,False,4.264400005922653,25000,10,pre_filter,0.25,0.25,0.24999605944186448,uncorrelated,
124,1.0,False,4.110499998205341,25000,10,pre_filter,0.25,0.25,0.24999605944186448,uncorrelated,
125,1.0,False,4.471199994441122,25000,10,pre_filter,0.25,0.25,0.24999605944186448,uncorrelated,
126,1.0,False,4.5987999910721555,25000,10,pre_filter,0.25,0.25,0.24999605944186448,uncorrelated,
127,1.0,False,4.307999988668598,25000,10,pre_filter,0.25,0.25,0.24999605944186448,uncorrelated,
128,1.0,False,4.253400009474717,25000,10,pre_filter,0.25,0.25,0.24999605944186448,uncorrelated,
129,1.0,False,4.256000000168569,25000,10,pre_filter,0.25,0.25,0.24999605944186448,uncorrelated,
130,1.0,False,4.178000002866611,25000,10,pre_filter,0.25,0.25,0.24999605944186448,uncorrelated,
131,1.0,False,4.07150000683032,25000,10,pre_filter,0.25,0.25,0.24999605944186448,uncorrelated,
132,1.0,False,4.162400000495836,25000,10,pre_filter,0.25,0.25,0.24999605944186448,uncorrelated,
133,1.0,False,4.216300003463402,25000,10,pre_filter,0.25,0.25,0.24999605944186448,uncorrelated,
134,1.0,False,4.173199995420873,25000,10,pre_filter,0.25,0.25,0.24999605944186448,uncorrelated,
135,1.0,False,4.1618999966885895,25000,10,pre_filter,0.25,0.25,0.24999605944186448,uncorrelated,
136,1.0,False,4.245499992975965,25000,10,pre_filter,0.25,0.25,0.24999605944186448,uncorrelated,
137,1.0,False,4.212600004393607,25000,10,pre_filter,0.25,0.25,0.24999605944186448,uncorrelated,
138,1.0,False,4.2710999987320974,25000,10,pre_filter,0.25,0.25,0.24999605944186448,uncorrelated,
139,1.0,False,4.667700006393716,25000,10,pre_filter,0.25,0.25,0.24999605944186448,uncorrelated,
140,1.0,False,4.338999991887249,25000,10,pre_filter,0.25,0.25,0.24999605944186448,uncorrelated,
141,1.0,False,4.134300004807301,25000,10,pre_filter,0.25,0.25,0.24999605944186448,uncorrelated,
142,1.0,False,4.207199992379174,25000,10,pre_filter,0.25,0.25,0.24999605944186448,uncorrelated,
143,1.0,False,4.571199999190867,25000,10,pre_filter,0.25,0.25,0.24999605944186448,uncorrelated,
144,1.0,False,4.298699990613386,25000,10,pre_filter,0.25,0.25,0.24999605944186448,uncorrelated,
145,1.0,False,4.077300007338636,25000,10,pre_filter,0.25,0.25,0.24999605944186448,uncorrelated,
146,1.0,False,3.9909000042825937,25000,10,pre_filter,0.25,0.25,0.24999605944186448,uncorrelated,
147,1.0,False,4.1698999993968755,25000,10,pre_filter,0.25,0.25,0.24999605944186448,uncorrelated,
148,1.0,False,4.206999990856275,25000,10,pre_filter,0.25,0.25,0.24999605944186448,uncorrelated,
149,1.0,False,4.0391000075032935,25000,10,pre_filter,0.25,0.25,0.24999605944186448,uncorrelated,
150,1.0,False,4.080999991856515,25000,10,pre_filter,0.25,0.25,0.24999605944186448,uncorrelated,
151,1.0,False,3.953100007493049,25000,10,pre_filter,0.25,0.25,0.24999605944186448,uncorrelated,
152,1.0,False,4.110800000489689,25000,10,pre_filter,0.25,0.25,0.24999605944186448,uncorrelated,
153,1.0,False,3.9437999948859215,25000,10,pre_filter,0.25,0.25,0.24999605944186448,uncorrelated,
154,1.0,False,4.057099999045022,25000,10,pre_filter,0.25,0.25,0.24999605944186448,uncorrelated,
155,1.0,False,4.031700009363703,25000,10,pre_filter,0.25,0.25,0.24999605944186448,uncorrelated,
156,1.0,False,4.006799994385801,25000,10,pre_filter,0.25,0.25,0.24999605944186448,uncorrelated,
157,1.0,False,4.062099993461743,25000,10,pre_filter,0.25,0.25,0.24999605944186448,uncorrelated,
158,1.0,False,4.128899992792867,25000,10,pre_filter,0.25,0.25,0.24999605944186448,uncorrelated,
159,1.0,False,4.082699990249239,25000,10,pre_filter,0.25,0.25,0.24999605944186448,uncorrelated,
160,1.0,False,4.1416000021854416,25000,10,pre_filter,0.25,0.25,0.24999605944186448,uncorrelated,
161,1.0,False,4.1412999999010935,25000,10,pre_filter,0.25,0.25,0.24999605944186448,uncorrelated,
162,1.0,False,4.50700000510551,25000,10,pre_filter,0.25,0.25,0.24999605944186448,uncorrelated,
163,1.0,False,4.182100004982203,25000,10,pre_filter,0.25,0.25,0.24999605944186448,uncorrelated,
164,1.0,False,4.1588000021874905,25000,10,pre_filter,0.25,0.25,0.24999605944186448,uncorrelated,
165,1.0,False,4.591700009768829,25000,10,pre_filter,0.25,0.25,0.24999605944186448,uncorrelated,
166,1.0,False,4.1692999948281795,25000,10,pre_filter,0.25,0.25,0.24999605944186448,uncorrelated,
167,1.0,False,4.372700001113117,25000,10,pre_filter,0.25,0.25,0.24999605944186448,uncorrelated,
168,1.0,False,4.14989999262616,25000,10,pre_filter,0.25,0.25,0.24999605944186448,uncorrelated,
169,1.0,False,4.258800006937236,25000,10,pre_filter,0.25,0.25,0.24999605944186448,uncorrelated,
170,1.0,False,4.247200005920604,25000,10,pre_filter,0.25,0.25,0.24999605944186448,uncorrelated,
171,1.0,False,3.98480000148993,25000,10,pre_filter,0.25,0.25,0.24999605944186448,uncorrelated,
172,1.0,False,4.160800002864562,25000,10,pre_filter,0.25,0.25,0.24999605944186448,uncorrelated,
173,1.0,False,4.213699998217635,25000,10,pre_filter,0.25,0.25,0.24999605944186448,uncorrelated,
174,1.0,False,4.125999999814667,25000,10,pre_filter,0.25,0.25,0.24999605944186448,uncorrelated,
175,1.0,False,4.05960000352934,25000,10,pre_filter,0.25,0.25,0.24999605944186448,uncorrelated,
176,1.0,False,4.02849999954924,25000,10,pre_filter,0.25,0.25,0.24999605944186448,uncorrelated,
177,1.0,False,4.597199993440881,25000,10,pre_filter,0.25,0.25,0.24999605944186448,uncorrelated,
178,1.0,False,4.461099990294315,25000,10,pre_filter,0.25,0.25,0.24999605944186448,uncorrelated,
179,1.0,False,4.073299991432577,25000,10,pre_filter,0.25,0.25,0.24999605944186448,uncorrelated,
180,1.0,False,4.244800002197735,25000,10,pre_filter,0.25,0.25,0.24999605944186448,uncorrelated,
181,1.0,False,4.027699993457645,25000,10,pre_filter,0.25,0.25,0.24999605944186448,uncorrelated,
182,1.0,False,4.159699994488619,25000,10,pre_filter,0.25,0.25,0.24999605944186448,uncorrelated,
183,1.0,False,4.129499997361563,25000,10,pre_filter,0.25,0.25,0.24999605944186448,uncorrelated,
184,1.0,False,4.104799998458475,25000,10,pre_filter,0.25,0.25,0.24999605944186448,uncorrelated,
185,1.0,False,4.090899994480424,25000,10,pre_filter,0.25,0.25,0.24999605944186448,uncorrelated,
186,1.0,False,4.039499995997176,25000,10,pre_filter,0.25,0.25,0.24999605944186448,uncorrelated,
187,1.0,False,4.130400004214607,25000,10,pre_filter,0.25,0.25,0.24999605944186448,uncorrelated,
188,1.0,False,4.2932999931508675,25000,10,pre_filter,0.25,0.25,0.24999605944186448,uncorrelated,
189,1.0,False,4.243000003043562,25000,10,pre_filter,0.25,0.25,0.24999605944186448,uncorrelated,
190,1.0,False,4.1588000021874905,25000,10,pre_filter,0.25,0.25,0.24999605944186448,uncorrelated,
191,1.0,False,4.231900005834177,25000,10,pre_filter,0.25,0.25,0.24999605944186448,uncorrelated,
192,1.0,False,4.488799997488968,25000,10,pre_filter,0.25,0.25,0.24999605944186448,uncorrelated,
193,1.0,False,4.375300006358884,25000,10,pre_filter,0.25,0.25,0.24999605944186448,uncorrelated,
194,1.0,False,4.0966999949887395,25000,10,pre_filter,0.25,0.25,0.24999605944186448,uncorrelated,
195,1.0,False,4.27740000304766,25000,10,pre_filter,0.25,0.25,0.24999605944186448,uncorrelated,
196,1.0,False,4.143700003623962,25000,10,pre_filter,0.25,0.25,0.24999605944186448,uncorrelated,
197,1.0,False,4.038200000650249,25000,10,pre_filter,0.25,0.25,0.24999605944186448,uncorrelated,
198,1.0,False,4.008000003523193,25000,10,pre_filter,0.25,0.25,0.24999605944186448,uncorrelated,
199,1.0,False,4.14249999448657,25000,10,pre_filter,0.25,0.25,0.24999605944186448,uncorrelated,
20,1.0,False,1.993199999560602,1478,10,post_filter,0.25,0.25,0.24999605944186448,uncorrelated,
21,1.0,False,2.2139000066090375,2022,10,post_filter,0.25,0.25,0.24999605944186448,uncorrelated,
22,1.0,False,2.067299996269867,1796,10,post_filter,0.25,0.25,0.24999605944186448,uncorrelated,
23,1.0,False,2.223399991635233,2013,10,post_filter,0.25,0.25,0.24999605944186448,uncorrelated,
24,1.0,False,2.5695999938761815,2310,10,post_filter,0.25,0.25,0.24999605944186448,uncorrelated,
25,1.0,False,2.3684000043431297,2041,10,post_filter,0.25,0.25,0.24999605944186448,uncorrelated,
26,1.0,False,2.35650000104215,2393,10,post_filter,0.25,0.25,0.24999605944186448,uncorrelated,
27,1.0,False,2.3449000000255182,2281,10,post_filter,0.25,0.25,0.24999605944186448,uncorrelated,
28,1.0,False,2.2668000019621104,2135,10,post_filter,0.25,0.25,0.24999605944186448,uncorrelated,
29,1.0,False,1.728600007481873,919,10,post_filter,0.25,0.25,0.24999605944186448,uncorrelated,
30,1.0,False,2.252599995699711,2058,10,post_filter,0.25,0.25,0.24999605944186448,uncorrelated,
31,1.0,False,3.0783999973209575,2364,10,post_filter,0.25,0.25,0.24999605944186448,uncorrelated,
32,1.0,False,2.5431999965803698,2092,10,post_filter,0.25,0.25,0.24999605944186448,uncorrelated,
33,1.0,False,2.20239999180194,1970,10,post_filter,0.25,0.25,0.24999605944186448,uncorrelated,
34,1.0,False,2.4465000024065375,2412,10,post_filter,0.25,0.25,0.24999605944186448,uncorrelated,
35,1.0,False,2.3446999985026196,2470,10,post_filter,0.25,0.25,0.24999605944186448,uncorrelated,
36,1.0,False,2.4043999874265864,2731,10,post_filter,0.25,0.25,0.24999605944186448,uncorrelated,
37,1.0,False,2.2430999961216003,1824,10,post_filter,0.25,0.25,0.24999605944186448,uncorrelated,
38,1.0,False,2.9827999969711527,2123,10,post_filter,0.25,0.25,0.24999605944186448,uncorrelated,
39,1.0,False,2.252500009490177,1709,10,post_filter,0.25,0.25,0.24999605944186448,uncorrelated,
40,1.0,False,2.453100009006448,2385,10,post_filter,0.25,0.25,0.24999605944186448,uncorrelated,
41,1.0,False,1.9486000092001632,1343,10,post_filter,0.25,0.25,0.24999605944186448,uncorrelated,
42,1.0,False,2.278300002217293,2199,10,post_filter,0.25,0.25,0.24999605944186448,uncorrelated,
43,1.0,False,2.3732999979984015,2486,10,post_filter,0.25,0.25,0.24999605944186448,uncorrelated,
44,1.0,False,2.2517000033985823,1781,10,post_filter,0.25,0.25,0.24999605944186448,uncorrelated,
45,1.0,False,2.2038999886717647,2070,10,post_filter,0.25,0.25,0.24999605944186448,uncorrelated,
46,1.0,False,2.229100005934015,1973,10,post_filter,0.25,0.25,0.24999605944186448,uncorrelated,
47,1.0,False,2.3522999981651083,2554,10,post_filter,0.25,0.25,0.24999605944186448,uncorrelated,
48,1.0,False,2.172199994674884,2143,10,post_filter,0.25,0.25,0.24999605944186448,uncorrelated,
49,1.0,False,2.139900010661222,1563,10,post_filter,0.25,0.25,0.24999605944186448,uncorrelated,
50,1.0,False,2.195599998231046,2103,10,post_filter,0.25,0.25,0.24999605944186448,uncorrelated,
51,1.0,False,2.163999990443699,1606,10,post_filter,0.25,0.25,0.24999605944186448,uncorrelated,
52,1.0,False,2.295600002980791,2236,10,post_filter,0.25,0.25,0.24999605944186448,uncorrelated,
53,1.0,False,2.2286000021267682,2228,10,post_filter,0.25,0.25,0.24999605944186448,uncorrelated,
54,1.0,False,1.731399999698624,917,10,post_filter,0.25,0.25,0.24999605944186448,uncorrelated,
55,1.0,False,1.844300000811927,1268,10,post_filter,0.25,0.25,0.24999605944186448,uncorrelated,
56,1.0,False,2.23869999172166,2146,10,post_filter,0.25,0.25,0.24999605944186448,uncorrelated,
57,1.0,False,2.365199994528666,2356,10,post_filter,0.25,0.25,0.24999605944186448,uncorrelated,
58,1.0,False,2.5308999902335927,2463,10,post_filter,0.25,0.25,0.24999605944186448,uncorrelated,
59,1.0,False,2.151699998648837,1052,10,post_filter,0.25,0.25,0.24999605944186448,uncorrelated,
60,0.9,False,2.7285000105621293,2393,10,post_filter,0.25,0.25,0.24999605944186448,uncorrelated,
61,1.0,False,2.107399996020831,1601,10,post_filter,0.25,0.25,0.24999605944186448,uncorrelated,
62,1.0,False,1.9698999967658892,1069,10,post_filter,0.25,0.25,0.24999605944186448,uncorrelated,
63,1.0,False,2.078100005746819,1528,10,post_filter,0.25,0.25,0.24999605944186448,uncorrelated,
64,1.0,False,2.0514000061666593,1543,10,post_filter,0.25,0.25,0.24999605944186448,uncorrelated,
65,1.0,False,2.2724000009475276,1521,10,post_filter,0.25,0.25,0.24999605944186448,uncorrelated,
66,1.0,False,2.078399993479252,1430,10,post_filter,0.25,0.25,0.24999605944186448,uncorrelated,
67,1.0,False,2.123600002960302,1416,10,post_filter,0.25,0.25,0.24999605944186448,uncorrelated,
68,1.0,False,2.2561000077985227,1493,10,post_filter,0.25,0.25,0.24999605944186448,uncorrelated,
69,1.0,False,2.2357999987434596,2066,10,post_filter,0.25,0.25,0.24999605944186448,uncorrelated,
70,1.0,False,1.6749000060372055,888,10,post_filter,0.25,0.25,0.24999605944186448,uncorrelated,
71,1.0,False,2.0464999979594722,1571,10,post_filter,0.25,0.25,0.24999605944186448,uncorrelated,
72,1.0,False,2.519299989216961,2672,10,post_filter,0.25,0.25,0.24999605944186448,uncorrelated,
73,1.0,False,2.6999999972758815,2035,10,post_filter,0.25,0.25,0.24999605944186448,uncorrelated,
74,1.0,False,2.584100002422929,2121,10,post_filter,0.25,0.25,0.24999605944186448,uncorrelated,
75,1.0,False,2.6440999936312437,2296,10,post_filter,0.25,0.25,0.24999605944186448,uncorrelated,
76,1.0,False,2.4187999952118844,1909,10,post_filter,0.25,0.25,0.24999605944186448,uncorrelated,
77,1.0,False,2.500400005374104,2106,10,post_filter,0.25,0.25,0.24999605944186448,uncorrelated,
78,1.0,False,2.508799996576272,2254,10,post_filter,0.25,0.25,0.24999605944186448,uncorrelated,
79,1.0,False,2.3095000069588423,1137,10,post_filter,0.25,0.25,0.24999605944186448,uncorrelated,
80,1.0,False,3.0327999993460253,2037,10,post_filter,0.25,0.25,0.24999605944186448,uncorrelated,
81,1.0,False,2.8787999908672646,2445,10,post_filter,0.25,0.25,0.24999605944186448,uncorrelated,
82,1.0,False,2.849600001354702,2521,10,post_filter,0.25,0.25,0.24999605944186448,uncorrelated,
83,1.0,False,2.386699998169206,2010,10,post_filter,0.25,0.25,0.24999605944186448,uncorrelated,
84,0.9,False,2.7871000056620687,2516,10,post_filter,0.25,0.25,0.24999605944186448,uncorrelated,
85,1.0,False,2.0714999991469085,1406,10,post_filter,0.25,0.25,0.24999605944186448,uncorrelated,
86,1.0,False,2.072899995255284,1419,10,post_filter,0.25,0.25,0.24999605944186448,uncorrelated,
87,1.0,False,1.8909000064013526,1064,10,post_filter,0.25,0.25,0.24999605944186448,uncorrelated,
88,1.0,False,1.946100004715845,1238,10,post_filter,0.25,0.25,0.24999605944186448,uncorrelated,
89,1.0,False,1.9222999981138855,1339,10,post_filter,0.25,0.25,0.24999605944186448,uncorrelated,
90,1.0,False,2.00089999998454,1506,10,post_filter,0.25,0.25,0.24999605944186448,uncorrelated,
91,1.0,False,2.036800011410378,1630,10,post_filter,0.25,0.25,0.24999605944186448,uncorrelated,
92,1.0,False,2.691800007596612,2284,10,post_filter,0.25,0.25,0.24999605944186448,uncorrelated,
93,1.0,False,2.1884000016143546,1683,10,post_filter,0.25,0.25,0.24999605944186448,uncorrelated,
94,1.0,False,1.8377000087639317,1127,10,post_filter,0.25,0.25,0.24999605944186448,uncorrelated,
95,1.0,False,2.645700005814433,2188,10,post_filter,0.25,0.25,0.24999605944186448,uncorrelated,
96,1.0,False,2.6319999888073653,2374,10,post_filter,0.25,0.25,0.24999605944186448,uncorrelated,
97,1.0,False,2.3366000095847994,2016,10,post_filter,0.25,0.25,0.24999605944186448,uncorrelated,
98,1.0,False,1.781500002834946,950,10,post_filter,0.25,0.25,0.24999605944186448,uncorrelated,
99,1.0,False,2.446699989377521,2044,10,post_filter,0.25,0.25,0.24999605944186448,uncorrelated,
100,1.0,False,2.1295999904396012,1680,10,post_filter,0.25,0.25,0.24999605944186448,uncorrelated,
101,1.0,False,2.071599999908358,1581,10,post_filter,0.25,0.25,0.24999605944186448,uncorrelated,
102,1.0,False,2.6818999904207885,2332,10,post_filter,0.25,0.25,0.24999605944186448,uncorrelated,
103,1.0,False,2.3939999955473468,2237,10,post_filter,0.25,0.25,0.24999605944186448,uncorrelated,
104,1.0,False,2.175999994506128,1501,10,post_filter,0.25,0.25,0.24999605944186448,uncorrelated,
105,1.0,False,2.1665000094799325,1877,10,post_filter,0.25,0.25,0.24999605944186448,uncorrelated,
106,1.0,False,2.046699999482371,1306,10,post_filter,0.25,0.25,0.24999605944186448,uncorrelated,
107,1.0,False,1.8868999904952943,1228,10,post_filter,0.25,0.25,0.24999605944186448,uncorrelated,
108,1.0,False,1.571100001456216,690,10,post_filter,0.25,0.25,0.24999605944186448,uncorrelated,
109,1.0,False,2.105400009895675,1733,10,post_filter,0.25,0.25,0.24999605944186448,uncorrelated,
110,1.0,False,1.933799998369068,1332,10,post_filter,0.25,0.25,0.24999605944186448,uncorrelated,
111,1.0,False,2.357700010179542,2445,10,post_filter,0.25,0.25,0.24999605944186448,uncorrelated,
112,1.0,False,1.9366000051377341,1271,10,post_filter,0.25,0.25,0.24999605944186448,uncorrelated,
113,1.0,False,2.267699994263239,2219,10,post_filter,0.25,0.25,0.24999605944186448,uncorrelated,
114,1.0,False,2.169100000173785,1550,10,post_filter,0.25,0.25,0.24999605944186448,uncorrelated,
115,1.0,False,2.522900002077222,2450,10,post_filter,0.25,0.25,0.24999605944186448,uncorrelated,
116,1.0,False,1.6642999980831519,762,10,post_filter,0.25,0.25,0.24999605944186448,uncorrelated,
117,1.0,False,2.672500006156042,2928,10,post_filter,0.25,0.25,0.24999605944186448,uncorrelated,
118,1.0,False,2.410999994026497,2328,10,post_filter,0.25,0.25,0.24999605944186448,uncorrelated,
119,1.0,False,1.6707999893696979,806,10,post_filter,0.25,0.25,0.24999605944186448,uncorrelated,
120,1.0,False,2.317199992830865,2024,10,post_filter,0.25,0.25,0.24999605944186448,uncorrelated,
121,1.0,False,2.486700002918951,1794,10,post_filter,0.25,0.25,0.24999605944186448,uncorrelated,
122,1.0,False,2.389700006460771,2438,10,post_filter,0.25,0.25,0.24999605944186448,uncorrelated,
123,1.0,False,2.0847999985562637,1618,10,post_filter,0.25,0.25,0.24999605944186448,uncorrelated,
124,1.0,False,2.1711999870603904,1900,10,post_filter,0.25,0.25,0.24999605944186448,uncorrelated,
125,1.0,False,2.3615000100107864,2296,10,post_filter,0.25,0.25,0.24999605944186448,uncorrelated,
126,1.0,False,2.4403999996138737,2564,10,post_filter,0.25,0.25,0.24999605944186448,uncorrelated,
127,1.0,False,2.286000002641231,2336,10,post_filter,0.25,0.25,0.24999605944186448,uncorrelated,
128,1.0,False,2.6019000069936737,1979,10,post_filter,0.25,0.25,0.24999605944186448,uncorrelated,
129,1.0,False,2.1249000128591433,1639,10,post_filter,0.25,0.25,0.24999605944186448,uncorrelated,
130,1.0,False,2.416200004518032,2480,10,post_filter,0.25,0.25,0.24999605944186448,uncorrelated,
131,1.0,False,2.2653000050922856,2079,10,post_filter,0.25,0.25,0.24999605944186448,uncorrelated,
132,1.0,False,2.469799990649335,2612,10,post_filter,0.25,0.25,0.24999605944186448,uncorrelated,
133,1.0,False,2.3658999998588115,2541,10,post_filter,0.25,0.25,0.24999605944186448,uncorrelated,
134,1.0,False,1.86829999438487,1233,10,post_filter,0.25,0.25,0.24999605944186448,uncorrelated,
135,1.0,False,3.607399994507432,2314,10,post_filter,0.25,0.25,0.24999605944186448,uncorrelated,
136,1.0,False,2.3527000012109056,2508,10,post_filter,0.25,0.25,0.24999605944186448,uncorrelated,
137,1.0,False,2.428100007819012,2542,10,post_filter,0.25,0.25,0.24999605944186448,uncorrelated,
138,1.0,False,2.3141999990912154,2037,10,post_filter,0.25,0.25,0.24999605944186448,uncorrelated,
139,1.0,False,2.221700007794425,2114,10,post_filter,0.25,0.25,0.24999605944186448,uncorrelated,
140,1.0,False,2.3218999995151535,2307,10,post_filter,0.25,0.25,0.24999605944186448,uncorrelated,
141,1.0,False,2.81429999449756,1679,10,post_filter,0.25,0.25,0.24999605944186448,uncorrelated,
142,1.0,False,2.8891000110888854,2470,10,post_filter,0.25,0.25,0.24999605944186448,uncorrelated,
143,1.0,False,2.092599999741651,1466,10,post_filter,0.25,0.25,0.24999605944186448,uncorrelated,
144,1.0,False,2.1895999961998314,1929,10,post_filter,0.25,0.25,0.24999605944186448,uncorrelated,
145,1.0,False,2.0456000056583434,1624,10,post_filter,0.25,0.25,0.24999605944186448,uncorrelated,
146,1.0,False,2.483599993865937,2292,10,post_filter,0.25,0.25,0.24999605944186448,uncorrelated,
147,1.0,False,2.8386999911163002,2355,10,post_filter,0.25,0.25,0.24999605944186448,uncorrelated,
148,1.0,False,2.5247000012313947,2025,10,post_filter,0.25,0.25,0.24999605944186448,uncorrelated,
149,1.0,False,2.3837000044295564,2128,10,post_filter,0.25,0.25,0.24999605944186448,uncorrelated,
150,0.9,False,2.355299991904758,2323,10,post_filter,0.25,0.25,0.24999605944186448,uncorrelated,
151,1.0,False,1.8177999882027507,969,10,post_filter,0.25,0.25,0.24999605944186448,uncorrelated,
152,1.0,False,2.355899996473454,2188,10,post_filter,0.25,0.25,0.24999605944186448,uncorrelated,
153,1.0,False,2.2152000019559637,2027,10,post_filter,0.25,0.25,0.24999605944186448,uncorrelated,
154,0.9,False,2.5748000043677166,2109,10,post_filter,0.25,0.25,0.24999605944186448,uncorrelated,
155,1.0,False,2.346999986912124,2264,10,post_filter,0.25,0.25,0.24999605944186448,uncorrelated,
156,1.0,False,2.3569000040879473,2488,10,post_filter,0.25,0.25,0.24999605944186448,uncorrelated,
157,1.0,False,2.4685999960638583,2664,10,post_filter,0.25,0.25,0.24999605944186448,uncorrelated,
158,1.0,False,2.3099000100046396,2376,10,post_filter,0.25,0.25,0.24999605944186448,uncorrelated,
159,1.0,False,2.2834999981569126,2355,10,post_filter,0.25,0.25,0.24999605944186448,uncorrelated,
160,1.0,False,2.53060000250116,2489,10,post_filter,0.25,0.25,0.24999605944186448,uncorrelated,
161,1.0,False,2.3397000040858984,2348,10,post_filter,0.25,0.25,0.24999605944186448,uncorrelated,
162,1.0,False,2.378999997745268,2709,10,post_filter,0.25,0.25,0.24999605944186448,uncorrelated,
163,0.9,False,2.3252999963006005,2350,10,post_filter,0.25,0.25,0.24999605944186448,uncorrelated,
164,1.0,False,2.1858999971300364,2147,10,post_filter,0.25,0.25,0.24999605944186448,uncorrelated,
165,1.0,False,2.1643000072799623,2063,10,post_filter,0.25,0.25,0.24999605944186448,uncorrelated,
166,1.0,False,2.371900001890026,2172,10,post_filter,0.25,0.25,0.24999605944186448,uncorrelated,
167,1.0,False,2.483000003849156,2484,10,post_filter,0.25,0.25,0.24999605944186448,uncorrelated,
168,1.0,False,2.2203000116860494,2184,10,post_filter,0.25,0.25,0.24999605944186448,uncorrelated,
169,1.0,False,2.2862000041641295,2086,10,post_filter,0.25,0.25,0.24999605944186448,uncorrelated,
170,1.0,False,2.22829999984242,2241,10,post_filter,0.25,0.25,0.24999605944186448,uncorrelated,
171,1.0,False,2.546699994127266,2271,10,post_filter,0.25,0.25,0.24999605944186448,uncorrelated,
172,1.0,False,2.374000003328547,2443,10,post_filter,0.25,0.25,0.24999605944186448,uncorrelated,
173,1.0,False,2.235599997220561,2155,10,post_filter,0.25,0.25,0.24999605944186448,uncorrelated,
174,1.0,False,2.6729999954113737,2139,10,post_filter,0.25,0.25,0.24999605944186448,uncorrelated,
175,1.0,False,2.6301000034436584,2363,10,post_filter,0.25,0.25,0.24999605944186448,uncorrelated,
176,1.0,False,2.3145000013755634,2455,10,post_filter,0.25,0.25,0.24999605944186448,uncorrelated,
177,1.0,False,2.3071000032359734,2376,10,post_filter,0.25,0.25,0.24999605944186448,uncorrelated,
178,1.0,False,2.5046999944606796,2191,10,post_filter,0.25,0.25,0.24999605944186448,uncorrelated,
179,1.0,False,2.2712000063620508,2188,10,post_filter,0.25,0.25,0.24999605944186448,uncorrelated,
180,1.0,False,2.7412999916123226,1923,10,post_filter,0.25,0.25,0.24999605944186448,uncorrelated,
181,1.0,False,2.471200001309626,2383,10,post_filter,0.25,0.25,0.24999605944186448,uncorrelated,
182,1.0,False,2.3213000094983727,2143,10,post_filter,0.25,0.25,0.24999605944186448,uncorrelated,
183,1.0,False,2.2982000082265586,2261,10,post_filter,0.25,0.25,0.24999605944186448,uncorrelated,
184,1.0,False,2.328800008399412,2281,10,post_filter,0.25,0.25,0.24999605944186448,uncorrelated,
185,1.0,False,1.6895000007934868,780,10,post_filter,0.25,0.25,0.24999605944186448,uncorrelated,
186,1.0,False,2.0628999918699265,1660,10,post_filter,0.25,0.25,0.24999605944186448,uncorrelated,
187,1.0,False,2.7325999981258065,2542,10,post_filter,0.25,0.25,0.24999605944186448,uncorrelated,
188,1.0,False,2.2878000017954037,2065,10,post_filter,0.25,0.25,0.24999605944186448,uncorrelated,
189,1.0,False,2.2262999991653487,2231,10,post_filter,0.25,0.25,0.24999605944186448,uncorrelated,
190,1.0,False,2.0798000041395426,1629,10,post_filter,0.25,0.25,0.24999605944186448,uncorrelated,
191,1.0,False,2.3551000049337745,2598,10,post_filter,0.25,0.25,0.24999605944186448,uncorrelated,
192,1.0,False,2.469099999871105,2840,10,post_filter,0.25,0.25,0.24999605944186448,uncorrelated,
193,1.0,False,2.2730999917257577,2013,10,post_filter,0.25,0.25,0.24999605944186448,uncorrelated,
194,1.0,False,2.593099998193793,2400,10,post_filter,0.25,0.25,0.24999605944186448,uncorrelated,
195,1.0,False,2.414699993096292,2504,10,post_filter,0.25,0.25,0.24999605944186448,uncorrelated,
196,1.0,False,2.5760999997146428,2607,10,post_filter,0.25,0.25,0.24999605944186448,uncorrelated,
197,1.0,False,2.446600003167987,2528,10,post_filter,0.25,0.25,0.24999605944186448,uncorrelated,
198,1.0,False,2.0112000056542456,1277,10,post_filter,0.25,0.25,0.24999605944186448,uncorrelated,
199,1.0,False,2.521100002923049,2771,10,post_filter,0.25,0.25,0.24999605944186448,uncorrelated,
20,1.0,False,15.335800009779632,8571,10,predicate_aware,0.25,0.25,0.24999605944186448,uncorrelated,
21,1.0,False,20.532700000330806,14249,10,predicate_aware,0.25,0.25,0.24999605944186448,uncorrelated,
22,1.0,False,18.530000001192093,12032,10,predicate_aware,0.25,0.25,0.24999605944186448,uncorrelated,
23,1.0,False,19.306500005768612,13559,10,predicate_aware,0.25,0.25,0.24999605944186448,uncorrelated,
24,1.0,False,23.656400007894263,15947,10,predicate_aware,0.25,0.25,0.24999605944186448,uncorrelated,
25,1.0,False,20.910999999614432,15645,10,predicate_aware,0.25,0.25,0.24999605944186448,uncorrelated,
26,1.0,False,22.383799994713627,16022,10,predicate_aware,0.25,0.25,0.24999605944186448,uncorrelated,
27,1.0,False,21.923899999819696,15583,10,predicate_aware,0.25,0.25,0.24999605944186448,uncorrelated,
28,1.0,False,21.5771999937715,15293,10,predicate_aware,0.25,0.25,0.24999605944186448,uncorrelated,
29,1.0,False,16.511800000444055,6968,10,predicate_aware,0.25,0.25,0.24999605944186448,uncorrelated,
30,1.0,False,20.177700003841892,13680,10,predicate_aware,0.25,0.25,0.24999605944186448,uncorrelated,
31,1.0,False,21.09010001004208,16189,10,predicate_aware,0.25,0.25,0.24999605944186448,uncorrelated,
32,1.0,False,23.09989999048412,17028,10,predicate_aware,0.25,0.25,0.24999605944186448,uncorrelated,
33,1.0,False,21.066099987365305,14573,10,predicate_aware,0.25,0.25,0.24999605944186448,uncorrelated,
34,1.0,False,21.89800000633113,16576,10,predicate_aware,0.25,0.25,0.24999605944186448,uncorrelated,
35,1.0,False,24.505699999281205,17183,10,predicate_aware,0.25,0.25,0.24999605944186448,uncorrelated,
36,1.0,False,34.236699997563846,19127,10,predicate_aware,0.25,0.25,0.24999605944186448,uncorrelated,
37,1.0,False,20.27490000182297,13064,10,predicate_aware,0.25,0.25,0.24999605944186448,uncorrelated,
38,1.0,False,22.644900003797375,16593,10,predicate_aware,0.25,0.25,0.24999605944186448,uncorrelated,
39,1.0,False,16.88359999388922,8745,10,predicate_aware,0.25,0.25,0.24999605944186448,uncorrelated,
40,1.0,False,24.671999999554828,17794,10,predicate_aware,0.25,0.25,0.24999605944186448,uncorrelated,
41,1.0,False,14.223100006347522,7282,10,predicate_aware,0.25,0.25,0.24999605944186448,uncorrelated,
42,1.0,False,23.763900011545047,15064,10,predicate_aware,0.25,0.25,0.24999605944186448,uncorrelated,
43,1.0,False,25.200899995979853,17464,10,predicate_aware,0.25,0.25,0.24999605944186448,uncorrelated,
44,1.0,False,19.866700007696636,11192,10,predicate_aware,0.25,0.25,0.24999605944186448,uncorrelated,
45,1.0,False,22.571800000150688,14579,10,predicate_aware,0.25,0.25,0.24999605944186448,uncorrelated,
46,1.0,False,16.956600011326373,9987,10,predicate_aware,0.25,0.25,0.24999605944186448,uncorrelated,
47,1.0,False,24.82780000718776,18728,10,predicate_aware,0.25,0.25,0.24999605944186448,uncorrelated,
48,1.0,False,21.926899993559346,16101,10,predicate_aware,0.25,0.25,0.24999605944186448,uncorrelated,
49,1.0,False,19.093599999905564,12832,10,predicate_aware,0.25,0.25,0.24999605944186448,uncorrelated,
50,1.0,False,21.487399993930012,16432,10,predicate_aware,0.25,0.25,0.24999605944186448,uncorrelated,
51,1.0,False,18.406599992886186,11313,10,predicate_aware,0.25,0.25,0.24999605944186448,uncorrelated,
52,1.0,False,21.701000005123205,15091,10,predicate_aware,0.25,0.25,0.24999605944186448,uncorrelated,
53,1.0,False,20.217500001308508,15034,10,predicate_aware,0.25,0.25,0.24999605944186448,uncorrelated,
54,1.0,False,11.576900011277758,5701,10,predicate_aware,0.25,0.25,0.24999605944186448,uncorrelated,
55,1.0,False,14.15439999254886,8384,10,predicate_aware,0.25,0.25,0.24999605944186448,uncorrelated,
56,1.0,False,20.37330000894144,12611,10,predicate_aware,0.25,0.25,0.24999605944186448,uncorrelated,
57,1.0,False,19.558299987693317,14793,10,predicate_aware,0.25,0.25,0.24999605944186448,uncorrelated,
58,1.0,False,23.574899998493493,17818,10,predicate_aware,0.25,0.25,0.24999605944186448,uncorrelated,
59,1.0,False,14.411100011784583,7243,10,predicate_aware,0.25,0.25,0.24999605944186448,uncorrelated,
60,1.0,False,23.640900006284937,17661,10,predicate_aware,0.25,0.25,0.24999605944186448,uncorrelated,
61,1.0,False,21.327399997971952,12827,10,predicate_aware,0.25,0.25,0.24999605944186448,uncorrelated,
62,1.0,False,13.6826999951154,6945,10,predicate_aware,0.25,0.25,0.24999605944186448,uncorrelated,
63,1.0,False,16.400900000007823,9556,10,predicate_aware,0.25,0.25,0.24999605944186448,uncorrelated,
64,1.0,False,16.94600000337232,10458,10,predicate_aware,0.25,0.25,0.24999605944186448,uncorrelated,
65,1.0,False,13.60999999451451,7966,10,predicate_aware,0.25,0.25,0.24999605944186448,uncorrelated,
66,1.0,False,17.896000004839152,10929,10,predicate_aware,0.25,0.25,0.24999605944186448,uncorrelated,
67,1.0,False,17.40070000232663,9340,10,predicate_aware,0.25,0.25,0.24999605944186448,uncorrelated,
68,1.0,False,16.267500002868474,9471,10,predicate_aware,0.25,0.25,0.24999605944186448,uncorrelated,
69,1.0,False,22.341500007314608,16907,10,predicate_aware,0.25,0.25,0.24999605944186448,uncorrelated,
70,1.0,False,12.246700003743172,6057,10,predicate_aware,0.25,0.25,0.24999605944186448,uncorrelated,
71,1.0,False,18.242699996335432,11100,10,predicate_aware,0.25,0.25,0.24999605944186448,uncorrelated,
72,1.0,False,25.08149998902809,20443,10,predicate_aware,0.25,0.25,0.24999605944186448,uncorrelated,
73,1.0,False,19.580599997425452,13477,10,predicate_aware,0.25,0.25,0.24999605944186448,uncorrelated,
74,1.0,False,21.264199996949174,14930,10,predicate_aware,0.25,0.25,0.24999605944186448,uncorrelated,
75,1.0,False,24.476399994455278,18815,10,predicate_aware,0.25,0.25,0.24999605944186448,uncorrelated,
76,1.0,False,17.697899995255284,11377,10,predicate_aware,0.25,0.25,0.24999605944186448,uncorrelated,
77,1.0,False,24.97239998774603,15849,10,predicate_aware,0.25,0.25,0.24999605944186448,uncorrelated,
78,1.0,False,21.674600007827394,14620,10,predicate_aware,0.25,0.25,0.24999605944186448,uncorrelated,
79,1.0,False,13.506100003723986,6715,10,predicate_aware,0.25,0.25,0.24999605944186448,uncorrelated,
80,1.0,False,19.9436999973841,12412,10,predicate_aware,0.25,0.25,0.24999605944186448,uncorrelated,
81,1.0,False,21.563500005868264,16845,10,predicate_aware,0.25,0.25,0.24999605944186448,uncorrelated,
82,1.0,False,25.359699997352436,16671,10,predicate_aware,0.25,0.25,0.24999605944186448,uncorrelated,
83,1.0,False,19.89480000338517,13627,10,predicate_aware,0.25,0.25,0.24999605944186448,uncorrelated,
84,1.0,False,23.02560000680387,17247,10,predicate_aware,0.25,0.25,0.24999605944186448,uncorrelated,
85,1.0,False,19.91709999856539,12162,10,predicate_aware,0.25,0.25,0.24999605944186448,uncorrelated,
86,1.0,False,16.86139999947045,10089,10,predicate_aware,0.25,0.25,0.24999605944186448,uncorrelated,
87,1.0,False,15.20360000722576,8462,10,predicate_aware,0.25,0.25,0.24999605944186448,uncorrelated,
88,1.0,False,16.783899991423823,9693,10,predicate_aware,0.25,0.25,0.24999605944186448,uncorrelated,
89,1.0,False,15.120900003239512,7896,10,predicate_aware,0.25,0.25,0.24999605944186448,uncorrelated,
90,1.0,False,22.918100003153086,10845,10,predicate_aware,0.25,0.25,0.24999605944186448,uncorrelated,
91,1.0,False,21.343899992643856,11728,10,predicate_aware,0.25,0.25,0.24999605944186448,uncorrelated,
92,1.0,False,26.44910001254175,17219,10,predicate_aware,0.25,0.25,0.24999605944186448,uncorrelated,
93,1.0,False,19.002700006240048,9869,10,predicate_aware,0.25,0.25,0.24999605944186448,uncorrelated,
94,1.0,False,14.244200006942265,8212,10,predicate_aware,0.25,0.25,0.24999605944186448,uncorrelated,
95,1.0,False,23.065899993525818,15526,10,predicate_aware,0.25,0.25,0.24999605944186448,uncorrelated,
96,1.0,False,23.68220000062138,16657,10,predicate_aware,0.25,0.25,0.24999605944186448,uncorrelated,
97,1.0,False,17.860400010249577,11389,10,predicate_aware,0.25,0.25,0.24999605944186448,uncorrelated,
98,1.0,False,11.552099997061305,5930,10,predicate_aware,0.25,0.25,0.24999605944186448,uncorrelated,
99,1.0,False,21.64930000435561,14625,10,predicate_aware,0.25,0.25,0.24999605944186448,uncorrelated,
100,1.0,False,19.34879999316763,13395,10,predicate_aware,0.25,0.25,0.24999605944186448,uncorrelated,
101,1.0,False,18.088600001647137,11868,10,predicate_aware,0.25,0.25,0.24999605944186448,uncorrelated,
102,1.0,False,23.27530000184197,16823,10,predicate_aware,0.25,0.25,0.24999605944186448,uncorrelated,
103,1.0,False,22.908400002052076,15478,10,predicate_aware,0.25,0.25,0.24999605944186448,uncorrelated,
104,1.0,False,15.5086000013398,8893,10,predicate_aware,0.25,0.25,0.24999605944186448,uncorrelated,
105,1.0,False,19.185099998139776,11719,10,predicate_aware,0.25,0.25,0.24999605944186448,uncorrelated,
106,1.0,False,14.150100003462285,7813,10,predicate_aware,0.25,0.25,0.24999605944186448,uncorrelated,
107,1.0,False,13.1721999932779,7556,10,predicate_aware,0.25,0.25,0.24999605944186448,uncorrelated,
108,1.0,False,13.173300001653843,6354,10,predicate_aware,0.25,0.25,0.24999605944186448,uncorrelated,
109,1.0,False,18.72529998945538,11938,10,predicate_aware,0.25,0.25,0.24999605944186448,uncorrelated,
110,1.0,False,13.573300006100908,7960,10,predicate_aware,0.25,0.25,0.24999605944186448,uncorrelated,
111,1.0,False,20.744500012369826,15433,10,predicate_aware,0.25,0.25,0.24999605944186448,uncorrelated,
112,1.0,False,16.35149998764973,9476,10,predicate_aware,0.25,0.25,0.24999605944186448,uncorrelated,
113,1.0,False,20.800600002985448,14097,10,predicate_aware,0.25,0.25,0.24999605944186448,uncorrelated,
114,1.0,False,21.325200010323897,12143,10,predicate_aware,0.25,0.25,0.24999605944186448,uncorrelated,
115,1.0,False,21.70789999945555,15643,10,predicate_aware,0.25,0.25,0.24999605944186448,uncorrelated,
116,1.0,False,14.009600010467693,6751,10,predicate_aware,0.25,0.25,0.24999605944186448,uncorrelated,
117,1.0,False,23.866100003942847,19986,10,predicate_aware,0.25,0.25,0.24999605944186448,uncorrelated,
118,1.0,False,21.193300010054372,15447,10,predicate_aware,0.25,0.25,0.24999605944186448,uncorrelated,
119,1.0,False,14.759999990928918,7704,10,predicate_aware,0.25,0.25,0.24999605944186448,uncorrelated,
120,1.0,False,23.141600002418272,13536,10,predicate_aware,0.25,0.25,0.24999605944186448,uncorrelated,
121,1.0,False,19.181199997547083,12247,10,predicate_aware,0.25,0.25,0.24999605944186448,uncorrelated,
122,1.0,False,23.313500001677312,17652,10,predicate_aware,0.25,0.25,0.24999605944186448,uncorrelated,
123,1.0,False,18.7727000011364,11988,10,predicate_aware,0.25,0.25,0.24999605944186448,uncorrelated,
124,1.0,False,20.866799997747876,14656,10,predicate_aware,0.25,0.25,0.24999605944186448,uncorrelated,
125,1.0,False,21.434000009321608,14594,10,predicate_aware,0.25,0.25,0.24999605944186448,uncorrelated,
126,1.0,False,21.228900004643947,15829,10,predicate_aware,0.25,0.25,0.24999605944186448,uncorrelated,
127,1.0,False,21.718300005886704,14924,10,predicate_aware,0.25,0.25,0.24999605944186448,uncorrelated,
128,1.0,False,20.43720000074245,13968,10,predicate_aware,0.25,0.25,0.24999605944186448,uncorrelated,
129,1.0,False,21.682699996745214,12844,10,predicate_aware,0.25,0.25,0.24999605944186448,uncorrelated,
130,1.0,False,27.776400005677715,19674,10,predicate_aware,0.25,0.25,0.24999605944186448,uncorrelated,
131,1.0,False,22.75470001040958,14302,10,predicate_aware,0.25,0.25,0.24999605944186448,uncorrelated,
132,1.0,False,26.152900012675673,18593,10,predicate_aware,0.25,0.25,0.24999605944186448,uncorrelated,
133,1.0,False,21.730299995397218,15645,10,predicate_aware,0.25,0.25,0.24999605944186448,uncorrelated,
134,1.0,False,16.551399996387772,8392,10,predicate_aware,0.25,0.25,0.24999605944186448,uncorrelated,
135,1.0,False,26.55850000155624,16116,10,predicate_aware,0.25,0.25,0.24999605944186448,uncorrelated,
136,1.0,False,26.30219999991823,16962,10,predicate_aware,0.25,0.25,0.24999605944186448,uncorrelated,
137,1.0,False,22.762900000088848,18192,10,predicate_aware,0.25,0.25,0.24999605944186448,uncorrelated,
138,1.0,False,20.89999998861458,13507,10,predicate_aware,0.25,0.25,0.24999605944186448,uncorrelated,
139,1.0,False,23.097400000551715,14640,10,predicate_aware,0.25,0.25,0.24999605944186448,uncorrelated,
140,1.0,False,26.378499998827465,17089,10,predicate_aware,0.25,0.25,0.24999605944186448,uncorrelated,
141,1.0,False,20.860199991147965,13162,10,predicate_aware,0.25,0.25,0.24999605944186448,uncorrelated,
142,1.0,False,24.863200000254437,17813,10,predicate_aware,0.25,0.25,0.24999605944186448,uncorrelated,
143,1.0,False,16.827800005557947,9974,10,predicate_aware,0.25,0.25,0.24999605944186448,uncorrelated,
144,1.0,False,22.79070000804495,14807,10,predicate_aware,0.25,0.25,0.24999605944186448,uncorrelated,
145,1.0,False,19.6262000099523,11977,10,predicate_aware,0.25,0.25,0.24999605944186448,uncorrelated,
146,1.0,False,20.729299998492934,15081,10,predicate_aware,0.25,0.25,0.24999605944186448,uncorrelated,
147,1.0,False,23.134100003517233,15775,10,predicate_aware,0.25,0.25,0.24999605944186448,uncorrelated,
148,1.0,False,22.579800002858974,15470,10,predicate_aware,0.25,0.25,0.24999605944186448,uncorrelated,
149,1.0,False,25.835300009930506,19440,10,predicate_aware,0.25,0.25,0.24999605944186448,uncorrelated,
150,1.0,False,22.330400010105222,16725,10,predicate_aware,0.25,0.25,0.24999605944186448,uncorrelated,
151,1.0,False,11.27640000777319,5613,10,predicate_aware,0.25,0.25,0.24999605944186448,uncorrelated,
152,1.0,False,23.0405000038445,16590,10,predicate_aware,0.25,0.25,0.24999605944186448,uncorrelated,
153,1.0,False,20.861600001808256,14200,10,predicate_aware,0.25,0.25,0.24999605944186448,uncorrelated,
154,1.0,False,21.691900008590892,17089,10,predicate_aware,0.25,0.25,0.24999605944186448,uncorrelated,
155,1.0,False,18.848699997761287,12983,10,predicate_aware,0.25,0.25,0.24999605944186448,uncorrelated,
156,1.0,False,23.455799993826076,15346,10,predicate_aware,0.25,0.25,0.24999605944186448,uncorrelated,
157,1.0,False,23.671699993428774,18091,10,predicate_aware,0.25,0.25,0.24999605944186448,uncorrelated,
158,1.0,False,20.666099997470155,15725,10,predicate_aware,0.25,0.25,0.24999605944186448,uncorrelated,
159,1.0,False,20.733099998324178,15311,10,predicate_aware,0.25,0.25,0.24999605944186448,uncorrelated,
160,1.0,False,19.845699993311428,14818,10,predicate_aware,0.25,0.25,0.24999605944186448,uncorrelated,
161,1.0,False,23.112499999115244,15943,10,predicate_aware,0.25,0.25,0.24999605944186448,uncorrelated,
162,1.0,False,22.732199999154545,18222,10,predicate_aware,0.25,0.25,0.24999605944186448,uncorrelated,
163,1.0,False,21.441500008222647,15737,10,predicate_aware,0.25,0.25,0.24999605944186448,uncorrelated,
164,1.0,False,18.461899991962127,13377,10,predicate_aware,0.25,0.25,0.24999605944186448,uncorrelated,
165,1.0,False,22.333499990054406,14119,10,predicate_aware,0.25,0.25,0.24999605944186448,uncorrelated,
166,1.0,False,22.487800000817515,14896,10,predicate_aware,0.25,0.25,0.24999605944186448,uncorrelated,
167,1.0,False,23.022800000035204,17405,10,predicate_aware,0.25,0.25,0.24999605944186448,uncorrelated,
168,1.0,False,23.19500000157859,15519,10,predicate_aware,0.25,0.25,0.24999605944186448,uncorrelated,
169,1.0,False,19.64259998931084,13886,10,predicate_aware,0.25,0.25,0.24999605944186448,uncorrelated,
170,1.0,False,21.067399997264147,14863,10,predicate_aware,0.25,0.25,0.24999605944186448,uncorrelated,
171,1.0,False,22.44020000216551,15587,10,predicate_aware,0.25,0.25,0.24999605944186448,uncorrelated,
172,1.0,False,25.384299995494075,18558,10,predicate_aware,0.25,0.25,0.24999605944186448,uncorrelated,
173,1.0,False,20.0458999897819,14824,10,predicate_aware,0.25,0.25,0.24999605944186448,uncorrelated,
174,1.0,False,25.868299999274313,16461,10,predicate_aware,0.25,0.25,0.24999605944186448,uncorrelated,
175,1.0,False,30.78920001280494,16264,10,predicate_aware,0.25,0.25,0.24999605944186448,uncorrelated,
176,1.0,False,29.01420000125654,18149,10,predicate_aware,0.25,0.25,0.24999605944186448,uncorrelated,
177,1.0,False,25.724500010255724,15317,10,predicate_aware,0.25,0.25,0.24999605944186448,uncorrelated,
178,1.0,False,26.001199992606416,14192,10,predicate_aware,0.25,0.25,0.24999605944186448,uncorrelated,
179,1.0,False,20.44680000108201,13681,10,predicate_aware,0.25,0.25,0.24999605944186448,uncorrelated,
180,1.0,False,20.661000002291985,11776,10,predicate_aware,0.25,0.25,0.24999605944186448,uncorrelated,
181,1.0,False,22.827499997220002,15358,10,predicate_aware,0.25,0.25,0.24999605944186448,uncorrelated,
182,1.0,False,23.160600001574494,14163,10,predicate_aware,0.25,0.25,0.24999605944186448,uncorrelated,
183,1.0,False,22.98249999876134,14450,10,predicate_aware,0.25,0.25,0.24999605944186448,uncorrelated,
184,1.0,False,22.085500007960945,15258,10,predicate_aware,0.25,0.25,0.24999605944186448,uncorrelated,
185,1.0,False,12.756900003296323,6243,10,predicate_aware,0.25,0.25,0.24999605944186448,uncorrelated,
186,1.0,False,21.588499992503785,13326,10,predicate_aware,0.25,0.25,0.24999605944186448,uncorrelated,
187,1.0,False,24.539300007745624,17395,10,predicate_aware,0.25,0.25,0.24999605944186448,uncorrelated,
188,1.0,False,19.836000006762333,14585,10,predicate_aware,0.25,0.25,0.24999605944186448,uncorrelated,
189,1.0,False,21.92549999745097,17100,10,predicate_aware,0.25,0.25,0.24999605944186448,uncorrelated,
190,1.0,False,20.905099998344667,13987,10,predicate_aware,0.25,0.25,0.24999605944186448,uncorrelated,
191,1.0,False,21.249899989925325,16609,10,predicate_aware,0.25,0.25,0.24999605944186448,uncorrelated,
192,1.0,False,22.98329999030102,17179,10,predicate_aware,0.25,0.25,0.24999605944186448,uncorrelated,
193,1.0,False,19.151600004988723,12435,10,predicate_aware,0.25,0.25,0.24999605944186448,uncorrelated,
194,1.0,False,25.423599989153445,18616,10,predicate_aware,0.25,0.25,0.24999605944186448,uncorrelated,
195,1.0,False,23.6670000012964,18043,10,predicate_aware,0.25,0.25,0.24999605944186448,uncorrelated,
196,1.0,False,24.08790000481531,17647,10,predicate_aware,0.25,0.25,0.24999605944186448,uncorrelated,
197,1.0,False,21.31710000685416,15248,10,predicate_aware,0.25,0.25,0.24999605944186448,uncorrelated,
198,1.0,False,16.11520000733435,8045,10,predicate_aware,0.25,0.25,0.24999605944186448,uncorrelated,
199,1.0,False,34.32230000908021,18255,10,predicate_aware,0.25,0.25,0.24999605944186448,uncorrelated,
20,1.0,False,15.335800009779632,8571,10,planner,0.25,0.25,0.24999605944186448,uncorrelated,"predicate_aware: ŝ=0.2500 -> cost=106 < pre_filter=25000, post_filter=263"
21,1.0,False,20.532700000330806,14249,10,planner,0.25,0.25,0.24999605944186448,uncorrelated,"predicate_aware: ŝ=0.2500 -> cost=106 < pre_filter=25000, post_filter=263"
22,1.0,False,18.530000001192093,12032,10,planner,0.25,0.25,0.24999605944186448,uncorrelated,"predicate_aware: ŝ=0.2500 -> cost=106 < pre_filter=25000, post_filter=263"
23,1.0,False,19.306500005768612,13559,10,planner,0.25,0.25,0.24999605944186448,uncorrelated,"predicate_aware: ŝ=0.2500 -> cost=106 < pre_filter=25000, post_filter=263"
24,1.0,False,23.656400007894263,15947,10,planner,0.25,0.25,0.24999605944186448,uncorrelated,"predicate_aware: ŝ=0.2500 -> cost=106 < pre_filter=25000, post_filter=263"
25,1.0,False,20.910999999614432,15645,10,planner,0.25,0.25,0.24999605944186448,uncorrelated,"predicate_aware: ŝ=0.2500 -> cost=106 < pre_filter=25000, post_filter=263"
26,1.0,False,22.383799994713627,16022,10,planner,0.25,0.25,0.24999605944186448,uncorrelated,"predicate_aware: ŝ=0.2500 -> cost=106 < pre_filter=25000, post_filter=263"
27,1.0,False,21.923899999819696,15583,10,planner,0.25,0.25,0.24999605944186448,uncorrelated,"predicate_aware: ŝ=0.2500 -> cost=106 < pre_filter=25000, post_filter=263"
28,1.0,False,21.5771999937715,15293,10,planner,0.25,0.25,0.24999605944186448,uncorrelated,"predicate_aware: ŝ=0.2500 -> cost=106 < pre_filter=25000, post_filter=263"
29,1.0,False,16.511800000444055,6968,10,planner,0.25,0.25,0.24999605944186448,uncorrelated,"predicate_aware: ŝ=0.2500 -> cost=106 < pre_filter=25000, post_filter=263"
30,1.0,False,20.177700003841892,13680,10,planner,0.25,0.25,0.24999605944186448,uncorrelated,"predicate_aware: ŝ=0.2500 -> cost=106 < pre_filter=25000, post_filter=263"
31,1.0,False,21.09010001004208,16189,10,planner,0.25,0.25,0.24999605944186448,uncorrelated,"predicate_aware: ŝ=0.2500 -> cost=106 < pre_filter=25000, post_filter=263"
32,1.0,False,23.09989999048412,17028,10,planner,0.25,0.25,0.24999605944186448,uncorrelated,"predicate_aware: ŝ=0.2500 -> cost=106 < pre_filter=25000, post_filter=263"
33,1.0,False,21.066099987365305,14573,10,planner,0.25,0.25,0.24999605944186448,uncorrelated,"predicate_aware: ŝ=0.2500 -> cost=106 < pre_filter=25000, post_filter=263"
34,1.0,False,21.89800000633113,16576,10,planner,0.25,0.25,0.24999605944186448,uncorrelated,"predicate_aware: ŝ=0.2500 -> cost=106 < pre_filter=25000, post_filter=263"
35,1.0,False,24.505699999281205,17183,10,planner,0.25,0.25,0.24999605944186448,uncorrelated,"predicate_aware: ŝ=0.2500 -> cost=106 < pre_filter=25000, post_filter=263"
36,1.0,False,34.236699997563846,19127,10,planner,0.25,0.25,0.24999605944186448,uncorrelated,"predicate_aware: ŝ=0.2500 -> cost=106 < pre_filter=25000, post_filter=263"
37,1.0,False,20.27490000182297,13064,10,planner,0.25,0.25,0.24999605944186448,uncorrelated,"predicate_aware: ŝ=0.2500 -> cost=106 < pre_filter=25000, post_filter=263"
38,1.0,False,22.644900003797375,16593,10,planner,0.25,0.25,0.24999605944186448,uncorrelated,"predicate_aware: ŝ=0.2500 -> cost=106 < pre_filter=25000, post_filter=263"
39,1.0,False,16.88359999388922,8745,10,planner,0.25,0.25,0.24999605944186448,uncorrelated,"predicate_aware: ŝ=0.2500 -> cost=106 < pre_filter=25000, post_filter=263"
40,1.0,False,24.671999999554828,17794,10,planner,0.25,0.25,0.24999605944186448,uncorrelated,"predicate_aware: ŝ=0.2500 -> cost=106 < pre_filter=25000, post_filter=263"
41,1.0,False,14.223100006347522,7282,10,planner,0.25,0.25,0.24999605944186448,uncorrelated,"predicate_aware: ŝ=0.2500 -> cost=106 < pre_filter=25000, post_filter=263"
42,1.0,False,23.763900011545047,15064,10,planner,0.25,0.25,0.24999605944186448,uncorrelated,"predicate_aware: ŝ=0.2500 -> cost=106 < pre_filter=25000, post_filter=263"
43,1.0,False,25.200899995979853,17464,10,planner,0.25,0.25,0.24999605944186448,uncorrelated,"predicate_aware: ŝ=0.2500 -> cost=106 < pre_filter=25000, post_filter=263"
44,1.0,False,19.866700007696636,11192,10,planner,0.25,0.25,0.24999605944186448,uncorrelated,"predicate_aware: ŝ=0.2500 -> cost=106 < pre_filter=25000, post_filter=263"
45,1.0,False,22.571800000150688,14579,10,planner,0.25,0.25,0.24999605944186448,uncorrelated,"predicate_aware: ŝ=0.2500 -> cost=106 < pre_filter=25000, post_filter=263"
46,1.0,False,16.956600011326373,9987,10,planner,0.25,0.25,0.24999605944186448,uncorrelated,"predicate_aware: ŝ=0.2500 -> cost=106 < pre_filter=25000, post_filter=263"
47,1.0,False,24.82780000718776,18728,10,planner,0.25,0.25,0.24999605944186448,uncorrelated,"predicate_aware: ŝ=0.2500 -> cost=106 < pre_filter=25000, post_filter=263"
48,1.0,False,21.926899993559346,16101,10,planner,0.25,0.25,0.24999605944186448,uncorrelated,"predicate_aware: ŝ=0.2500 -> cost=106 < pre_filter=25000, post_filter=263"
49,1.0,False,19.093599999905564,12832,10,planner,0.25,0.25,0.24999605944186448,uncorrelated,"predicate_aware: ŝ=0.2500 -> cost=106 < pre_filter=25000, post_filter=263"
50,1.0,False,21.487399993930012,16432,10,planner,0.25,0.25,0.24999605944186448,uncorrelated,"predicate_aware: ŝ=0.2500 -> cost=106 < pre_filter=25000, post_filter=263"
51,1.0,False,18.406599992886186,11313,10,planner,0.25,0.25,0.24999605944186448,uncorrelated,"predicate_aware: ŝ=0.2500 -> cost=106 < pre_filter=25000, post_filter=263"
52,1.0,False,21.701000005123205,15091,10,planner,0.25,0.25,0.24999605944186448,uncorrelated,"predicate_aware: ŝ=0.2500 -> cost=106 < pre_filter=25000, post_filter=263"
53,1.0,False,20.217500001308508,15034,10,planner,0.25,0.25,0.24999605944186448,uncorrelated,"predicate_aware: ŝ=0.2500 -> cost=106 < pre_filter=25000, post_filter=263"
54,1.0,False,11.576900011277758,5701,10,planner,0.25,0.25,0.24999605944186448,uncorrelated,"predicate_aware: ŝ=0.2500 -> cost=106 < pre_filter=25000, post_filter=263"
55,1.0,False,14.15439999254886,8384,10,planner,0.25,0.25,0.24999605944186448,uncorrelated,"predicate_aware: ŝ=0.2500 -> cost=106 < pre_filter=25000, post_filter=263"
56,1.0,False,20.37330000894144,12611,10,planner,0.25,0.25,0.24999605944186448,uncorrelated,"predicate_aware: ŝ=0.2500 -> cost=106 < pre_filter=25000, post_filter=263"
57,1.0,False,19.558299987693317,14793,10,planner,0.25,0.25,0.24999605944186448,uncorrelated,"predicate_aware: ŝ=0.2500 -> cost=106 < pre_filter=25000, post_filter=263"
58,1.0,False,23.574899998493493,17818,10,planner,0.25,0.25,0.24999605944186448,uncorrelated,"predicate_aware: ŝ=0.2500 -> cost=106 < pre_filter=25000, post_filter=263"
59,1.0,False,14.411100011784583,7243,10,planner,0.25,0.25,0.24999605944186448,uncorrelated,"predicate_aware: ŝ=0.2500 -> cost=106 < pre_filter=25000, post_filter=263"
60,1.0,False,23.640900006284937,17661,10,planner,0.25,0.25,0.24999605944186448,uncorrelated,"predicate_aware: ŝ=0.2500 -> cost=106 < pre_filter=25000, post_filter=263"
61,1.0,False,21.327399997971952,12827,10,planner,0.25,0.25,0.24999605944186448,uncorrelated,"predicate_aware: ŝ=0.2500 -> cost=106 < pre_filter=25000, post_filter=263"
62,1.0,False,13.6826999951154,6945,10,planner,0.25,0.25,0.24999605944186448,uncorrelated,"predicate_aware: ŝ=0.2500 -> cost=106 < pre_filter=25000, post_filter=263"
63,1.0,False,16.400900000007823,9556,10,planner,0.25,0.25,0.24999605944186448,uncorrelated,"predicate_aware: ŝ=0.2500 -> cost=106 < pre_filter=25000, post_filter=263"
64,1.0,False,16.94600000337232,10458,10,planner,0.25,0.25,0.24999605944186448,uncorrelated,"predicate_aware: ŝ=0.2500 -> cost=106 < pre_filter=25000, post_filter=263"
65,1.0,False,13.60999999451451,7966,10,planner,0.25,0.25,0.24999605944186448,uncorrelated,"predicate_aware: ŝ=0.2500 -> cost=106 < pre_filter=25000, post_filter=263"
66,1.0,False,17.896000004839152,10929,10,planner,0.25,0.25,0.24999605944186448,uncorrelated,"predicate_aware: ŝ=0.2500 -> cost=106 < pre_filter=25000, post_filter=263"
67,1.0,False,17.40070000232663,9340,10,planner,0.25,0.25,0.24999605944186448,uncorrelated,"predicate_aware: ŝ=0.2500 -> cost=106 < pre_filter=25000, post_filter=263"
68,1.0,False,16.267500002868474,9471,10,planner,0.25,0.25,0.24999605944186448,uncorrelated,"predicate_aware: ŝ=0.2500 -> cost=106 < pre_filter=25000, post_filter=263"
69,1.0,False,22.341500007314608,16907,10,planner,0.25,0.25,0.24999605944186448,uncorrelated,"predicate_aware: ŝ=0.2500 -> cost=106 < pre_filter=25000, post_filter=263"
70,1.0,False,12.246700003743172,6057,10,planner,0.25,0.25,0.24999605944186448,uncorrelated,"predicate_aware: ŝ=0.2500 -> cost=106 < pre_filter=25000, post_filter=263"
71,1.0,False,18.242699996335432,11100,10,planner,0.25,0.25,0.24999605944186448,uncorrelated,"predicate_aware: ŝ=0.2500 -> cost=106 < pre_filter=25000, post_filter=263"
72,1.0,False,25.08149998902809,20443,10,planner,0.25,0.25,0.24999605944186448,uncorrelated,"predicate_aware: ŝ=0.2500 -> cost=106 < pre_filter=25000, post_filter=263"
73,1.0,False,19.580599997425452,13477,10,planner,0.25,0.25,0.24999605944186448,uncorrelated,"predicate_aware: ŝ=0.2500 -> cost=106 < pre_filter=25000, post_filter=263"
74,1.0,False,21.264199996949174,14930,10,planner,0.25,0.25,0.24999605944186448,uncorrelated,"predicate_aware: ŝ=0.2500 -> cost=106 < pre_filter=25000, post_filter=263"
75,1.0,False,24.476399994455278,18815,10,planner,0.25,0.25,0.24999605944186448,uncorrelated,"predicate_aware: ŝ=0.2500 -> cost=106 < pre_filter=25000, post_filter=263"
76,1.0,False,17.697899995255284,11377,10,planner,0.25,0.25,0.24999605944186448,uncorrelated,"predicate_aware: ŝ=0.2500 -> cost=106 < pre_filter=25000, post_filter=263"
77,1.0,False,24.97239998774603,15849,10,planner,0.25,0.25,0.24999605944186448,uncorrelated,"predicate_aware: ŝ=0.2500 -> cost=106 < pre_filter=25000, post_filter=263"
78,1.0,False,21.674600007827394,14620,10,planner,0.25,0.25,0.24999605944186448,uncorrelated,"predicate_aware: ŝ=0.2500 -> cost=106 < pre_filter=25000, post_filter=263"
79,1.0,False,13.506100003723986,6715,10,planner,0.25,0.25,0.24999605944186448,uncorrelated,"predicate_aware: ŝ=0.2500 -> cost=106 < pre_filter=25000, post_filter=263"
80,1.0,False,19.9436999973841,12412,10,planner,0.25,0.25,0.24999605944186448,uncorrelated,"predicate_aware: ŝ=0.2500 -> cost=106 < pre_filter=25000, post_filter=263"
81,1.0,False,21.563500005868264,16845,10,planner,0.25,0.25,0.24999605944186448,uncorrelated,"predicate_aware: ŝ=0.2500 -> cost=106 < pre_filter=25000, post_filter=263"
82,1.0,False,25.359699997352436,16671,10,planner,0.25,0.25,0.24999605944186448,uncorrelated,"predicate_aware: ŝ=0.2500 -> cost=106 < pre_filter=25000, post_filter=263"
83,1.0,False,19.89480000338517,13627,10,planner,0.25,0.25,0.24999605944186448,uncorrelated,"predicate_aware: ŝ=0.2500 -> cost=106 < pre_filter=25000, post_filter=263"
84,1.0,False,23.02560000680387,17247,10,planner,0.25,0.25,0.24999605944186448,uncorrelated,"predicate_aware: ŝ=0.2500 -> cost=106 < pre_filter=25000, post_filter=263"
85,1.0,False,19.91709999856539,12162,10,planner,0.25,0.25,0.24999605944186448,uncorrelated,"predicate_aware: ŝ=0.2500 -> cost=106 < pre_filter=25000, post_filter=263"
86,1.0,False,16.86139999947045,10089,10,planner,0.25,0.25,0.24999605944186448,uncorrelated,"predicate_aware: ŝ=0.2500 -> cost=106 < pre_filter=25000, post_filter=263"
87,1.0,False,15.20360000722576,8462,10,planner,0.25,0.25,0.24999605944186448,uncorrelated,"predicate_aware: ŝ=0.2500 -> cost=106 < pre_filter=25000, post_filter=263"
88,1.0,False,16.783899991423823,9693,10,planner,0.25,0.25,0.24999605944186448,uncorrelated,"predicate_aware: ŝ=0.2500 -> cost=106 < pre_filter=25000, post_filter=263"
89,1.0,False,15.120900003239512,7896,10,planner,0.25,0.25,0.24999605944186448,uncorrelated,"predicate_aware: ŝ=0.2500 -> cost=106 < pre_filter=25000, post_filter=263"
90,1.0,False,22.918100003153086,10845,10,planner,0.25,0.25,0.24999605944186448,uncorrelated,"predicate_aware: ŝ=0.2500 -> cost=106 < pre_filter=25000, post_filter=263"
91,1.0,False,21.343899992643856,11728,10,planner,0.25,0.25,0.24999605944186448,uncorrelated,"predicate_aware: ŝ=0.2500 -> cost=106 < pre_filter=25000, post_filter=263"
92,1.0,False,26.44910001254175,17219,10,planner,0.25,0.25,0.24999605944186448,uncorrelated,"predicate_aware: ŝ=0.2500 -> cost=106 < pre_filter=25000, post_filter=263"
93,1.0,False,19.002700006240048,9869,10,planner,0.25,0.25,0.24999605944186448,uncorrelated,"predicate_aware: ŝ=0.2500 -> cost=106 < pre_filter=25000, post_filter=263"
94,1.0,False,14.244200006942265,8212,10,planner,0.25,0.25,0.24999605944186448,uncorrelated,"predicate_aware: ŝ=0.2500 -> cost=106 < pre_filter=25000, post_filter=263"
95,1.0,False,23.065899993525818,15526,10,planner,0.25,0.25,0.24999605944186448,uncorrelated,"predicate_aware: ŝ=0.2500 -> cost=106 < pre_filter=25000, post_filter=263"
96,1.0,False,23.68220000062138,16657,10,planner,0.25,0.25,0.24999605944186448,uncorrelated,"predicate_aware: ŝ=0.2500 -> cost=106 < pre_filter=25000, post_filter=263"
97,1.0,False,17.860400010249577,11389,10,planner,0.25,0.25,0.24999605944186448,uncorrelated,"predicate_aware: ŝ=0.2500 -> cost=106 < pre_filter=25000, post_filter=263"
98,1.0,False,11.552099997061305,5930,10,planner,0.25,0.25,0.24999605944186448,uncorrelated,"predicate_aware: ŝ=0.2500 -> cost=106 < pre_filter=25000, post_filter=263"
99,1.0,False,21.64930000435561,14625,10,planner,0.25,0.25,0.24999605944186448,uncorrelated,"predicate_aware: ŝ=0.2500 -> cost=106 < pre_filter=25000, post_filter=263"
100,1.0,False,19.34879999316763,13395,10,planner,0.25,0.25,0.24999605944186448,uncorrelated,"predicate_aware: ŝ=0.2500 -> cost=106 < pre_filter=25000, post_filter=263"
101,1.0,False,18.088600001647137,11868,10,planner,0.25,0.25,0.24999605944186448,uncorrelated,"predicate_aware: ŝ=0.2500 -> cost=106 < pre_filter=25000, post_filter=263"
102,1.0,False,23.27530000184197,16823,10,planner,0.25,0.25,0.24999605944186448,uncorrelated,"predicate_aware: ŝ=0.2500 -> cost=106 < pre_filter=25000, post_filter=263"
103,1.0,False,22.908400002052076,15478,10,planner,0.25,0.25,0.24999605944186448,uncorrelated,"predicate_aware: ŝ=0.2500 -> cost=106 < pre_filter=25000, post_filter=263"
104,1.0,False,15.5086000013398,8893,10,planner,0.25,0.25,0.24999605944186448,uncorrelated,"predicate_aware: ŝ=0.2500 -> cost=106 < pre_filter=25000, post_filter=263"
105,1.0,False,19.185099998139776,11719,10,planner,0.25,0.25,0.24999605944186448,uncorrelated,"predicate_aware: ŝ=0.2500 -> cost=106 < pre_filter=25000, post_filter=263"
106,1.0,False,14.150100003462285,7813,10,planner,0.25,0.25,0.24999605944186448,uncorrelated,"predicate_aware: ŝ=0.2500 -> cost=106 < pre_filter=25000, post_filter=263"
107,1.0,False,13.1721999932779,7556,10,planner,0.25,0.25,0.24999605944186448,uncorrelated,"predicate_aware: ŝ=0.2500 -> cost=106 < pre_filter=25000, post_filter=263"
108,1.0,False,13.173300001653843,6354,10,planner,0.25,0.25,0.24999605944186448,uncorrelated,"predicate_aware: ŝ=0.2500 -> cost=106 < pre_filter=25000, post_filter=263"
109,1.0,False,18.72529998945538,11938,10,planner,0.25,0.25,0.24999605944186448,uncorrelated,"predicate_aware: ŝ=0.2500 -> cost=106 < pre_filter=25000, post_filter=263"
110,1.0,False,13.573300006100908,7960,10,planner,0.25,0.25,0.24999605944186448,uncorrelated,"predicate_aware: ŝ=0.2500 -> cost=106 < pre_filter=25000, post_filter=263"
111,1.0,False,20.744500012369826,15433,10,planner,0.25,0.25,0.24999605944186448,uncorrelated,"predicate_aware: ŝ=0.2500 -> cost=106 < pre_filter=25000, post_filter=263"
112,1.0,False,16.35149998764973,9476,10,planner,0.25,0.25,0.24999605944186448,uncorrelated,"predicate_aware: ŝ=0.2500 -> cost=106 < pre_filter=25000, post_filter=263"
113,1.0,False,20.800600002985448,14097,10,planner,0.25,0.25,0.24999605944186448,uncorrelated,"predicate_aware: ŝ=0.2500 -> cost=106 < pre_filter=25000, post_filter=263"
114,1.0,False,21.325200010323897,12143,10,planner,0.25,0.25,0.24999605944186448,uncorrelated,"predicate_aware: ŝ=0.2500 -> cost=106 < pre_filter=25000, post_filter=263"
115,1.0,False,21.70789999945555,15643,10,planner,0.25,0.25,0.24999605944186448,uncorrelated,"predicate_aware: ŝ=0.2500 -> cost=106 < pre_filter=25000, post_filter=263"
116,1.0,False,14.009600010467693,6751,10,planner,0.25,0.25,0.24999605944186448,uncorrelated,"predicate_aware: ŝ=0.2500 -> cost=106 < pre_filter=25000, post_filter=263"
117,1.0,False,23.866100003942847,19986,10,planner,0.25,0.25,0.24999605944186448,uncorrelated,"predicate_aware: ŝ=0.2500 -> cost=106 < pre_filter=25000, post_filter=263"
118,1.0,False,21.193300010054372,15447,10,planner,0.25,0.25,0.24999605944186448,uncorrelated,"predicate_aware: ŝ=0.2500 -> cost=106 < pre_filter=25000, post_filter=263"
119,1.0,False,14.759999990928918,7704,10,planner,0.25,0.25,0.24999605944186448,uncorrelated,"predicate_aware: ŝ=0.2500 -> cost=106 < pre_filter=25000, post_filter=263"
120,1.0,False,23.141600002418272,13536,10,planner,0.25,0.25,0.24999605944186448,uncorrelated,"predicate_aware: ŝ=0.2500 -> cost=106 < pre_filter=25000, post_filter=263"
121,1.0,False,19.181199997547083,12247,10,planner,0.25,0.25,0.24999605944186448,uncorrelated,"predicate_aware: ŝ=0.2500 -> cost=106 < pre_filter=25000, post_filter=263"
122,1.0,False,23.313500001677312,17652,10,planner,0.25,0.25,0.24999605944186448,uncorrelated,"predicate_aware: ŝ=0.2500 -> cost=106 < pre_filter=25000, post_filter=263"
123,1.0,False,18.7727000011364,11988,10,planner,0.25,0.25,0.24999605944186448,uncorrelated,"predicate_aware: ŝ=0.2500 -> cost=106 < pre_filter=25000, post_filter=263"
124,1.0,False,20.866799997747876,14656,10,planner,0.25,0.25,0.24999605944186448,uncorrelated,"predicate_aware: ŝ=0.2500 -> cost=106 < pre_filter=25000, post_filter=263"
125,1.0,False,21.434000009321608,14594,10,planner,0.25,0.25,0.24999605944186448,uncorrelated,"predicate_aware: ŝ=0.2500 -> cost=106 < pre_filter=25000, post_filter=263"
126,1.0,False,21.228900004643947,15829,10,planner,0.25,0.25,0.24999605944186448,uncorrelated,"predicate_aware: ŝ=0.2500 -> cost=106 < pre_filter=25000, post_filter=263"
127,1.0,False,21.718300005886704,14924,10,planner,0.25,0.25,0.24999605944186448,uncorrelated,"predicate_aware: ŝ=0.2500 -> cost=106 < pre_filter=25000, post_filter=263"
128,1.0,False,20.43720000074245,13968,10,planner,0.25,0.25,0.24999605944186448,uncorrelated,"predicate_aware: ŝ=0.2500 -> cost=106 < pre_filter=25000, post_filter=263"
129,1.0,False,21.682699996745214,12844,10,planner,0.25,0.25,0.24999605944186448,uncorrelated,"predicate_aware: ŝ=0.2500 -> cost=106 < pre_filter=25000, post_filter=263"
130,1.0,False,27.776400005677715,19674,10,planner,0.25,0.25,0.24999605944186448,uncorrelated,"predicate_aware: ŝ=0.2500 -> cost=106 < pre_filter=25000, post_filter=263"
131,1.0,False,22.75470001040958,14302,10,planner,0.25,0.25,0.24999605944186448,uncorrelated,"predicate_aware: ŝ=0.2500 -> cost=106 < pre_filter=25000, post_filter=263"
132,1.0,False,26.152900012675673,18593,10,planner,0.25,0.25,0.24999605944186448,uncorrelated,"predicate_aware: ŝ=0.2500 -> cost=106 < pre_filter=25000, post_filter=263"
133,1.0,False,21.730299995397218,15645,10,planner,0.25,0.25,0.24999605944186448,uncorrelated,"predicate_aware: ŝ=0.2500 -> cost=106 < pre_filter=25000, post_filter=263"
134,1.0,False,16.551399996387772,8392,10,planner,0.25,0.25,0.24999605944186448,uncorrelated,"predicate_aware: ŝ=0.2500 -> cost=106 < pre_filter=25000, post_filter=263"
135,1.0,False,26.55850000155624,16116,10,planner,0.25,0.25,0.24999605944186448,uncorrelated,"predicate_aware: ŝ=0.2500 -> cost=106 < pre_filter=25000, post_filter=263"
136,1.0,False,26.30219999991823,16962,10,planner,0.25,0.25,0.24999605944186448,uncorrelated,"predicate_aware: ŝ=0.2500 -> cost=106 < pre_filter=25000, post_filter=263"
137,1.0,False,22.762900000088848,18192,10,planner,0.25,0.25,0.24999605944186448,uncorrelated,"predicate_aware: ŝ=0.2500 -> cost=106 < pre_filter=25000, post_filter=263"
138,1.0,False,20.89999998861458,13507,10,planner,0.25,0.25,0.24999605944186448,uncorrelated,"predicate_aware: ŝ=0.2500 -> cost=106 < pre_filter=25000, post_filter=263"
139,1.0,False,23.097400000551715,14640,10,planner,0.25,0.25,0.24999605944186448,uncorrelated,"predicate_aware: ŝ=0.2500 -> cost=106 < pre_filter=25000, post_filter=263"
140,1.0,False,26.378499998827465,17089,10,planner,0.25,0.25,0.24999605944186448,uncorrelated,"predicate_aware: ŝ=0.2500 -> cost=106 < pre_filter=25000, post_filter=263"
141,1.0,False,20.860199991147965,13162,10,planner,0.25,0.25,0.24999605944186448,uncorrelated,"predicate_aware: ŝ=0.2500 -> cost=106 < pre_filter=25000, post_filter=263"
142,1.0,False,24.863200000254437,17813,10,planner,0.25,0.25,0.24999605944186448,uncorrelated,"predicate_aware: ŝ=0.2500 -> cost=106 < pre_filter=25000, post_filter=263"
143,1.0,False,16.827800005557947,9974,10,planner,0.25,0.25,0.24999605944186448,uncorrelated,"predicate_aware: ŝ=0.2500 -> cost=106 < pre_filter=25000, post_filter=263"
144,1.0,False,22.79070000804495,14807,10,planner,0.25,0.25,0.24999605944186448,uncorrelated,"predicate_aware: ŝ=0.2500 -> cost=106 < pre_filter=25000, post_filter=263"
145,1.0,False,19.6262000099523,11977,10,planner,0.25,0.25,0.24999605944186448,uncorrelated,"predicate_aware: ŝ=0.2500 -> cost=106 < pre_filter=25000, post_filter=263"
146,1.0,False,20.729299998492934,15081,10,planner,0.25,0.25,0.24999605944186448,uncorrelated,"predicate_aware: ŝ=0.2500 -> cost=106 < pre_filter=25000, post_filter=263"
147,1.0,False,23.134100003517233,15775,10,planner,0.25,0.25,0.24999605944186448,uncorrelated,"predicate_aware: ŝ=0.2500 -> cost=106 < pre_filter=25000, post_filter=263"
148,1.0,False,22.579800002858974,15470,10,planner,0.25,0.25,0.24999605944186448,uncorrelated,"predicate_aware: ŝ=0.2500 -> cost=106 < pre_filter=25000, post_filter=263"
149,1.0,False,25.835300009930506,19440,10,planner,0.25,0.25,0.24999605944186448,uncorrelated,"predicate_aware: ŝ=0.2500 -> cost=106 < pre_filter=25000, post_filter=263"
150,1.0,False,22.330400010105222,16725,10,planner,0.25,0.25,0.24999605944186448,uncorrelated,"predicate_aware: ŝ=0.2500 -> cost=106 < pre_filter=25000, post_filter=263"
151,1.0,False,11.27640000777319,5613,10,planner,0.25,0.25,0.24999605944186448,uncorrelated,"predicate_aware: ŝ=0.2500 -> cost=106 < pre_filter=25000, post_filter=263"
152,1.0,False,23.0405000038445,16590,10,planner,0.25,0.25,0.24999605944186448,uncorrelated,"predicate_aware: ŝ=0.2500 -> cost=106 < pre_filter=25000, post_filter=263"
153,1.0,False,20.861600001808256,14200,10,planner,0.25,0.25,0.24999605944186448,uncorrelated,"predicate_aware: ŝ=0.2500 -> cost=106 < pre_filter=25000, post_filter=263"
154,1.0,False,21.691900008590892,17089,10,planner,0.25,0.25,0.24999605944186448,uncorrelated,"predicate_aware: ŝ=0.2500 -> cost=106 < pre_filter=25000, post_filter=263"
155,1.0,False,18.848699997761287,12983,10,planner,0.25,0.25,0.24999605944186448,uncorrelated,"predicate_aware: ŝ=0.2500 -> cost=106 < pre_filter=25000, post_filter=263"
156,1.0,False,23.455799993826076,15346,10,planner,0.25,0.25,0.24999605944186448,uncorrelated,"predicate_aware: ŝ=0.2500 -> cost=106 < pre_filter=25000, post_filter=263"
157,1.0,False,23.671699993428774,18091,10,planner,0.25,0.25,0.24999605944186448,uncorrelated,"predicate_aware: ŝ=0.2500 -> cost=106 < pre_filter=25000, post_filter=263"
158,1.0,False,20.666099997470155,15725,10,planner,0.25,0.25,0.24999605944186448,uncorrelated,"predicate_aware: ŝ=0.2500 -> cost=106 < pre_filter=25000, post_filter=263"
159,1.0,False,20.733099998324178,15311,10,planner,0.25,0.25,0.24999605944186448,uncorrelated,"predicate_aware: ŝ=0.2500 -> cost=106 < pre_filter=25000, post_filter=263"
160,1.0,False,19.845699993311428,14818,10,planner,0.25,0.25,0.24999605944186448,uncorrelated,"predicate_aware: ŝ=0.2500 -> cost=106 < pre_filter=25000, post_filter=263"
161,1.0,False,23.112499999115244,15943,10,planner,0.25,0.25,0.24999605944186448,uncorrelated,"predicate_aware: ŝ=0.2500 -> cost=106 < pre_filter=25000, post_filter=263"
162,1.0,False,22.732199999154545,18222,10,planner,0.25,0.25,0.24999605944186448,uncorrelated,"predicate_aware: ŝ=0.2500 -> cost=106 < pre_filter=25000, post_filter=263"
163,1.0,False,21.441500008222647,15737,10,planner,0.25,0.25,0.24999605944186448,uncorrelated,"predicate_aware: ŝ=0.2500 -> cost=106 < pre_filter=25000, post_filter=263"
164,1.0,False,18.461899991962127,13377,10,planner,0.25,0.25,0.24999605944186448,uncorrelated,"predicate_aware: ŝ=0.2500 -> cost=106 < pre_filter=25000, post_filter=263"
165,1.0,False,22.333499990054406,14119,10,planner,0.25,0.25,0.24999605944186448,uncorrelated,"predicate_aware: ŝ=0.2500 -> cost=106 < pre_filter=25000, post_filter=263"
166,1.0,False,22.487800000817515,14896,10,planner,0.25,0.25,0.24999605944186448,uncorrelated,"predicate_aware: ŝ=0.2500 -> cost=106 < pre_filter=25000, post_filter=263"
167,1.0,False,23.022800000035204,17405,10,planner,0.25,0.25,0.24999605944186448,uncorrelated,"predicate_aware: ŝ=0.2500 -> cost=106 < pre_filter=25000, post_filter=263"
168,1.0,False,23.19500000157859,15519,10,planner,0.25,0.25,0.24999605944186448,uncorrelated,"predicate_aware: ŝ=0.2500 -> cost=106 < pre_filter=25000, post_filter=263"
169,1.0,False,19.64259998931084,13886,10,planner,0.25,0.25,0.24999605944186448,uncorrelated,"predicate_aware: ŝ=0.2500 -> cost=106 < pre_filter=25000, post_filter=263"
170,1.0,False,21.067399997264147,14863,10,planner,0.25,0.25,0.24999605944186448,uncorrelated,"predicate_aware: ŝ=0.2500 -> cost=106 < pre_filter=25000, post_filter=263"
171,1.0,False,22.44020000216551,15587,10,planner,0.25,0.25,0.24999605944186448,uncorrelated,"predicate_aware: ŝ=0.2500 -> cost=106 < pre_filter=25000, post_filter=263"
172,1.0,False,25.384299995494075,18558,10,planner,0.25,0.25,0.24999605944186448,uncorrelated,"predicate_aware: ŝ=0.2500 -> cost=106 < pre_filter=25000, post_filter=263"
173,1.0,False,20.0458999897819,14824,10,planner,0.25,0.25,0.24999605944186448,uncorrelated,"predicate_aware: ŝ=0.2500 -> cost=106 < pre_filter=25000, post_filter=263"
174,1.0,False,25.868299999274313,16461,10,planner,0.25,0.25,0.24999605944186448,uncorrelated,"predicate_aware: ŝ=0.2500 -> cost=106 < pre_filter=25000, post_filter=263"
175,1.0,False,30.78920001280494,16264,10,planner,0.25,0.25,0.24999605944186448,uncorrelated,"predicate_aware: ŝ=0.2500 -> cost=106 < pre_filter=25000, post_filter=263"
176,1.0,False,29.01420000125654,18149,10,planner,0.25,0.25,0.24999605944186448,uncorrelated,"predicate_aware: ŝ=0.2500 -> cost=106 < pre_filter=25000, post_filter=263"
177,1.0,False,25.724500010255724,15317,10,planner,0.25,0.25,0.24999605944186448,uncorrelated,"predicate_aware: ŝ=0.2500 -> cost=106 < pre_filter=25000, post_filter=263"
178,1.0,False,26.001199992606416,14192,10,planner,0.25,0.25,0.24999605944186448,uncorrelated,"predicate_aware: ŝ=0.2500 -> cost=106 < pre_filter=25000, post_filter=263"
179,1.0,False,20.44680000108201,13681,10,planner,0.25,0.25,0.24999605944186448,uncorrelated,"predicate_aware: ŝ=0.2500 -> cost=106 < pre_filter=25000, post_filter=263"
180,1.0,False,20.661000002291985,11776,10,planner,0.25,0.25,0.24999605944186448,uncorrelated,"predicate_aware: ŝ=0.2500 -> cost=106 < pre_filter=25000, post_filter=263"
181,1.0,False,22.827499997220002,15358,10,planner,0.25,0.25,0.24999605944186448,uncorrelated,"predicate_aware: ŝ=0.2500 -> cost=106 < pre_filter=25000, post_filter=263"
182,1.0,False,23.160600001574494,14163,10,planner,0.25,0.25,0.24999605944186448,uncorrelated,"predicate_aware: ŝ=0.2500 -> cost=106 < pre_filter=25000, post_filter=263"
183,1.0,False,22.98249999876134,14450,10,planner,0.25,0.25,0.24999605944186448,uncorrelated,"predicate_aware: ŝ=0.2500 -> cost=106 < pre_filter=25000, post_filter=263"
184,1.0,False,22.085500007960945,15258,10,planner,0.25,0.25,0.24999605944186448,uncorrelated,"predicate_aware: ŝ=0.2500 -> cost=106 < pre_filter=25000, post_filter=263"
185,1.0,False,12.756900003296323,6243,10,planner,0.25,0.25,0.24999605944186448,uncorrelated,"predicate_aware: ŝ=0.2500 -> cost=106 < pre_filter=25000, post_filter=263"
186,1.0,False,21.588499992503785,13326,10,planner,0.25,0.25,0.24999605944186448,uncorrelated,"predicate_aware: ŝ=0.2500 -> cost=106 < pre_filter=25000, post_filter=263"
187,1.0,False,24.539300007745624,17395,10,planner,0.25,0.25,0.24999605944186448,uncorrelated,"predicate_aware: ŝ=0.2500 -> cost=106 < pre_filter=25000, post_filter=263"
188,1.0,False,19.836000006762333,14585,10,planner,0.25,0.25,0.24999605944186448,uncorrelated,"predicate_aware: ŝ=0.2500 -> cost=106 < pre_filter=25000, post_filter=263"
189,1.0,False,21.92549999745097,17100,10,planner,0.25,0.25,0.24999605944186448,uncorrelated,"predicate_aware: ŝ=0.2500 -> cost=106 < pre_filter=25000, post_filter=263"
190,1.0,False,20.905099998344667,13987,10,planner,0.25,0.25,0.24999605944186448,uncorrelated,"predicate_aware: ŝ=0.2500 -> cost=106 < pre_filter=25000, post_filter=263"
191,1.0,False,21.249899989925325,16609,10,planner,0.25,0.25,0.24999605944186448,uncorrelated,"predicate_aware: ŝ=0.2500 -> cost=106 < pre_filter=25000, post_filter=263"
192,1.0,False,22.98329999030102,17179,10,planner,0.25,0.25,0.24999605944186448,uncorrelated,"predicate_aware: ŝ=0.2500 -> cost=106 < pre_filter=25000, post_filter=263"
193,1.0,False,19.151600004988723,12435,10,planner,0.25,0.25,0.24999605944186448,uncorrelated,"predicate_aware: ŝ=0.2500 -> cost=106 < pre_filter=25000, post_filter=263"
194,1.0,False,25.423599989153445,18616,10,planner,0.25,0.25,0.24999605944186448,uncorrelated,"predicate_aware: ŝ=0.2500 -> cost=106 < pre_filter=25000, post_filter=263"
195,1.0,False,23.6670000012964,18043,10,planner,0.25,0.25,0.24999605944186448,uncorrelated,"predicate_aware: ŝ=0.2500 -> cost=106 < pre_filter=25000, post_filter=263"
196,1.0,False,24.08790000481531,17647,10,planner,0.25,0.25,0.24999605944186448,uncorrelated,"predicate_aware: ŝ=0.2500 -> cost=106 < pre_filter=25000, post_filter=263"
197,1.0,False,21.31710000685416,15248,10,planner,0.25,0.25,0.24999605944186448,uncorrelated,"predicate_aware: ŝ=0.2500 -> cost=106 < pre_filter=25000, post_filter=263"
198,1.0,False,16.11520000733435,8045,10,planner,0.25,0.25,0.24999605944186448,uncorrelated,"predicate_aware: ŝ=0.2500 -> cost=106 < pre_filter=25000, post_filter=263"
199,1.0,False,34.32230000908021,18255,10,planner,0.25,0.25,0.24999605944186448,uncorrelated,"predicate_aware: ŝ=0.2500 -> cost=106 < pre_filter=25000, post_filter=263"
20,1.0,False,7.721500005573034,50000,10,pre_filter,0.5,0.5,0.5000971909672022,uncorrelated,
21,1.0,False,7.740600005490705,50000,10,pre_filter,0.5,0.5,0.5000971909672022,uncorrelated,
22,1.0,False,7.69249998847954,50000,10,pre_filter,0.5,0.5,0.5000971909672022,uncorrelated,
23,1.0,False,7.8114000061759725,50000,10,pre_filter,0.5,0.5,0.5000971909672022,uncorrelated,
24,1.0,False,7.836699995095842,50000,10,pre_filter,0.5,0.5,0.5000971909672022,uncorrelated,
25,1.0,False,8.031999997911043,50000,10,pre_filter,0.5,0.5,0.5000971909672022,uncorrelated,
26,1.0,False,8.01619999401737,50000,10,pre_filter,0.5,0.5,0.5000971909672022,uncorrelated,
27,1.0,False,7.915999987744726,50000,10,pre_filter,0.5,0.5,0.5000971909672022,uncorrelated,
28,1.0,False,7.797600002959371,50000,10,pre_filter,0.5,0.5,0.5000971909672022,uncorrelated,
29,1.0,False,7.898000010754913,50000,10,pre_filter,0.5,0.5,0.5000971909672022,uncorrelated,
30,1.0,False,7.885999992140569,50000,10,pre_filter,0.5,0.5,0.5000971909672022,uncorrelated,
31,1.0,False,7.839600002625957,50000,10,pre_filter,0.5,0.5,0.5000971909672022,uncorrelated,
32,1.0,False,7.954400003654882,50000,10,pre_filter,0.5,0.5,0.5000971909672022,uncorrelated,
33,1.0,False,8.059600004344247,50000,10,pre_filter,0.5,0.5,0.5000971909672022,uncorrelated,
34,1.0,False,7.728800002951175,50000,10,pre_filter,0.5,0.5,0.5000971909672022,uncorrelated,
35,1.0,False,7.903699995949864,50000,10,pre_filter,0.5,0.5,0.5000971909672022,uncorrelated,
36,1.0,False,7.64060000074096,50000,10,pre_filter,0.5,0.5,0.5000971909672022,uncorrelated,
37,1.0,False,7.759000000078231,50000,10,pre_filter,0.5,0.5,0.5000971909672022,uncorrelated,
38,1.0,False,7.644099998287857,50000,10,pre_filter,0.5,0.5,0.5000971909672022,uncorrelated,
39,1.0,False,7.809000002453104,50000,10,pre_filter,0.5,0.5,0.5000971909672022,uncorrelated,
40,1.0,False,7.985300006112084,50000,10,pre_filter,0.5,0.5,0.5000971909672022,uncorrelated,
41,1.0,False,7.843200000934303,50000,10,pre_filter,0.5,0.5,0.5000971909672022,uncorrelated,
42,1.0,False,7.9351000022143126,50000,10,pre_filter,0.5,0.5,0.5000971909672022,uncorrelated,
43,1.0,False,7.729100005235523,50000,10,pre_filter,0.5,0.5,0.5000971909672022,uncorrelated,
44,1.0,False,7.368299993686378,50000,10,pre_filter,0.5,0.5,0.5000971909672022,uncorrelated,
45,1.0,False,7.620400006999262,50000,10,pre_filter,0.5,0.5,0.5000971909672022,uncorrelated,
46,1.0,False,7.731300007435493,50000,10,pre_filter,0.5,0.5,0.5000971909672022,uncorrelated,
47,1.0,False,7.951600011438131,50000,10,pre_filter,0.5,0.5,0.5000971909672022,uncorrelated,
48,1.0,False,8.202700002584606,50000,10,pre_filter,0.5,0.5,0.5000971909672022,uncorrelated,
49,1.0,False,7.8083000116748735,50000,10,pre_filter,0.5,0.5,0.5000971909672022,uncorrelated,
50,1.0,False,7.726300013018772,50000,10,pre_filter,0.5,0.5,0.5000971909672022,uncorrelated,
51,1.0,False,7.742900008452125,50000,10,pre_filter,0.5,0.5,0.5000971909672022,uncorrelated,
52,1.0,False,7.741800000076182,50000,10,pre_filter,0.5,0.5,0.5000971909672022,uncorrelated,
53,1.0,False,7.368399994447827,50000,10,pre_filter,0.5,0.5,0.5000971909672022,uncorrelated,
54,1.0,False,7.597999996505678,50000,10,pre_filter,0.5,0.5,0.5000971909672022,uncorrelated,
55,1.0,False,7.8664999891771,50000,10,pre_filter,0.5,0.5,0.5000971909672022,uncorrelated,
56,1.0,False,8.260999995400198,50000,10,pre_filter,0.5,0.5,0.5000971909672022,uncorrelated,
57,1.0,False,7.673899992369115,50000,10,pre_filter,0.5,0.5,0.5000971909672022,uncorrelated,
58,1.0,False,7.696400003624149,50000,10,pre_filter,0.5,0.5,0.5000971909672022,uncorrelated,
59,1.0,False,7.620500007760711,50000,10,pre_filter,0.5,0.5,0.5000971909672022,uncorrelated,
60,1.0,False,7.67249999626074,50000,10,pre_filter,0.5,0.5,0.5000971909672022,uncorrelated,
61,1.0,False,7.509799994295463,50000,10,pre_filter,0.5,0.5,0.5000971909672022,uncorrelated,
62,1.0,False,7.831400012946688,50000,10,pre_filter,0.5,0.5,0.5000971909672022,uncorrelated,
63,1.0,False,7.678699999814853,50000,10,pre_filter,0.5,0.5,0.5000971909672022,uncorrelated,
64,1.0,False,7.5923999975202605,50000,10,pre_filter,0.5,0.5,0.5000971909672022,uncorrelated,
65,1.0,False,7.780400002957322,50000,10,pre_filter,0.5,0.5,0.5000971909672022,uncorrelated,
66,1.0,False,8.254699991084635,50000,10,pre_filter,0.5,0.5,0.5000971909672022,uncorrelated,
67,1.0,False,7.761600005323999,50000,10,pre_filter,0.5,0.5,0.5000971909672022,uncorrelated,
68,1.0,False,7.520999992266297,50000,10,pre_filter,0.5,0.5,0.5000971909672022,uncorrelated,
69,1.0,False,7.6656000019283965,50000,10,pre_filter,0.5,0.5,0.5000971909672022,uncorrelated,
70,1.0,False,8.589899996877648,50000,10,pre_filter,0.5,0.5,0.5000971909672022,uncorrelated,
71,1.0,False,7.967699988512322,50000,10,pre_filter,0.5,0.5,0.5000971909672022,uncorrelated,
72,1.0,False,8.110900002066046,50000,10,pre_filter,0.5,0.5,0.5000971909672022,uncorrelated,
73,1.0,False,7.948300000862218,50000,10,pre_filter,0.5,0.5,0.5000971909672022,uncorrelated,
74,1.0,False,8.363099987036549,50000,10,pre_filter,0.5,0.5,0.5000971909672022,uncorrelated,
75,1.0,False,7.96220000484027,50000,10,pre_filter,0.5,0.5,0.5000971909672022,uncorrelated,
76,1.0,False,7.92810000712052,50000,10,pre_filter,0.5,0.5,0.5000971909672022,uncorrelated,
77,1.0,False,7.646199999726377,50000,10,pre_filter,0.5,0.5,0.5000971909672022,uncorrelated,
78,1.0,False,8.01609999325592,50000,10,pre_filter,0.5,0.5,0.5000971909672022,uncorrelated,
79,1.0,False,7.674299995414913,50000,10,pre_filter,0.5,0.5,0.5000971909672022,uncorrelated,
80,1.0,False,7.514299999456853,50000,10,pre_filter,0.5,0.5,0.5000971909672022,uncorrelated,
81,1.0,False,7.458300009602681,50000,10,pre_filter,0.5,0.5,0.5000971909672022,uncorrelated,
82,1.0,False,7.574300005217083,50000,10,pre_filter,0.5,0.5,0.5000971909672022,uncorrelated,
83,1.0,False,7.8726000065216795,50000,10,pre_filter,0.5,0.5,0.5000971909672022,uncorrelated,
84,1.0,False,8.039499996812083,50000,10,pre_filter,0.5,0.5,0.5000971909672022,uncorrelated,
85,1.0,False,7.538999998359941,50000,10,pre_filter,0.5,0.5,0.5000971909672022,uncorrelated,
86,1.0,False,7.941400006529875,50000,10,pre_filter,0.5,0.5,0.5000971909672022,uncorrelated,
87,1.0,False,7.949000006192364,50000,10,pre_filter,0.5,0.5,0.5000971909672022,uncorrelated,
88,1.0,False,7.714499995927326,50000,10,pre_filter,0.5,0.5,0.5000971909672022,uncorrelated,
89,1.0,False,8.004199989954941,50000,10,pre_filter,0.5,0.5,0.5000971909672022,uncorrelated,
90,1.0,False,9.011000001919456,50000,10,pre_filter,0.5,0.5,0.5000971909672022,uncorrelated,
91,1.0,False,8.162899990566075,50000,10,pre_filter,0.5,0.5,0.5000971909672022,uncorrelated,
92,1.0,False,7.470399999874644,50000,10,pre_filter,0.5,0.5,0.5000971909672022,uncorrelated,
93,1.0,False,7.255399992573075,50000,10,pre_filter,0.5,0.5,0.5000971909672022,uncorrelated,
94,1.0,False,7.279099998413585,50000,10,pre_filter,0.5,0.5,0.5000971909672022,uncorrelated,
95,1.0,False,7.318799995118752,50000,10,pre_filter,0.5,0.5,0.5000971909672022,uncorrelated,
96,1.0,False,7.262300001457334,50000,10,pre_filter,0.5,0.5,0.5000971909672022,uncorrelated,
97,1.0,False,7.186200004070997,50000,10,pre_filter,0.5,0.5,0.5000971909672022,uncorrelated,
98,1.0,False,8.106900000711903,50000,10,pre_filter,0.5,0.5,0.5000971909672022,uncorrelated,
99,1.0,False,7.67759999143891,50000,10,pre_filter,0.5,0.5,0.5000971909672022,uncorrelated,
100,1.0,False,7.756499995593913,50000,10,pre_filter,0.5,0.5,0.5000971909672022,uncorrelated,
101,1.0,False,7.655800000065938,50000,10,pre_filter,0.5,0.5,0.5000971909672022,uncorrelated,
102,1.0,False,7.677899993723258,50000,10,pre_filter,0.5,0.5,0.5000971909672022,uncorrelated,
103,1.0,False,7.549700007075444,50000,10,pre_filter,0.5,0.5,0.5000971909672022,uncorrelated,
104,1.0,False,8.11989999783691,50000,10,pre_filter,0.5,0.5,0.5000971909672022,uncorrelated,
105,1.0,False,8.283699993626215,50000,10,pre_filter,0.5,0.5,0.5000971909672022,uncorrelated,
106,1.0,False,7.829800000763498,50000,10,pre_filter,0.5,0.5,0.5000971909672022,uncorrelated,
107,1.0,False,7.4610000010579824,50000,10,pre_filter,0.5,0.5,0.5000971909672022,uncorrelated,
108,1.0,False,7.99699999333825,50000,10,pre_filter,0.5,0.5,0.5000971909672022,uncorrelated,
109,1.0,False,7.615700000314973,50000,10,pre_filter,0.5,0.5,0.5000971909672022,uncorrelated,
110,1.0,False,7.794600009219721,50000,10,pre_filter,0.5,0.5,0.5000971909672022,uncorrelated,
111,1.0,False,7.767800008878112,50000,10,pre_filter,0.5,0.5,0.5000971909672022,uncorrelated,
112,1.0,False,7.900500000687316,50000,10,pre_filter,0.5,0.5,0.5000971909672022,uncorrelated,
113,1.0,False,7.576299991342239,50000,10,pre_filter,0.5,0.5,0.5000971909672022,uncorrelated,
114,1.0,False,8.158099997672252,50000,10,pre_filter,0.5,0.5,0.5000971909672022,uncorrelated,
115,1.0,False,7.719899993389845,50000,10,pre_filter,0.5,0.5,0.5000971909672022,uncorrelated,
116,1.0,False,7.7305000013438985,50000,10,pre_filter,0.5,0.5,0.5000971909672022,uncorrelated,
117,1.0,False,7.500300009269267,50000,10,pre_filter,0.5,0.5,0.5000971909672022,uncorrelated,
118,1.0,False,7.730299999821,50000,10,pre_filter,0.5,0.5,0.5000971909672022,uncorrelated,
119,1.0,False,7.637100003194064,50000,10,pre_filter,0.5,0.5,0.5000971909672022,uncorrelated,
120,1.0,False,7.8212999942479655,50000,10,pre_filter,0.5,0.5,0.5000971909672022,uncorrelated,
121,1.0,False,7.6911000069230795,50000,10,pre_filter,0.5,0.5,0.5000971909672022,uncorrelated,
122,1.0,False,7.836800010409206,50000,10,pre_filter,0.5,0.5,0.5000971909672022,uncorrelated,
123,1.0,False,7.547200002591126,50000,10,pre_filter,0.5,0.5,0.5000971909672022,uncorrelated,
124,1.0,False,7.8424999956041574,50000,10,pre_filter,0.5,0.5,0.5000971909672022,uncorrelated,
125,1.0,False,7.670599996345118,50000,10,pre_filter,0.5,0.5,0.5000971909672022,uncorrelated,
126,1.0,False,8.230100007494912,50000,10,pre_filter,0.5,0.5,0.5000971909672022,uncorrelated,
127,1.0,False,7.935600006021559,50000,10,pre_filter,0.5,0.5,0.5000971909672022,uncorrelated,
128,1.0,False,7.808900001691654,50000,10,pre_filter,0.5,0.5,0.5000971909672022,uncorrelated,
129,1.0,False,7.380099996225908,50000,10,pre_filter,0.5,0.5,0.5000971909672022,uncorrelated,
130,1.0,False,7.491099997423589,50000,10,pre_filter,0.5,0.5,0.5000971909672022,uncorrelated,
131,1.0,False,7.493600001907907,50000,10,pre_filter,0.5,0.5,0.5000971909672022,uncorrelated,
132,1.0,False,7.604200000059791,50000,10,pre_filter,0.5,0.5,0.5000971909672022,uncorrelated,
133,1.0,False,7.7852999966125935,50000,10,pre_filter,0.5,0.5,0.5000971909672022,uncorrelated,
134,1.0,False,7.6253000006545335,50000,10,pre_filter,0.5,0.5,0.5000971909672022,uncorrelated,
135,1.0,False,7.67910000286065,50000,10,pre_filter,0.5,0.5,0.5000971909672022,uncorrelated,
136,1.0,False,7.642299999133684,50000,10,pre_filter,0.5,0.5,0.5000971909672022,uncorrelated,
137,1.0,False,8.003399998415262,50000,10,pre_filter,0.5,0.5,0.5000971909672022,uncorrelated,
138,1.0,False,7.8000000066822395,50000,10,pre_filter,0.5,0.5,0.5000971909672022,uncorrelated,
139,1.0,False,7.969900005264208,50000,10,pre_filter,0.5,0.5,0.5000971909672022,uncorrelated,
140,1.0,False,7.63839999854099,50000,10,pre_filter,0.5,0.5,0.5000971909672022,uncorrelated,
141,1.0,False,8.189100000890903,50000,10,pre_filter,0.5,0.5,0.5000971909672022,uncorrelated,
142,1.0,False,7.813100004568696,50000,10,pre_filter,0.5,0.5,0.5000971909672022,uncorrelated,
143,1.0,False,7.461700006388128,50000,10,pre_filter,0.5,0.5,0.5000971909672022,uncorrelated,
144,1.0,False,7.320699995034374,50000,10,pre_filter,0.5,0.5,0.5000971909672022,uncorrelated,
145,1.0,False,7.689100006246008,50000,10,pre_filter,0.5,0.5,0.5000971909672022,uncorrelated,
146,1.0,False,7.444599992595613,50000,10,pre_filter,0.5,0.5,0.5000971909672022,uncorrelated,
147,1.0,False,7.234500008053146,50000,10,pre_filter,0.5,0.5,0.5000971909672022,uncorrelated,
148,1.0,False,7.479699997929856,50000,10,pre_filter,0.5,0.5,0.5000971909672022,uncorrelated,
149,1.0,False,7.917100010672584,50000,10,pre_filter,0.5,0.5,0.5000971909672022,uncorrelated,
150,1.0,False,7.674599997699261,50000,10,pre_filter,0.5,0.5,0.5000971909672022,uncorrelated,
151,1.0,False,8.82139999885112,50000,10,pre_filter,0.5,0.5,0.5000971909672022,uncorrelated,
152,1.0,False,7.713299986789934,50000,10,pre_filter,0.5,0.5,0.5000971909672022,uncorrelated,
153,1.0,False,7.500699997763149,50000,10,pre_filter,0.5,0.5,0.5000971909672022,uncorrelated,
154,1.0,False,7.609399995999411,50000,10,pre_filter,0.5,0.5,0.5000971909672022,uncorrelated,
155,1.0,False,7.606700004544109,50000,10,pre_filter,0.5,0.5,0.5000971909672022,uncorrelated,
156,1.0,False,7.699399997363798,50000,10,pre_filter,0.5,0.5,0.5000971909672022,uncorrelated,
157,1.0,False,8.206200000131503,50000,10,pre_filter,0.5,0.5,0.5000971909672022,uncorrelated,
158,1.0,False,7.802400010405108,50000,10,pre_filter,0.5,0.5,0.5000971909672022,uncorrelated,
159,1.0,False,7.933499990031123,50000,10,pre_filter,0.5,0.5,0.5000971909672022,uncorrelated,
160,1.0,False,7.710799996857531,50000,10,pre_filter,0.5,0.5,0.5000971909672022,uncorrelated,
161,1.0,False,7.585800005472265,50000,10,pre_filter,0.5,0.5,0.5000971909672022,uncorrelated,
162,1.0,False,8.13390000257641,50000,10,pre_filter,0.5,0.5,0.5000971909672022,uncorrelated,
163,1.0,False,8.468800006085075,50000,10,pre_filter,0.5,0.5,0.5000971909672022,uncorrelated,
164,1.0,False,8.549999998649582,50000,10,pre_filter,0.5,0.5,0.5000971909672022,uncorrelated,
165,1.0,False,8.54730000719428,50000,10,pre_filter,0.5,0.5,0.5000971909672022,uncorrelated,
166,1.0,False,8.322599998791702,50000,10,pre_filter,0.5,0.5,0.5000971909672022,uncorrelated,
167,1.0,False,7.94359999417793,50000,10,pre_filter,0.5,0.5,0.5000971909672022,uncorrelated,
168,1.0,False,7.952999992994592,50000,10,pre_filter,0.5,0.5,0.5000971909672022,uncorrelated,
169,1.0,False,7.835300013539381,50000,10,pre_filter,0.5,0.5,0.5000971909672022,uncorrelated,
170,1.0,False,7.634099994902499,50000,10,pre_filter,0.5,0.5,0.5000971909672022,uncorrelated,
171,1.0,False,7.968300007632934,50000,10,pre_filter,0.5,0.5,0.5000971909672022,uncorrelated,
172,1.0,False,8.262700008344837,50000,10,pre_filter,0.5,0.5,0.5000971909672022,uncorrelated,
173,1.0,False,8.659099999931641,50000,10,pre_filter,0.5,0.5,0.5000971909672022,uncorrelated,
174,1.0,False,8.02059999841731,50000,10,pre_filter,0.5,0.5,0.5000971909672022,uncorrelated,
175,1.0,False,8.055700003751554,50000,10,pre_filter,0.5,0.5,0.5000971909672022,uncorrelated,
176,1.0,False,8.078300001216121,50000,10,pre_filter,0.5,0.5,0.5000971909672022,uncorrelated,
177,1.0,False,7.796599995344877,50000,10,pre_filter,0.5,0.5,0.5000971909672022,uncorrelated,
178,1.0,False,7.93100000009872,50000,10,pre_filter,0.5,0.5,0.5000971909672022,uncorrelated,
179,1.0,False,8.534900000086054,50000,10,pre_filter,0.5,0.5,0.5000971909672022,uncorrelated,
180,1.0,False,8.660799998324364,50000,10,pre_filter,0.5,0.5,0.5000971909672022,uncorrelated,
181,1.0,False,7.90370001050178,50000,10,pre_filter,0.5,0.5,0.5000971909672022,uncorrelated,
182,1.0,False,7.834799995180219,50000,10,pre_filter,0.5,0.5,0.5000971909672022,uncorrelated,
183,1.0,False,8.246800003689714,50000,10,pre_filter,0.5,0.5,0.5000971909672022,uncorrelated,
184,1.0,False,8.202700002584606,50000,10,pre_filter,0.5,0.5,0.5000971909672022,uncorrelated,
185,1.0,False,7.885699989856221,50000,10,pre_filter,0.5,0.5,0.5000971909672022,uncorrelated,
186,1.0,False,8.06649999867659,50000,10,pre_filter,0.5,0.5,0.5000971909672022,uncorrelated,
187,1.0,False,8.537500005331822,50000,10,pre_filter,0.5,0.5,0.5000971909672022,uncorrelated,
188,1.0,False,7.88509999983944,50000,10,pre_filter,0.5,0.5,0.5000971909672022,uncorrelated,
189,1.0,False,7.714099992881529,50000,10,pre_filter,0.5,0.5,0.5000971909672022,uncorrelated,
190,1.0,False,8.828499994706362,50000,10,pre_filter,0.5,0.5,0.5000971909672022,uncorrelated,
191,1.0,False,8.227500002249144,50000,10,pre_filter,0.5,0.5,0.5000971909672022,uncorrelated,
192,1.0,False,8.008500008145347,50000,10,pre_filter,0.5,0.5,0.5000971909672022,uncorrelated,
193,1.0,False,7.711199999903329,50000,10,pre_filter,0.5,0.5,0.5000971909672022,uncorrelated,
194,1.0,False,7.524899992858991,50000,10,pre_filter,0.5,0.5,0.5000971909672022,uncorrelated,
195,1.0,False,7.516799989389256,50000,10,pre_filter,0.5,0.5,0.5000971909672022,uncorrelated,
196,1.0,False,7.654600005480461,50000,10,pre_filter,0.5,0.5,0.5000971909672022,uncorrelated,
197,1.0,False,8.510999992722645,50000,10,pre_filter,0.5,0.5,0.5000971909672022,uncorrelated,
198,1.0,False,8.400399994570762,50000,10,pre_filter,0.5,0.5,0.5000971909672022,uncorrelated,
199,1.0,False,8.11319999047555,50000,10,pre_filter,0.5,0.5,0.5000971909672022,uncorrelated,
20,1.0,False,1.1915999930351973,932,10,post_filter,0.5,0.5,0.5000971909672022,uncorrelated,
21,1.0,False,1.3100999931339175,1238,10,post_filter,0.5,0.5,0.5000971909672022,uncorrelated,
22,1.0,False,1.1612999951466918,1095,10,post_filter,0.5,0.5,0.5000971909672022,uncorrelated,
23,1.0,False,1.2463000020943582,1237,10,post_filter,0.5,0.5,0.5000971909672022,uncorrelated,
24,1.0,False,1.3206000003265217,1421,10,post_filter,0.5,0.5,0.5000971909672022,uncorrelated,
25,1.0,False,1.169300012406893,1175,10,post_filter,0.5,0.5,0.5000971909672022,uncorrelated,
26,1.0,False,1.2357000086922199,1337,10,post_filter,0.5,0.5,0.5000971909672022,uncorrelated,
27,1.0,False,1.3561999949160963,1367,10,post_filter,0.5,0.5,0.5000971909672022,uncorrelated,
28,1.0,False,1.196400000480935,1269,10,post_filter,0.5,0.5,0.5000971909672022,uncorrelated,
29,1.0,False,0.9734000050229952,579,10,post_filter,0.5,0.5,0.5000971909672022,uncorrelated,
30,1.0,False,1.34529999922961,1247,10,post_filter,0.5,0.5,0.5000971909672022,uncorrelated,
31,1.0,False,1.241000005393289,1330,10,post_filter,0.5,0.5,0.5000971909672022,uncorrelated,
32,1.0,False,1.6431999974884093,1229,10,post_filter,0.5,0.5,0.5000971909672022,uncorrelated,
33,0.9,False,1.7524999857414514,1055,10,post_filter,0.5,0.5,0.5000971909672022,uncorrelated,
34,1.0,False,1.2447999906726182,1317,10,post_filter,0.5,0.5,0.5000971909672022,uncorrelated,
35,1.0,False,1.2734000047203153,1377,10,post_filter,0.5,0.5,0.5000971909672022,uncorrelated,
36,1.0,False,1.3098000054014847,1562,10,post_filter,0.5,0.5,0.5000971909672022,uncorrelated,
37,1.0,False,1.189000002341345,1094,10,post_filter,0.5,0.5,0.5000971909672022,uncorrelated,
38,1.0,False,1.161300009698607,1186,10,post_filter,0.5,0.5,0.5000971909672022,uncorrelated,
39,1.0,False,1.1750999983632937,1078,10,post_filter,0.5,0.5,0.5000971909672022,uncorrelated,
40,1.0,False,1.27420001081191,1407,10,post_filter,0.5,0.5,0.5000971909672022,uncorrelated,
41,1.0,False,1.069099991582334,779,10,post_filter,0.5,0.5,0.5000971909672022,uncorrelated,
42,1.0,False,1.2568999954964966,1356,10,post_filter,0.5,0.5,0.5000971909672022,uncorrelated,
43,1.0,False,1.2669999996433035,1402,10,post_filter,0.5,0.5,0.5000971909672022,uncorrelated,
44,1.0,False,1.1188000062247738,1002,10,post_filter,0.5,0.5,0.5000971909672022,uncorrelated,
45,1.0,False,1.1918999953195453,1178,10,post_filter,0.5,0.5,0.5000971909672022,uncorrelated,
46,1.0,False,1.6501000063726678,1218,10,post_filter,0.5,0.5,0.5000971909672022,uncorrelated,
47,1.0,False,1.3082999939797446,1464,10,post_filter,0.5,0.5,0.5000971909672022,uncorrelated,
48,1.0,False,1.21640000725165,1237,10,post_filter,0.5,0.5,0.5000971909672022,uncorrelated,
49,1.0,False,1.0738999990280718,919,10,post_filter,0.5,0.5,0.5000971909672022,uncorrelated,
50,1.0,False,1.2106000067433342,1158,10,post_filter,0.5,0.5,0.5000971909672022,uncorrelated,
51,1.0,False,1.0935000027529895,938,10,post_filter,0.5,0.5,0.5000971909672022,uncorrelated,
52,1.0,False,1.2492999958340079,1351,10,post_filter,0.5,0.5,0.5000971909672022,uncorrelated,
53,1.0,False,1.2080000014975667,1294,10,post_filter,0.5,0.5,0.5000971909672022,uncorrelated,
54,1.0,False,1.018299997667782,576,10,post_filter,0.5,0.5,0.5000971909672022,uncorrelated,
55,1.0,False,0.9743999980855733,679,10,post_filter,0.5,0.5,0.5000971909672022,uncorrelated,
56,1.0,False,1.2061000015819445,1292,10,post_filter,0.5,0.5,0.5000971909672022,uncorrelated,
57,1.0,False,1.258299991604872,1386,10,post_filter,0.5,0.5,0.5000971909672022,uncorrelated,
58,1.0,False,1.60749998758547,1421,10,post_filter,0.5,0.5,0.5000971909672022,uncorrelated,
59,1.0,False,1.0181999969063327,684,10,post_filter,0.5,0.5,0.5000971909672022,uncorrelated,
60,1.0,False,1.2953999976161867,1369,10,post_filter,0.5,0.5,0.5000971909672022,uncorrelated,
61,1.0,False,1.1058999953093007,954,10,post_filter,0.5,0.5,0.5000971909672022,uncorrelated,
62,1.0,False,0.9919000003719702,635,10,post_filter,0.5,0.5,0.5000971909672022,uncorrelated,
63,1.0,False,1.1190000077476725,966,10,post_filter,0.5,0.5,0.5000971909672022,uncorrelated,
64,1.0,False,1.0627000010572374,881,10,post_filter,0.5,0.5,0.5000971909672022,uncorrelated,
65,1.0,False,1.0621999972499907,903,10,post_filter,0.5,0.5,0.5000971909672022,uncorrelated,
66,1.0,False,1.1831000010715798,828,10,post_filter,0.5,0.5,0.5000971909672022,uncorrelated,
67,1.0,False,1.1197000130778179,952,10,post_filter,0.5,0.5,0.5000971909672022,uncorrelated,
68,1.0,False,1.1468000011518598,947,10,post_filter,0.5,0.5,0.5000971909672022,uncorrelated,
69,1.0,False,1.1807999981101602,1258,10,post_filter,0.5,0.5,0.5000971909672022,uncorrelated,
70,1.0,False,0.9320999961346388,600,10,post_filter,0.5,0.5,0.5000971909672022,uncorrelated,
71,1.0,False,1.069999998435378,914,10,post_filter,0.5,0.5,0.5000971909672022,uncorrelated,
72,1.0,False,1.7357999895466492,1504,10,post_filter,0.5,0.5,0.5000971909672022,uncorrelated,
73,1.0,False,1.2577000015880913,1217,10,post_filter,0.5,0.5,0.5000971909672022,uncorrelated,
74,1.0,False,1.374800005578436,1273,10,post_filter,0.5,0.5,0.5000971909672022,uncorrelated,
75,1.0,False,1.3352000096347183,1335,10,post_filter,0.5,0.5,0.5000971909672022,uncorrelated,
76,1.0,False,1.22749998990912,1131,10,post_filter,0.5,0.5,0.5000971909672022,uncorrelated,
77,1.0,False,1.3802000030409545,1223,10,post_filter,0.5,0.5,0.5000971909672022,uncorrelated,
78,1.0,False,1.4211999950930476,1337,10,post_filter,0.5,0.5,0.5000971909672022,uncorrelated,
79,1.0,False,1.0350999946240336,738,10,post_filter,0.5,0.5,0.5000971909672022,uncorrelated,
80,1.0,False,1.2089999945601448,1194,10,post_filter,0.5,0.5,0.5000971909672022,uncorrelated,
81,1.0,False,1.2983999913558364,1506,10,post_filter,0.5,0.5,0.5000971909672022,uncorrelated,
82,1.0,False,1.3433999993139878,1585,10,post_filter,0.5,0.5,0.5000971909672022,uncorrelated,
83,1.0,False,1.2096999998902902,1152,10,post_filter,0.5,0.5,0.5000971909672022,uncorrelated,
84,1.0,False,1.644000003580004,1443,10,post_filter,0.5,0.5,0.5000971909672022,uncorrelated,
85,1.0,False,1.1042000114684924,874,10,post_filter,0.5,0.5,0.5000971909672022,uncorrelated,
86,1.0,False,1.0609000019030645,850,10,post_filter,0.5,0.5,0.5000971909672022,uncorrelated,
87,1.0,False,1.0050999990198761,628,10,post_filter,0.5,0.5,0.5000971909672022,uncorrelated,
88,1.0,False,1.0273999942000955,652,10,post_filter,0.5,0.5,0.5000971909672022,uncorrelated,
89,1.0,False,1.061300004948862,864,10,post_filter,0.5,0.5,0.5000971909672022,uncorrelated,
90,1.0,False,1.1054999922635034,951,10,post_filter,0.5,0.5,0.5000971909672022,uncorrelated,
91,1.0,False,1.0741000005509704,958,10,post_filter,0.5,0.5,0.5000971909672022,uncorrelated,
92,1.0,False,1.2601000053109601,1361,10,post_filter,0.5,0.5,0.5000971909672022,uncorrelated,
93,1.0,False,1.1482999980216846,1013,10,post_filter,0.5,0.5,0.5000971909672022,uncorrelated,
94,1.0,False,1.0089999996125698,681,10,post_filter,0.5,0.5,0.5000971909672022,uncorrelated,
95,1.0,False,1.354500011075288,1258,10,post_filter,0.5,0.5,0.5000971909672022,uncorrelated,
96,1.0,False,1.3122999953338876,1344,10,post_filter,0.5,0.5,0.5000971909672022,uncorrelated,
97,0.8,False,1.3003000058233738,1191,10,post_filter,0.5,0.5,0.5000971909672022,uncorrelated,
98,1.0,False,1.2066000053891912,611,10,post_filter,0.5,0.5,0.5000971909672022,uncorrelated,
99,1.0,False,1.228699999046512,1170,10,post_filter,0.5,0.5,0.5000971909672022,uncorrelated,
100,1.0,False,1.2043000024277717,1032,10,post_filter,0.5,0.5,0.5000971909672022,uncorrelated,
101,1.0,False,1.145699992775917,1002,10,post_filter,0.5,0.5,0.5000971909672022,uncorrelated,
102,0.9,False,1.2734999909298494,1356,10,post_filter,0.5,0.5,0.5000971909672022,uncorrelated,
103,1.0,False,1.336100001935847,1357,10,post_filter,0.5,0.5,0.5000971909672022,uncorrelated,
104,1.0,False,1.1301000049570575,899,10,post_filter,0.5,0.5,0.5000971909672022,uncorrelated,
105,1.0,False,1.2393999932100996,1158,10,post_filter,0.5,0.5,0.5000971909672022,uncorrelated,
106,1.0,False,1.1347999970894307,786,10,post_filter,0.5,0.5,0.5000971909672022,uncorrelated,
107,1.0,False,1.0913000005530193,841,10,post_filter,0.5,0.5,0.5000971909672022,uncorrelated,
108,1.0,False,0.8863999973982573,410,10,post_filter,0.5,0.5,0.5000971909672022,uncorrelated,
109,1.0,False,1.1769000120693818,1047,10,post_filter,0.5,0.5,0.5000971909672022,uncorrelated,
110,1.0,False,1.1021999962395057,896,10,post_filter,0.5,0.5,0.5000971909672022,uncorrelated,
111,0.8,False,2.351200004341081,1359,10,post_filter,0.5,0.5,0.5000971909672022,uncorrelated,
112,1.0,False,1.753899996401742,752,10,post_filter,0.5,0.5,0.5000971909672022,uncorrelated,
113,1.0,False,1.5204999945126474,1339,10,post_filter,0.5,0.5,0.5000971909672022,uncorrelated,
114,1.0,False,1.1664000048767775,886,10,post_filter,0.5,0.5,0.5000971909672022,uncorrelated,
115,1.0,False,1.3171000027796254,1393,10,post_filter,0.5,0.5,0.5000971909672022,uncorrelated,
116,1.0,False,0.9891000081552193,528,10,post_filter,0.5,0.5,0.5000971909672022,uncorrelated,
117,1.0,False,1.384999995934777,1620,10,post_filter,0.5,0.5,0.5000971909672022,uncorrelated,
118,1.0,False,1.287100007175468,1387,10,post_filter,0.5,0.5,0.5000971909672022,uncorrelated,
119,1.0,False,0.9129999962169677,499,10,post_filter,0.5,0.5,0.5000971909672022,uncorrelated,
120,1.0,False,1.2075999984517694,1229,10,post_filter,0.5,0.5,0.5000971909672022,uncorrelated,
121,1.0,False,1.2909000070067123,1120,10,post_filter,0.5,0.5,0.5000971909672022,uncorrelated,
122,1.0,False,1.6982999950414523,1394,10,post_filter,0.5,0.5,0.5000971909672022,uncorrelated,
123,1.0,False,1.1521999986143783,963,10,post_filter,0.5,0.5,0.5000971909672022,uncorrelated,
124,1.0,False,1.2051999947289005,1116,10,post_filter,0.5,0.5,0.5000971909672022,uncorrelated,
125,1.0,False,1.292100001592189,1362,10,post_filter,0.5,0.5,0.5000971909672022,uncorrelated,
126,1.0,False,1.5636000025551766,1478,10,post_filter,0.5,0.5,0.5000971909672022,uncorrelated,
127,1.0,False,1.4463999978033826,1333,10,post_filter,0.5,0.5,0.5000971909672022,uncorrelated,
128,1.0,False,1.224999999976717,1158,10,post_filter,0.5,0.5,0.5000971909672022,uncorrelated,
129,1.0,False,1.0991000017384067,928,10,post_filter,0.5,0.5,0.5000971909672022,uncorrelated,
130,0.8,False,1.324400000157766,1461,10,post_filter,0.5,0.5,0.5000971909672022,uncorrelated,
131,1.0,False,1.2098000006517395,1258,10,post_filter,0.5,0.5,0.5000971909672022,uncorrelated,
132,1.0,False,1.3657999952556565,1483,10,post_filter,0.5,0.5,0.5000971909672022,uncorrelated,
133,0.9,False,1.3316999975359067,1505,10,post_filter,0.5,0.5,0.5000971909672022,uncorrelated,
134,1.0,False,1.204100000904873,688,10,post_filter,0.5,0.5,0.5000971909672022,uncorrelated,
135,1.0,False,1.3010999973630533,1410,10,post_filter,0.5,0.5,0.5000971909672022,uncorrelated,
136,1.0,False,1.2581000046338886,1449,10,post_filter,0.5,0.5,0.5000971909672022,uncorrelated,
137,1.0,False,1.3814999983878806,1515,10,post_filter,0.5,0.5,0.5000971909672022,uncorrelated,
138,1.0,False,1.2169999972684309,1177,10,post_filter,0.5,0.5,0.5000971909672022,uncorrelated,
139,1.0,False,1.2117000005673617,1242,10,post_filter,0.5,0.5,0.5000971909672022,uncorrelated,
140,1.0,False,1.2149999965913594,1239,10,post_filter,0.5,0.5,0.5000971909672022,uncorrelated,
141,1.0,False,1.0823000047821552,916,10,post_filter,0.5,0.5,0.5000971909672022,uncorrelated,
142,1.0,False,1.323499993304722,1517,10,post_filter,0.5,0.5,0.5000971909672022,uncorrelated,
143,1.0,False,1.1255999997956678,905,10,post_filter,0.5,0.5,0.5000971909672022,uncorrelated,
144,1.0,False,1.1481999972602352,1124,10,post_filter,0.5,0.5,0.5000971909672022,uncorrelated,
145,1.0,False,1.0886000090977177,932,10,post_filter,0.5,0.5,0.5000971909672022,uncorrelated,
146,1.0,False,1.2331000034464523,1331,10,post_filter,0.5,0.5,0.5000971909672022,uncorrelated,
147,1.0,False,1.4231999957701191,1431,10,post_filter,0.5,0.5,0.5000971909672022,uncorrelated,
148,1.0,False,1.2309000012464821,1185,10,post_filter,0.5,0.5,0.5000971909672022,uncorrelated,
149,1.0,False,1.1505000002216548,1104,10,post_filter,0.5,0.5,0.5000971909672022,uncorrelated,
150,1.0,False,1.235799994901754,1318,10,post_filter,0.5,0.5,0.5000971909672022,uncorrelated,
151,1.0,False,0.9954999986803159,684,10,post_filter,0.5,0.5,0.5000971909672022,uncorrelated,
152,1.0,False,1.2260000075912103,1305,10,post_filter,0.5,0.5,0.5000971909672022,uncorrelated,
153,1.0,False,1.2119999882997945,1236,10,post_filter,0.5,0.5,0.5000971909672022,uncorrelated,
154,1.0,False,1.2217000039527193,1221,10,post_filter,0.5,0.5,0.5000971909672022,uncorrelated,
155,0.9,False,1.2426000030245632,1342,10,post_filter,0.5,0.5,0.5000971909672022,uncorrelated,
156,1.0,False,1.2556000001495704,1478,10,post_filter,0.5,0.5,0.5000971909672022,uncorrelated,
157,1.0,False,1.299800002016127,1556,10,post_filter,0.5,0.5,0.5000971909672022,uncorrelated,
158,0.9,False,1.44090001413133,1381,10,post_filter,0.5,0.5,0.5000971909672022,uncorrelated,
159,0.9,False,1.6341000009560958,1394,10,post_filter,0.5,0.5,0.5000971909672022,uncorrelated,
160,1.0,False,1.2786000006599352,1472,10,post_filter,0.5,0.5,0.5000971909672022,uncorrelated,
161,1.0,False,1.244700004463084,1358,10,post_filter,0.5,0.5,0.5000971909672022,uncorrelated,
162,1.0,False,1.2896999978693202,1542,10,post_filter,0.5,0.5,0.5000971909672022,uncorrelated,
163,0.9,False,1.2488000065786764,1408,10,post_filter,0.5,0.5,0.5000971909672022,uncorrelated,
164,1.0,False,1.1820999934570864,1259,10,post_filter,0.5,0.5,0.5000971909672022,uncorrelated,
165,1.0,False,1.2276000052224845,1244,10,post_filter,0.5,0.5,0.5000971909672022,uncorrelated,
166,1.0,False,1.2755000061588362,1331,10,post_filter,0.5,0.5,0.5000971909672022,uncorrelated,
167,1.0,False,1.4943999995011836,1473,10,post_filter,0.5,0.5,0.5000971909672022,uncorrelated,
168,1.0,False,1.2285999982850626,1306,10,post_filter,0.5,0.5,0.5000971909672022,uncorrelated,
169,1.0,False,1.2349000026006252,1290,10,post_filter,0.5,0.5,0.5000971909672022,uncorrelated,
170,1.0,False,1.245900013600476,1308,10,post_filter,0.5,0.5,0.5000971909672022,uncorrelated,
171,1.0,False,1.5876999968895689,1329,10,post_filter,0.5,0.5,0.5000971909672022,uncorrelated,
172,1.0,False,1.3278999977046624,1437,10,post_filter,0.5,0.5,0.5000971909672022,uncorrelated,
173,1.0,False,1.3795999984722584,1283,10,post_filter,0.5,0.5,0.5000971909672022,uncorrelated,
174,1.0,False,1.258899996173568,1336,10,post_filter,0.5,0.5,0.5000971909672022,uncorrelated,
175,1.0,False,1.3134000037098303,1400,10,post_filter,0.5,0.5,0.5000971909672022,uncorrelated,
176,1.0,False,1.2272000021766871,1393,10,post_filter,0.5,0.5,0.5000971909672022,uncorrelated,
177,1.0,False,1.2570999970193952,1395,10,post_filter,0.5,0.5,0.5000971909672022,uncorrelated,
178,1.0,False,1.2051999947289005,1294,10,post_filter,0.5,0.5,0.5000971909672022,uncorrelated,
179,1.0,False,1.2149999965913594,1314,10,post_filter,0.5,0.5,0.5000971909672022,uncorrelated,
180,1.0,False,1.266299994313158,1139,10,post_filter,0.5,0.5,0.5000971909672022,uncorrelated,
181,1.0,False,1.3040000048931688,1386,10,post_filter,0.5,0.5,0.5000971909672022,uncorrelated,
182,1.0,False,1.2143999920226634,1272,10,post_filter,0.5,0.5,0.5000971909672022,uncorrelated,
183,0.9,False,1.5917999990051612,1336,10,post_filter,0.5,0.5,0.5000971909672022,uncorrelated,
184,1.0,False,1.222899998538196,1296,10,post_filter,0.5,0.5,0.5000971909672022,uncorrelated,
185,1.0,False,0.9070999949472025,469,10,post_filter,0.5,0.5,0.5000971909672022,uncorrelated,
186,1.0,False,1.17270000919234,997,10,post_filter,0.5,0.5,0.5000971909672022,uncorrelated,
187,1.0,False,1.2355000071693212,1463,10,post_filter,0.5,0.5,0.5000971909672022,uncorrelated,
188,1.0,False,1.225099986186251,1275,10,post_filter,0.5,0.5,0.5000971909672022,uncorrelated,
189,1.0,False,1.210599992191419,1244,10,post_filter,0.5,0.5,0.5000971909672022,uncorrelated,
190,1.0,False,1.0621999972499907,904,10,post_filter,0.5,0.5,0.5000971909672022,uncorrelated,
191,1.0,False,1.3221999979577959,1585,10,post_filter,0.5,0.5,0.5000971909672022,uncorrelated,
192,1.0,False,1.4371999859577045,1614,10,post_filter,0.5,0.5,0.5000971909672022,uncorrelated,
193,1.0,False,1.2433999945642427,1203,10,post_filter,0.5,0.5,0.5000971909672022,uncorrelated,
194,1.0,False,1.2533999979496002,1366,10,post_filter,0.5,0.5,0.5000971909672022,uncorrelated,
195,1.0,False,1.2741999962599948,1433,10,post_filter,0.5,0.5,0.5000971909672022,uncorrelated,
196,1.0,False,2.107399996020831,1512,10,post_filter,0.5,0.5,0.5000971909672022,uncorrelated,
197,1.0,False,1.3509000127669424,1487,10,post_filter,0.5,0.5,0.5000971909672022,uncorrelated,
198,1.0,False,1.061300004948862,807,10,post_filter,0.5,0.5,0.5000971909672022,uncorrelated,
199,1.0,False,1.3436000008368865,1579,10,post_filter,0.5,0.5,0.5000971909672022,uncorrelated,
20,1.0,False,3.6515999963739887,2337,10,predicate_aware,0.5,0.5,0.5000971909672022,uncorrelated,
21,1.0,False,3.7955000007059425,2796,10,predicate_aware,0.5,0.5,0.5000971909672022,uncorrelated,
22,1.0,False,3.893400004017167,2888,10,predicate_aware,0.5,0.5,0.5000971909672022,uncorrelated,
23,1.0,False,4.648400004953146,3032,10,predicate_aware,0.5,0.5,0.5000971909672022,uncorrelated,
24,1.0,False,4.076800003531389,3121,10,predicate_aware,0.5,0.5,0.5000971909672022,uncorrelated,
25,1.0,False,4.282900001271628,3191,10,predicate_aware,0.5,0.5,0.5000971909672022,uncorrelated,
26,1.0,False,4.37219999730587,3366,10,predicate_aware,0.5,0.5,0.5000971909672022,uncorrelated,
27,1.0,False,4.102999999304302,2970,10,predicate_aware,0.5,0.5,0.5000971909672022,uncorrelated,
28,1.0,False,3.7967999960528687,2997,10,predicate_aware,0.5,0.5,0.5000971909672022,uncorrelated,
29,1.0,False,3.2279000006383285,1711,10,predicate_aware,0.5,0.5,0.5000971909672022,uncorrelated,
30,1.0,False,4.447200000868179,3195,10,predicate_aware,0.5,0.5,0.5000971909672022,uncorrelated,
31,1.0,False,4.300000000512227,3351,10,predicate_aware,0.5,0.5,0.5000971909672022,uncorrelated,
32,1.0,False,4.055400000652298,3145,10,predicate_aware,0.5,0.5,0.5000971909672022,uncorrelated,
33,1.0,False,3.9461999986087903,2901,10,predicate_aware,0.5,0.5,0.5000971909672022,uncorrelated,
34,1.0,False,5.086000004666857,3825,10,predicate_aware,0.5,0.5,0.5000971909672022,uncorrelated,
35,1.0,False,4.339000006439164,3428,10,predicate_aware,0.5,0.5,0.5000971909672022,uncorrelated,
36,1.0,False,4.756100010126829,4192,10,predicate_aware,0.5,0.5,0.5000971909672022,uncorrelated,
37,1.0,False,4.86780000210274,2916,10,predicate_aware,0.5,0.5,0.5000971909672022,uncorrelated,
38,1.0,False,4.182699994998984,3179,10,predicate_aware,0.5,0.5,0.5000971909672022,uncorrelated,
39,1.0,False,4.549899997073226,2680,10,predicate_aware,0.5,0.5,0.5000971909672022,uncorrelated,
40,1.0,False,3.719000000273809,2970,10,predicate_aware,0.5,0.5,0.5000971909672022,uncorrelated,
41,1.0,False,3.793200012296438,1966,10,predicate_aware,0.5,0.5,0.5000971909672022,uncorrelated,
42,1.0,False,4.746499995235354,3187,10,predicate_aware,0.5,0.5,0.5000971909672022,uncorrelated,
43,1.0,False,5.367499994463287,4102,10,predicate_aware,0.5,0.5,0.5000971909672022,uncorrelated,
44,1.0,False,4.743700003018603,2706,10,predicate_aware,0.5,0.5,0.5000971909672022,uncorrelated,
45,1.0,False,4.054700009874068,2918,10,predicate_aware,0.5,0.5,0.5000971909672022,uncorrelated,
46,1.0,False,3.8886999973328784,2637,10,predicate_aware,0.5,0.5,0.5000971909672022,uncorrelated,
47,1.0,False,4.308700008550659,3533,10,predicate_aware,0.5,0.5,0.5000971909672022,uncorrelated,
48,1.0,False,5.749200005084276,3327,10,predicate_aware,0.5,0.5,0.5000971909672022,uncorrelated,
49,1.0,False,4.865399998379871,2586,10,predicate_aware,0.5,0.5,0.5000971909672022,uncorrelated,
50,1.0,False,5.903600002056919,3187,10,predicate_aware,0.5,0.5,0.5000971909672022,uncorrelated,
51,1.0,False,4.896699989330955,2578,10,predicate_aware,0.5,0.5,0.5000971909672022,uncorrelated,
52,1.0,False,5.634700006339699,3591,10,predicate_aware,0.5,0.5,0.5000971909672022,uncorrelated,
53,1.0,False,5.352099993615411,3384,10,predicate_aware,0.5,0.5,0.5000971909672022,uncorrelated,
54,1.0,False,4.0939000027719885,1391,10,predicate_aware,0.5,0.5,0.5000971909672022,uncorrelated,
55,1.0,False,4.0972999995574355,2044,10,predicate_aware,0.5,0.5,0.5000971909672022,uncorrelated,
56,1.0,False,4.157000003033318,2961,10,predicate_aware,0.5,0.5,0.5000971909672022,uncorrelated,
57,1.0,False,4.672800001571886,3256,10,predicate_aware,0.5,0.5,0.5000971909672022,uncorrelated,
58,1.0,False,4.298300002119504,3593,10,predicate_aware,0.5,0.5,0.5000971909672022,uncorrelated,
59,1.0,False,3.4325000015087426,1797,10,predicate_aware,0.5,0.5,0.5000971909672022,uncorrelated,
60,1.0,False,3.8991000037640333,3202,10,predicate_aware,0.5,0.5,0.5000971909672022,uncorrelated,
61,1.0,False,4.130400004214607,2767,10,predicate_aware,0.5,0.5,0.5000971909672022,uncorrelated,
62,1.0,False,3.7422000023070723,1826,10,predicate_aware,0.5,0.5,0.5000971909672022,uncorrelated,
63,1.0,False,3.802399995038286,2327,10,predicate_aware,0.5,0.5,0.5000971909672022,uncorrelated,
64,1.0,False,4.654999997001141,2600,10,predicate_aware,0.5,0.5,0.5000971909672022,uncorrelated,
65,1.0,False,4.236799999489449,2101,10,predicate_aware,0.5,0.5,0.5000971909672022,uncorrelated,
66,1.0,False,3.8486999983433634,2316,10,predicate_aware,0.5,0.5,0.5000971909672022,uncorrelated,
67,1.0,False,3.8383000064641237,2084,10,predicate_aware,0.5,0.5,0.5000971909672022,uncorrelated,
68,1.0,False,3.7912000116193667,2274,10,predicate_aware,0.5,0.5,0.5000971909672022,uncorrelated,
69,1.0,False,5.2426999900490046,3686,10,predicate_aware,0.5,0.5,0.5000971909672022,uncorrelated,
70,1.0,False,3.2524999987799674,1642,10,predicate_aware,0.5,0.5,0.5000971909672022,uncorrelated,
71,1.0,False,4.100700010894798,2752,10,predicate_aware,0.5,0.5,0.5000971909672022,uncorrelated,
72,1.0,False,4.996199990273453,4169,10,predicate_aware,0.5,0.5,0.5000971909672022,uncorrelated,
73,1.0,False,4.582499997923151,3054,10,predicate_aware,0.5,0.5,0.5000971909672022,uncorrelated,
74,1.0,False,4.2384999978821725,3236,10,predicate_aware,0.5,0.5,0.5000971909672022,uncorrelated,
75,1.0,False,4.157600007602014,3405,10,predicate_aware,0.5,0.5,0.5000971909672022,uncorrelated,
76,1.0,False,4.8842000105651096,3046,10,predicate_aware,0.5,0.5,0.5000971909672022,uncorrelated,
77,1.0,False,4.7953000030247495,3317,10,predicate_aware,0.5,0.5,0.5000971909672022,uncorrelated,
78,1.0,False,4.173799999989569,3219,10,predicate_aware,0.5,0.5,0.5000971909672022,uncorrelated,
79,1.0,False,3.456999998888932,1872,10,predicate_aware,0.5,0.5,0.5000971909672022,uncorrelated,
80,1.0,False,4.4249000056879595,2916,10,predicate_aware,0.5,0.5,0.5000971909672022,uncorrelated,
81,1.0,False,5.034900008467957,4014,10,predicate_aware,0.5,0.5,0.5000971909672022,uncorrelated,
82,1.0,False,5.071000006864779,3940,10,predicate_aware,0.5,0.5,0.5000971909672022,uncorrelated,
83,1.0,False,4.5003999985056,3174,10,predicate_aware,0.5,0.5,0.5000971909672022,uncorrelated,
84,1.0,False,4.562899994198233,3684,10,predicate_aware,0.5,0.5,0.5000971909672022,uncorrelated,
85,1.0,False,3.3540000003995374,1993,10,predicate_aware,0.5,0.5,0.5000971909672022,uncorrelated,
86,1.0,False,3.589599989936687,2110,10,predicate_aware,0.5,0.5,0.5000971909672022,uncorrelated,
87,1.0,False,3.701499997987412,1862,10,predicate_aware,0.5,0.5,0.5000971909672022,uncorrelated,
88,1.0,False,3.688600001623854,2095,10,predicate_aware,0.5,0.5,0.5000971909672022,uncorrelated,
89,1.0,False,3.575399998226203,2133,10,predicate_aware,0.5,0.5,0.5000971909672022,uncorrelated,
90,1.0,False,4.448799998499453,2570,10,predicate_aware,0.5,0.5,0.5000971909672022,uncorrelated,
91,1.0,False,4.022400011308491,2659,10,predicate_aware,0.5,0.5,0.5000971909672022,uncorrelated,
92,1.0,False,4.41000000864733,3215,10,predicate_aware,0.5,0.5,0.5000971909672022,uncorrelated,
93,1.0,False,4.0210000006482005,2586,10,predicate_aware,0.5,0.5,0.5000971909672022,uncorrelated,
94,1.0,False,3.4675000060815364,1926,10,predicate_aware,0.5,0.5,0.5000971909672022,uncorrelated,
95,1.0,False,4.906099988147616,3388,10,predicate_aware,0.5,0.5,0.5000971909672022,uncorrelated,
96,1.0,False,4.45150000450667,3409,10,predicate_aware,0.5,0.5,0.5000971909672022,uncorrelated,
97,1.0,False,5.257199998595752,2671,10,predicate_aware,0.5,0.5,0.5000971909672022,uncorrelated,
98,1.0,False,3.8265000039245933,1679,10,predicate_aware,0.5,0.5,0.5000971909672022,uncorrelated,
99,1.0,False,4.904699992039241,3370,10,predicate_aware,0.5,0.5,0.5000971909672022,uncorrelated,
100,1.0,False,3.910799990990199,2760,10,predicate_aware,0.5,0.5,0.5000971909672022,uncorrelated,
101,1.0,False,4.364399996120483,2719,10,predicate_aware,0.5,0.5,0.5000971909672022,uncorrelated,
102,1.0,False,4.526100005023181,3424,10,predicate_aware,0.5,0.5,0.5000971909672022,uncorrelated,
103,1.0,False,4.090100002940744,3073,10,predicate_aware,0.5,0.5,0.5000971909672022,uncorrelated,
104,1.0,False,3.897500006132759,2371,10,predicate_aware,0.5,0.5,0.5000971909672022,uncorrelated,
105,1.0,False,3.659699999843724,2515,10,predicate_aware,0.5,0.5,0.5000971909672022,uncorrelated,
106,1.0,False,3.5155999939888716,2053,10,predicate_aware,0.5,0.5,0.5000971909672022,uncorrelated,
107,1.0,False,3.559999997378327,1822,10,predicate_aware,0.5,0.5,0.5000971909672022,uncorrelated,
108,1.0,False,3.038900002138689,1415,10,predicate_aware,0.5,0.5,0.5000971909672022,uncorrelated,
109,1.0,False,3.841799989459105,2650,10,predicate_aware,0.5,0.5,0.5000971909672022,uncorrelated,
110,1.0,False,3.577299998141825,2072,10,predicate_aware,0.5,0.5,0.5000971909672022,uncorrelated,
111,1.0,False,4.50930000806693,3528,10,predicate_aware,0.5,0.5,0.5000971909672022,uncorrelated,
112,1.0,False,3.8914000033400953,1932,10,predicate_aware,0.5,0.5,0.5000971909672022,uncorrelated,
113,1.0,False,4.4602999987546355,3456,10,predicate_aware,0.5,0.5,0.5000971909672022,uncorrelated,
114,1.0,False,3.88550000207033,2460,10,predicate_aware,0.5,0.5,0.5000971909672022,uncorrelated,
115,1.0,False,4.494900000281632,3233,10,predicate_aware,0.5,0.5,0.5000971909672022,uncorrelated,
116,1.0,False,3.7060000031488016,1638,10,predicate_aware,0.5,0.5,0.5000971909672022,uncorrelated,
117,1.0,False,4.892700002528727,3990,10,predicate_aware,0.5,0.5,0.5000971909672022,uncorrelated,
118,1.0,False,4.491999992751516,3161,10,predicate_aware,0.5,0.5,0.5000971909672022,uncorrelated,
119,1.0,False,3.751099997316487,1712,10,predicate_aware,0.5,0.5,0.5000971909672022,uncorrelated,
120,1.0,False,4.718399999546818,3340,10,predicate_aware,0.5,0.5,0.5000971909672022,uncorrelated,
121,1.0,False,3.7530999979935586,2545,10,predicate_aware,0.5,0.5,0.5000971909672022,uncorrelated,
122,1.0,False,4.460099997231737,3392,10,predicate_aware,0.5,0.5,0.5000971909672022,uncorrelated,
123,1.0,False,3.6840999964624643,2513,10,predicate_aware,0.5,0.5,0.5000971909672022,uncorrelated,
124,1.0,False,3.856900002574548,2730,10,predicate_aware,0.5,0.5,0.5000971909672022,uncorrelated,
125,1.0,False,3.6130000080447644,2768,10,predicate_aware,0.5,0.5,0.5000971909672022,uncorrelated,
126,1.0,False,4.535100000794046,3472,10,predicate_aware,0.5,0.5,0.5000971909672022,uncorrelated,
127,1.0,False,4.2751000000862405,3410,10,predicate_aware,0.5,0.5,0.5000971909672022,uncorrelated,
128,1.0,False,4.231899991282262,3095,10,predicate_aware,0.5,0.5,0.5000971909672022,uncorrelated,
129,1.0,False,3.788899994106032,2545,10,predicate_aware,0.5,0.5,0.5000971909672022,uncorrelated,
130,1.0,False,5.3881999920122325,3950,10,predicate_aware,0.5,0.5,0.5000971909672022,uncorrelated,
131,1.0,False,4.572700010612607,3029,10,predicate_aware,0.5,0.5,0.5000971909672022,uncorrelated,
132,1.0,False,4.968500012182631,3937,10,predicate_aware,0.5,0.5,0.5000971909672022,uncorrelated,
133,1.0,False,5.34489999699872,3962,10,predicate_aware,0.5,0.5,0.5000971909672022,uncorrelated,
134,1.0,False,3.872599991154857,2190,10,predicate_aware,0.5,0.5,0.5000971909672022,uncorrelated,
135,1.0,False,4.563700000289828,3559,10,predicate_aware,0.5,0.5,0.5000971909672022,uncorrelated,
136,1.0,False,4.779399998369627,3894,10,predicate_aware,0.5,0.5,0.5000971909672022,uncorrelated,
137,1.0,False,4.214299988234416,3436,10,predicate_aware,0.5,0.5,0.5000971909672022,uncorrelated,
138,1.0,False,4.264100003638305,3106,10,predicate_aware,0.5,0.5,0.5000971909672022,uncorrelated,
139,1.0,False,4.298600004403852,3464,10,predicate_aware,0.5,0.5,0.5000971909672022,uncorrelated,
140,1.0,False,4.508999991230667,3425,10,predicate_aware,0.5,0.5,0.5000971909672022,uncorrelated,
141,1.0,False,4.259999986970797,2940,10,predicate_aware,0.5,0.5,0.5000971909672022,uncorrelated,
142,1.0,False,4.873300000326708,3749,10,predicate_aware,0.5,0.5,0.5000971909672022,uncorrelated,
143,1.0,False,3.3746000117389485,2064,10,predicate_aware,0.5,0.5,0.5000971909672022,uncorrelated,
144,1.0,False,5.036899994593114,3062,10,predicate_aware,0.5,0.5,0.5000971909672022,uncorrelated,
145,1.0,False,4.059599988977425,2702,10,predicate_aware,0.5,0.5,0.5000971909672022,uncorrelated,
146,1.0,False,4.064499997184612,3082,10,predicate_aware,0.5,0.5,0.5000971909672022,uncorrelated,
147,1.0,False,4.95000000228174,3618,10,predicate_aware,0.5,0.5,0.5000971909672022,uncorrelated,
148,1.0,False,4.237200002535246,3224,10,predicate_aware,0.5,0.5,0.5000971909672022,uncorrelated,
149,1.0,False,4.506299999775365,3342,10,predicate_aware,0.5,0.5,0.5000971909672022,uncorrelated,
150,1.0,False,4.025699992780574,3166,10,predicate_aware,0.5,0.5,0.5000971909672022,uncorrelated,
151,1.0,False,3.2030000002123415,1441,10,predicate_aware,0.5,0.5,0.5000971909672022,uncorrelated,
152,1.0,False,4.046799993375316,3016,10,predicate_aware,0.5,0.5,0.5000971909672022,uncorrelated,
153,1.0,False,3.8016000034986064,2737,10,predicate_aware,0.5,0.5,0.5000971909672022,uncorrelated,
154,1.0,False,4.407000000355765,3204,10,predicate_aware,0.5,0.5,0.5000971909672022,uncorrelated,
155,1.0,False,4.373799994937144,3223,10,predicate_aware,0.5,0.5,0.5000971909672022,uncorrelated,
156,1.0,False,4.477499998756684,3604,10,predicate_aware,0.5,0.5,0.5000971909672022,uncorrelated,
157,1.0,False,5.066499987151474,4306,10,predicate_aware,0.5,0.5,0.5000971909672022,uncorrelated,
158,1.0,False,3.6763999960385263,2978,10,predicate_aware,0.5,0.5,0.5000971909672022,uncorrelated,
159,1.0,False,5.012200010241941,3726,10,predicate_aware,0.5,0.5,0.5000971909672022,uncorrelated,
160,1.0,False,4.406100008054636,3531,10,predicate_aware,0.5,0.5,0.5000971909672022,uncorrelated,
161,1.0,False,4.103900006157346,3245,10,predicate_aware,0.5,0.5,0.5000971909672022,uncorrelated,
162,1.0,False,5.233899995801039,4156,10,predicate_aware,0.5,0.5,0.5000971909672022,uncorrelated,
163,1.0,False,5.023200006689876,3747,10,predicate_aware,0.5,0.5,0.5000971909672022,uncorrelated,
164,1.0,False,3.7049999955343083,2856,10,predicate_aware,0.5,0.5,0.5000971909672022,uncorrelated,
165,1.0,False,4.28480000118725,3108,10,predicate_aware,0.5,0.5,0.5000971909672022,uncorrelated,
166,1.0,False,5.403199989814311,3050,10,predicate_aware,0.5,0.5,0.5000971909672022,uncorrelated,
167,1.0,False,4.163699995842762,3356,10,predicate_aware,0.5,0.5,0.5000971909672022,uncorrelated,
168,1.0,False,4.5003999985056,3362,10,predicate_aware,0.5,0.5,0.5000971909672022,uncorrelated,
169,1.0,False,4.6212000015657395,3057,10,predicate_aware,0.5,0.5,0.5000971909672022,uncorrelated,
170,1.0,False,4.385199994430877,3291,10,predicate_aware,0.5,0.5,0.5000971909672022,uncorrelated,
171,1.0,False,4.102899998542853,3221,10,predicate_aware,0.5,0.5,0.5000971909672022,uncorrelated,
172,1.0,False,4.53890000062529,3649,10,predicate_aware,0.5,0.5,0.5000971909672022,uncorrelated,
173,1.0,False,4.636500001652166,3177,10,predicate_aware,0.5,0.5,0.5000971909672022,uncorrelated,
174,1.0,False,4.387099994346499,3282,10,predicate_aware,0.5,0.5,0.5000971909672022,uncorrelated,
175,1.0,False,4.3163000082131475,3529,10,predicate_aware,0.5,0.5,0.5000971909672022,uncorrelated,
176,1.0,False,4.326300011598505,3456,10,predicate_aware,0.5,0.5,0.5000971909672022,uncorrelated,
177,1.0,False,6.455199996707961,3563,10,predicate_aware,0.5,0.5,0.5000971909672022,uncorrelated,
178,1.0,False,4.412599999341182,3114,10,predicate_aware,0.5,0.5,0.5000971909672022,uncorrelated,
179,1.0,False,4.010699994978495,3087,10,predicate_aware,0.5,0.5,0.5000971909672022,uncorrelated,
180,1.0,False,4.216000001179054,2779,10,predicate_aware,0.5,0.5,0.5000971909672022,uncorrelated,
181,1.0,False,4.87670001166407,3874,10,predicate_aware,0.5,0.5,0.5000971909672022,uncorrelated,
182,1.0,False,3.753199998755008,2813,10,predicate_aware,0.5,0.5,0.5000971909672022,uncorrelated,
183,1.0,False,4.9263999972026795,3179,10,predicate_aware,0.5,0.5,0.5000971909672022,uncorrelated,
184,1.0,False,5.619400006253272,3584,10,predicate_aware,0.5,0.5,0.5000971909672022,uncorrelated,
185,1.0,False,3.246400010539219,1497,10,predicate_aware,0.5,0.5,0.5000971909672022,uncorrelated,
186,1.0,False,4.109300003619865,2625,10,predicate_aware,0.5,0.5,0.5000971909672022,uncorrelated,
187,1.0,False,5.015399990952574,4042,10,predicate_aware,0.5,0.5,0.5000971909672022,uncorrelated,
188,1.0,False,3.9596999995410442,2837,10,predicate_aware,0.5,0.5,0.5000971909672022,uncorrelated,
189,1.0,False,4.137000010814518,3289,10,predicate_aware,0.5,0.5,0.5000971909672022,uncorrelated,
190,1.0,False,4.0923999913502485,2826,10,predicate_aware,0.5,0.5,0.5000971909672022,uncorrelated,
191,1.0,False,4.634500000975095,3598,10,predicate_aware,0.5,0.5,0.5000971909672022,uncorrelated,
192,1.0,False,4.574600010528229,3837,10,predicate_aware,0.5,0.5,0.5000971909672022,uncorrelated,
193,1.0,False,3.922199990483932,2757,10,predicate_aware,0.5,0.5,0.5000971909672022,uncorrelated,
194,1.0,False,4.886500013526529,3708,10,predicate_aware,0.5,0.5,0.5000971909672022,uncorrelated,
195,1.0,False,4.601800013915636,3772,10,predicate_aware,0.5,0.5,0.5000971909672022,uncorrelated,
196,1.0,False,4.210499988403171,3563,10,predicate_aware,0.5,0.5,0.5000971909672022,uncorrelated,
197,1.0,False,4.051500000059605,3217,10,predicate_aware,0.5,0.5,0.5000971909672022,uncorrelated,
198,1.0,False,3.751299998839386,2009,10,predicate_aware,0.5,0.5,0.5000971909672022,uncorrelated,
199,1.0,False,4.730800006655045,3961,10,predicate_aware,0.5,0.5,0.5000971909672022,uncorrelated,
20,1.0,False,3.6515999963739887,2337,10,planner,0.5,0.5,0.5000971909672022,uncorrelated,"predicate_aware: ŝ=0.5001 -> cost=105 < pre_filter=50010, post_filter=132"
21,1.0,False,3.7955000007059425,2796,10,planner,0.5,0.5,0.5000971909672022,uncorrelated,"predicate_aware: ŝ=0.5001 -> cost=105 < pre_filter=50010, post_filter=132"
22,1.0,False,3.893400004017167,2888,10,planner,0.5,0.5,0.5000971909672022,uncorrelated,"predicate_aware: ŝ=0.5001 -> cost=105 < pre_filter=50010, post_filter=132"
23,1.0,False,4.648400004953146,3032,10,planner,0.5,0.5,0.5000971909672022,uncorrelated,"predicate_aware: ŝ=0.5001 -> cost=105 < pre_filter=50010, post_filter=132"
24,1.0,False,4.076800003531389,3121,10,planner,0.5,0.5,0.5000971909672022,uncorrelated,"predicate_aware: ŝ=0.5001 -> cost=105 < pre_filter=50010, post_filter=132"
25,1.0,False,4.282900001271628,3191,10,planner,0.5,0.5,0.5000971909672022,uncorrelated,"predicate_aware: ŝ=0.5001 -> cost=105 < pre_filter=50010, post_filter=132"
26,1.0,False,4.37219999730587,3366,10,planner,0.5,0.5,0.5000971909672022,uncorrelated,"predicate_aware: ŝ=0.5001 -> cost=105 < pre_filter=50010, post_filter=132"
27,1.0,False,4.102999999304302,2970,10,planner,0.5,0.5,0.5000971909672022,uncorrelated,"predicate_aware: ŝ=0.5001 -> cost=105 < pre_filter=50010, post_filter=132"
28,1.0,False,3.7967999960528687,2997,10,planner,0.5,0.5,0.5000971909672022,uncorrelated,"predicate_aware: ŝ=0.5001 -> cost=105 < pre_filter=50010, post_filter=132"
29,1.0,False,3.2279000006383285,1711,10,planner,0.5,0.5,0.5000971909672022,uncorrelated,"predicate_aware: ŝ=0.5001 -> cost=105 < pre_filter=50010, post_filter=132"
30,1.0,False,4.447200000868179,3195,10,planner,0.5,0.5,0.5000971909672022,uncorrelated,"predicate_aware: ŝ=0.5001 -> cost=105 < pre_filter=50010, post_filter=132"
31,1.0,False,4.300000000512227,3351,10,planner,0.5,0.5,0.5000971909672022,uncorrelated,"predicate_aware: ŝ=0.5001 -> cost=105 < pre_filter=50010, post_filter=132"
32,1.0,False,4.055400000652298,3145,10,planner,0.5,0.5,0.5000971909672022,uncorrelated,"predicate_aware: ŝ=0.5001 -> cost=105 < pre_filter=50010, post_filter=132"
33,1.0,False,3.9461999986087903,2901,10,planner,0.5,0.5,0.5000971909672022,uncorrelated,"predicate_aware: ŝ=0.5001 -> cost=105 < pre_filter=50010, post_filter=132"
34,1.0,False,5.086000004666857,3825,10,planner,0.5,0.5,0.5000971909672022,uncorrelated,"predicate_aware: ŝ=0.5001 -> cost=105 < pre_filter=50010, post_filter=132"
35,1.0,False,4.339000006439164,3428,10,planner,0.5,0.5,0.5000971909672022,uncorrelated,"predicate_aware: ŝ=0.5001 -> cost=105 < pre_filter=50010, post_filter=132"
36,1.0,False,4.756100010126829,4192,10,planner,0.5,0.5,0.5000971909672022,uncorrelated,"predicate_aware: ŝ=0.5001 -> cost=105 < pre_filter=50010, post_filter=132"
37,1.0,False,4.86780000210274,2916,10,planner,0.5,0.5,0.5000971909672022,uncorrelated,"predicate_aware: ŝ=0.5001 -> cost=105 < pre_filter=50010, post_filter=132"
38,1.0,False,4.182699994998984,3179,10,planner,0.5,0.5,0.5000971909672022,uncorrelated,"predicate_aware: ŝ=0.5001 -> cost=105 < pre_filter=50010, post_filter=132"
39,1.0,False,4.549899997073226,2680,10,planner,0.5,0.5,0.5000971909672022,uncorrelated,"predicate_aware: ŝ=0.5001 -> cost=105 < pre_filter=50010, post_filter=132"
40,1.0,False,3.719000000273809,2970,10,planner,0.5,0.5,0.5000971909672022,uncorrelated,"predicate_aware: ŝ=0.5001 -> cost=105 < pre_filter=50010, post_filter=132"
41,1.0,False,3.793200012296438,1966,10,planner,0.5,0.5,0.5000971909672022,uncorrelated,"predicate_aware: ŝ=0.5001 -> cost=105 < pre_filter=50010, post_filter=132"
42,1.0,False,4.746499995235354,3187,10,planner,0.5,0.5,0.5000971909672022,uncorrelated,"predicate_aware: ŝ=0.5001 -> cost=105 < pre_filter=50010, post_filter=132"
43,1.0,False,5.367499994463287,4102,10,planner,0.5,0.5,0.5000971909672022,uncorrelated,"predicate_aware: ŝ=0.5001 -> cost=105 < pre_filter=50010, post_filter=132"
44,1.0,False,4.743700003018603,2706,10,planner,0.5,0.5,0.5000971909672022,uncorrelated,"predicate_aware: ŝ=0.5001 -> cost=105 < pre_filter=50010, post_filter=132"
45,1.0,False,4.054700009874068,2918,10,planner,0.5,0.5,0.5000971909672022,uncorrelated,"predicate_aware: ŝ=0.5001 -> cost=105 < pre_filter=50010, post_filter=132"
46,1.0,False,3.8886999973328784,2637,10,planner,0.5,0.5,0.5000971909672022,uncorrelated,"predicate_aware: ŝ=0.5001 -> cost=105 < pre_filter=50010, post_filter=132"
47,1.0,False,4.308700008550659,3533,10,planner,0.5,0.5,0.5000971909672022,uncorrelated,"predicate_aware: ŝ=0.5001 -> cost=105 < pre_filter=50010, post_filter=132"
48,1.0,False,5.749200005084276,3327,10,planner,0.5,0.5,0.5000971909672022,uncorrelated,"predicate_aware: ŝ=0.5001 -> cost=105 < pre_filter=50010, post_filter=132"
49,1.0,False,4.865399998379871,2586,10,planner,0.5,0.5,0.5000971909672022,uncorrelated,"predicate_aware: ŝ=0.5001 -> cost=105 < pre_filter=50010, post_filter=132"
50,1.0,False,5.903600002056919,3187,10,planner,0.5,0.5,0.5000971909672022,uncorrelated,"predicate_aware: ŝ=0.5001 -> cost=105 < pre_filter=50010, post_filter=132"
51,1.0,False,4.896699989330955,2578,10,planner,0.5,0.5,0.5000971909672022,uncorrelated,"predicate_aware: ŝ=0.5001 -> cost=105 < pre_filter=50010, post_filter=132"
52,1.0,False,5.634700006339699,3591,10,planner,0.5,0.5,0.5000971909672022,uncorrelated,"predicate_aware: ŝ=0.5001 -> cost=105 < pre_filter=50010, post_filter=132"
53,1.0,False,5.352099993615411,3384,10,planner,0.5,0.5,0.5000971909672022,uncorrelated,"predicate_aware: ŝ=0.5001 -> cost=105 < pre_filter=50010, post_filter=132"
54,1.0,False,4.0939000027719885,1391,10,planner,0.5,0.5,0.5000971909672022,uncorrelated,"predicate_aware: ŝ=0.5001 -> cost=105 < pre_filter=50010, post_filter=132"
55,1.0,False,4.0972999995574355,2044,10,planner,0.5,0.5,0.5000971909672022,uncorrelated,"predicate_aware: ŝ=0.5001 -> cost=105 < pre_filter=50010, post_filter=132"
56,1.0,False,4.157000003033318,2961,10,planner,0.5,0.5,0.5000971909672022,uncorrelated,"predicate_aware: ŝ=0.5001 -> cost=105 < pre_filter=50010, post_filter=132"
57,1.0,False,4.672800001571886,3256,10,planner,0.5,0.5,0.5000971909672022,uncorrelated,"predicate_aware: ŝ=0.5001 -> cost=105 < pre_filter=50010, post_filter=132"
58,1.0,False,4.298300002119504,3593,10,planner,0.5,0.5,0.5000971909672022,uncorrelated,"predicate_aware: ŝ=0.5001 -> cost=105 < pre_filter=50010, post_filter=132"
59,1.0,False,3.4325000015087426,1797,10,planner,0.5,0.5,0.5000971909672022,uncorrelated,"predicate_aware: ŝ=0.5001 -> cost=105 < pre_filter=50010, post_filter=132"
60,1.0,False,3.8991000037640333,3202,10,planner,0.5,0.5,0.5000971909672022,uncorrelated,"predicate_aware: ŝ=0.5001 -> cost=105 < pre_filter=50010, post_filter=132"
61,1.0,False,4.130400004214607,2767,10,planner,0.5,0.5,0.5000971909672022,uncorrelated,"predicate_aware: ŝ=0.5001 -> cost=105 < pre_filter=50010, post_filter=132"
62,1.0,False,3.7422000023070723,1826,10,planner,0.5,0.5,0.5000971909672022,uncorrelated,"predicate_aware: ŝ=0.5001 -> cost=105 < pre_filter=50010, post_filter=132"
63,1.0,False,3.802399995038286,2327,10,planner,0.5,0.5,0.5000971909672022,uncorrelated,"predicate_aware: ŝ=0.5001 -> cost=105 < pre_filter=50010, post_filter=132"
64,1.0,False,4.654999997001141,2600,10,planner,0.5,0.5,0.5000971909672022,uncorrelated,"predicate_aware: ŝ=0.5001 -> cost=105 < pre_filter=50010, post_filter=132"
65,1.0,False,4.236799999489449,2101,10,planner,0.5,0.5,0.5000971909672022,uncorrelated,"predicate_aware: ŝ=0.5001 -> cost=105 < pre_filter=50010, post_filter=132"
66,1.0,False,3.8486999983433634,2316,10,planner,0.5,0.5,0.5000971909672022,uncorrelated,"predicate_aware: ŝ=0.5001 -> cost=105 < pre_filter=50010, post_filter=132"
67,1.0,False,3.8383000064641237,2084,10,planner,0.5,0.5,0.5000971909672022,uncorrelated,"predicate_aware: ŝ=0.5001 -> cost=105 < pre_filter=50010, post_filter=132"
68,1.0,False,3.7912000116193667,2274,10,planner,0.5,0.5,0.5000971909672022,uncorrelated,"predicate_aware: ŝ=0.5001 -> cost=105 < pre_filter=50010, post_filter=132"
69,1.0,False,5.2426999900490046,3686,10,planner,0.5,0.5,0.5000971909672022,uncorrelated,"predicate_aware: ŝ=0.5001 -> cost=105 < pre_filter=50010, post_filter=132"
70,1.0,False,3.2524999987799674,1642,10,planner,0.5,0.5,0.5000971909672022,uncorrelated,"predicate_aware: ŝ=0.5001 -> cost=105 < pre_filter=50010, post_filter=132"
71,1.0,False,4.100700010894798,2752,10,planner,0.5,0.5,0.5000971909672022,uncorrelated,"predicate_aware: ŝ=0.5001 -> cost=105 < pre_filter=50010, post_filter=132"
72,1.0,False,4.996199990273453,4169,10,planner,0.5,0.5,0.5000971909672022,uncorrelated,"predicate_aware: ŝ=0.5001 -> cost=105 < pre_filter=50010, post_filter=132"
73,1.0,False,4.582499997923151,3054,10,planner,0.5,0.5,0.5000971909672022,uncorrelated,"predicate_aware: ŝ=0.5001 -> cost=105 < pre_filter=50010, post_filter=132"
74,1.0,False,4.2384999978821725,3236,10,planner,0.5,0.5,0.5000971909672022,uncorrelated,"predicate_aware: ŝ=0.5001 -> cost=105 < pre_filter=50010, post_filter=132"
75,1.0,False,4.157600007602014,3405,10,planner,0.5,0.5,0.5000971909672022,uncorrelated,"predicate_aware: ŝ=0.5001 -> cost=105 < pre_filter=50010, post_filter=132"
76,1.0,False,4.8842000105651096,3046,10,planner,0.5,0.5,0.5000971909672022,uncorrelated,"predicate_aware: ŝ=0.5001 -> cost=105 < pre_filter=50010, post_filter=132"
77,1.0,False,4.7953000030247495,3317,10,planner,0.5,0.5,0.5000971909672022,uncorrelated,"predicate_aware: ŝ=0.5001 -> cost=105 < pre_filter=50010, post_filter=132"
78,1.0,False,4.173799999989569,3219,10,planner,0.5,0.5,0.5000971909672022,uncorrelated,"predicate_aware: ŝ=0.5001 -> cost=105 < pre_filter=50010, post_filter=132"
79,1.0,False,3.456999998888932,1872,10,planner,0.5,0.5,0.5000971909672022,uncorrelated,"predicate_aware: ŝ=0.5001 -> cost=105 < pre_filter=50010, post_filter=132"
80,1.0,False,4.4249000056879595,2916,10,planner,0.5,0.5,0.5000971909672022,uncorrelated,"predicate_aware: ŝ=0.5001 -> cost=105 < pre_filter=50010, post_filter=132"
81,1.0,False,5.034900008467957,4014,10,planner,0.5,0.5,0.5000971909672022,uncorrelated,"predicate_aware: ŝ=0.5001 -> cost=105 < pre_filter=50010, post_filter=132"
82,1.0,False,5.071000006864779,3940,10,planner,0.5,0.5,0.5000971909672022,uncorrelated,"predicate_aware: ŝ=0.5001 -> cost=105 < pre_filter=50010, post_filter=132"
83,1.0,False,4.5003999985056,3174,10,planner,0.5,0.5,0.5000971909672022,uncorrelated,"predicate_aware: ŝ=0.5001 -> cost=105 < pre_filter=50010, post_filter=132"
84,1.0,False,4.562899994198233,3684,10,planner,0.5,0.5,0.5000971909672022,uncorrelated,"predicate_aware: ŝ=0.5001 -> cost=105 < pre_filter=50010, post_filter=132"
85,1.0,False,3.3540000003995374,1993,10,planner,0.5,0.5,0.5000971909672022,uncorrelated,"predicate_aware: ŝ=0.5001 -> cost=105 < pre_filter=50010, post_filter=132"
86,1.0,False,3.589599989936687,2110,10,planner,0.5,0.5,0.5000971909672022,uncorrelated,"predicate_aware: ŝ=0.5001 -> cost=105 < pre_filter=50010, post_filter=132"
87,1.0,False,3.701499997987412,1862,10,planner,0.5,0.5,0.5000971909672022,uncorrelated,"predicate_aware: ŝ=0.5001 -> cost=105 < pre_filter=50010, post_filter=132"
88,1.0,False,3.688600001623854,2095,10,planner,0.5,0.5,0.5000971909672022,uncorrelated,"predicate_aware: ŝ=0.5001 -> cost=105 < pre_filter=50010, post_filter=132"
89,1.0,False,3.575399998226203,2133,10,planner,0.5,0.5,0.5000971909672022,uncorrelated,"predicate_aware: ŝ=0.5001 -> cost=105 < pre_filter=50010, post_filter=132"
90,1.0,False,4.448799998499453,2570,10,planner,0.5,0.5,0.5000971909672022,uncorrelated,"predicate_aware: ŝ=0.5001 -> cost=105 < pre_filter=50010, post_filter=132"
91,1.0,False,4.022400011308491,2659,10,planner,0.5,0.5,0.5000971909672022,uncorrelated,"predicate_aware: ŝ=0.5001 -> cost=105 < pre_filter=50010, post_filter=132"
92,1.0,False,4.41000000864733,3215,10,planner,0.5,0.5,0.5000971909672022,uncorrelated,"predicate_aware: ŝ=0.5001 -> cost=105 < pre_filter=50010, post_filter=132"
93,1.0,False,4.0210000006482005,2586,10,planner,0.5,0.5,0.5000971909672022,uncorrelated,"predicate_aware: ŝ=0.5001 -> cost=105 < pre_filter=50010, post_filter=132"
94,1.0,False,3.4675000060815364,1926,10,planner,0.5,0.5,0.5000971909672022,uncorrelated,"predicate_aware: ŝ=0.5001 -> cost=105 < pre_filter=50010, post_filter=132"
95,1.0,False,4.906099988147616,3388,10,planner,0.5,0.5,0.5000971909672022,uncorrelated,"predicate_aware: ŝ=0.5001 -> cost=105 < pre_filter=50010, post_filter=132"
96,1.0,False,4.45150000450667,3409,10,planner,0.5,0.5,0.5000971909672022,uncorrelated,"predicate_aware: ŝ=0.5001 -> cost=105 < pre_filter=50010, post_filter=132"
97,1.0,False,5.257199998595752,2671,10,planner,0.5,0.5,0.5000971909672022,uncorrelated,"predicate_aware: ŝ=0.5001 -> cost=105 < pre_filter=50010, post_filter=132"
98,1.0,False,3.8265000039245933,1679,10,planner,0.5,0.5,0.5000971909672022,uncorrelated,"predicate_aware: ŝ=0.5001 -> cost=105 < pre_filter=50010, post_filter=132"
99,1.0,False,4.904699992039241,3370,10,planner,0.5,0.5,0.5000971909672022,uncorrelated,"predicate_aware: ŝ=0.5001 -> cost=105 < pre_filter=50010, post_filter=132"
100,1.0,False,3.910799990990199,2760,10,planner,0.5,0.5,0.5000971909672022,uncorrelated,"predicate_aware: ŝ=0.5001 -> cost=105 < pre_filter=50010, post_filter=132"
101,1.0,False,4.364399996120483,2719,10,planner,0.5,0.5,0.5000971909672022,uncorrelated,"predicate_aware: ŝ=0.5001 -> cost=105 < pre_filter=50010, post_filter=132"
102,1.0,False,4.526100005023181,3424,10,planner,0.5,0.5,0.5000971909672022,uncorrelated,"predicate_aware: ŝ=0.5001 -> cost=105 < pre_filter=50010, post_filter=132"
103,1.0,False,4.090100002940744,3073,10,planner,0.5,0.5,0.5000971909672022,uncorrelated,"predicate_aware: ŝ=0.5001 -> cost=105 < pre_filter=50010, post_filter=132"
104,1.0,False,3.897500006132759,2371,10,planner,0.5,0.5,0.5000971909672022,uncorrelated,"predicate_aware: ŝ=0.5001 -> cost=105 < pre_filter=50010, post_filter=132"
105,1.0,False,3.659699999843724,2515,10,planner,0.5,0.5,0.5000971909672022,uncorrelated,"predicate_aware: ŝ=0.5001 -> cost=105 < pre_filter=50010, post_filter=132"
106,1.0,False,3.5155999939888716,2053,10,planner,0.5,0.5,0.5000971909672022,uncorrelated,"predicate_aware: ŝ=0.5001 -> cost=105 < pre_filter=50010, post_filter=132"
107,1.0,False,3.559999997378327,1822,10,planner,0.5,0.5,0.5000971909672022,uncorrelated,"predicate_aware: ŝ=0.5001 -> cost=105 < pre_filter=50010, post_filter=132"
108,1.0,False,3.038900002138689,1415,10,planner,0.5,0.5,0.5000971909672022,uncorrelated,"predicate_aware: ŝ=0.5001 -> cost=105 < pre_filter=50010, post_filter=132"
109,1.0,False,3.841799989459105,2650,10,planner,0.5,0.5,0.5000971909672022,uncorrelated,"predicate_aware: ŝ=0.5001 -> cost=105 < pre_filter=50010, post_filter=132"
110,1.0,False,3.577299998141825,2072,10,planner,0.5,0.5,0.5000971909672022,uncorrelated,"predicate_aware: ŝ=0.5001 -> cost=105 < pre_filter=50010, post_filter=132"
111,1.0,False,4.50930000806693,3528,10,planner,0.5,0.5,0.5000971909672022,uncorrelated,"predicate_aware: ŝ=0.5001 -> cost=105 < pre_filter=50010, post_filter=132"
112,1.0,False,3.8914000033400953,1932,10,planner,0.5,0.5,0.5000971909672022,uncorrelated,"predicate_aware: ŝ=0.5001 -> cost=105 < pre_filter=50010, post_filter=132"
113,1.0,False,4.4602999987546355,3456,10,planner,0.5,0.5,0.5000971909672022,uncorrelated,"predicate_aware: ŝ=0.5001 -> cost=105 < pre_filter=50010, post_filter=132"
114,1.0,False,3.88550000207033,2460,10,planner,0.5,0.5,0.5000971909672022,uncorrelated,"predicate_aware: ŝ=0.5001 -> cost=105 < pre_filter=50010, post_filter=132"
115,1.0,False,4.494900000281632,3233,10,planner,0.5,0.5,0.5000971909672022,uncorrelated,"predicate_aware: ŝ=0.5001 -> cost=105 < pre_filter=50010, post_filter=132"
116,1.0,False,3.7060000031488016,1638,10,planner,0.5,0.5,0.5000971909672022,uncorrelated,"predicate_aware: ŝ=0.5001 -> cost=105 < pre_filter=50010, post_filter=132"
117,1.0,False,4.892700002528727,3990,10,planner,0.5,0.5,0.5000971909672022,uncorrelated,"predicate_aware: ŝ=0.5001 -> cost=105 < pre_filter=50010, post_filter=132"
118,1.0,False,4.491999992751516,3161,10,planner,0.5,0.5,0.5000971909672022,uncorrelated,"predicate_aware: ŝ=0.5001 -> cost=105 < pre_filter=50010, post_filter=132"
119,1.0,False,3.751099997316487,1712,10,planner,0.5,0.5,0.5000971909672022,uncorrelated,"predicate_aware: ŝ=0.5001 -> cost=105 < pre_filter=50010, post_filter=132"
120,1.0,False,4.718399999546818,3340,10,planner,0.5,0.5,0.5000971909672022,uncorrelated,"predicate_aware: ŝ=0.5001 -> cost=105 < pre_filter=50010, post_filter=132"
121,1.0,False,3.7530999979935586,2545,10,planner,0.5,0.5,0.5000971909672022,uncorrelated,"predicate_aware: ŝ=0.5001 -> cost=105 < pre_filter=50010, post_filter=132"
122,1.0,False,4.460099997231737,3392,10,planner,0.5,0.5,0.5000971909672022,uncorrelated,"predicate_aware: ŝ=0.5001 -> cost=105 < pre_filter=50010, post_filter=132"
123,1.0,False,3.6840999964624643,2513,10,planner,0.5,0.5,0.5000971909672022,uncorrelated,"predicate_aware: ŝ=0.5001 -> cost=105 < pre_filter=50010, post_filter=132"
124,1.0,False,3.856900002574548,2730,10,planner,0.5,0.5,0.5000971909672022,uncorrelated,"predicate_aware: ŝ=0.5001 -> cost=105 < pre_filter=50010, post_filter=132"
125,1.0,False,3.6130000080447644,2768,10,planner,0.5,0.5,0.5000971909672022,uncorrelated,"predicate_aware: ŝ=0.5001 -> cost=105 < pre_filter=50010, post_filter=132"
126,1.0,False,4.535100000794046,3472,10,planner,0.5,0.5,0.5000971909672022,uncorrelated,"predicate_aware: ŝ=0.5001 -> cost=105 < pre_filter=50010, post_filter=132"
127,1.0,False,4.2751000000862405,3410,10,planner,0.5,0.5,0.5000971909672022,uncorrelated,"predicate_aware: ŝ=0.5001 -> cost=105 < pre_filter=50010, post_filter=132"
128,1.0,False,4.231899991282262,3095,10,planner,0.5,0.5,0.5000971909672022,uncorrelated,"predicate_aware: ŝ=0.5001 -> cost=105 < pre_filter=50010, post_filter=132"
129,1.0,False,3.788899994106032,2545,10,planner,0.5,0.5,0.5000971909672022,uncorrelated,"predicate_aware: ŝ=0.5001 -> cost=105 < pre_filter=50010, post_filter=132"
130,1.0,False,5.3881999920122325,3950,10,planner,0.5,0.5,0.5000971909672022,uncorrelated,"predicate_aware: ŝ=0.5001 -> cost=105 < pre_filter=50010, post_filter=132"
131,1.0,False,4.572700010612607,3029,10,planner,0.5,0.5,0.5000971909672022,uncorrelated,"predicate_aware: ŝ=0.5001 -> cost=105 < pre_filter=50010, post_filter=132"
132,1.0,False,4.968500012182631,3937,10,planner,0.5,0.5,0.5000971909672022,uncorrelated,"predicate_aware: ŝ=0.5001 -> cost=105 < pre_filter=50010, post_filter=132"
133,1.0,False,5.34489999699872,3962,10,planner,0.5,0.5,0.5000971909672022,uncorrelated,"predicate_aware: ŝ=0.5001 -> cost=105 < pre_filter=50010, post_filter=132"
134,1.0,False,3.872599991154857,2190,10,planner,0.5,0.5,0.5000971909672022,uncorrelated,"predicate_aware: ŝ=0.5001 -> cost=105 < pre_filter=50010, post_filter=132"
135,1.0,False,4.563700000289828,3559,10,planner,0.5,0.5,0.5000971909672022,uncorrelated,"predicate_aware: ŝ=0.5001 -> cost=105 < pre_filter=50010, post_filter=132"
136,1.0,False,4.779399998369627,3894,10,planner,0.5,0.5,0.5000971909672022,uncorrelated,"predicate_aware: ŝ=0.5001 -> cost=105 < pre_filter=50010, post_filter=132"
137,1.0,False,4.214299988234416,3436,10,planner,0.5,0.5,0.5000971909672022,uncorrelated,"predicate_aware: ŝ=0.5001 -> cost=105 < pre_filter=50010, post_filter=132"
138,1.0,False,4.264100003638305,3106,10,planner,0.5,0.5,0.5000971909672022,uncorrelated,"predicate_aware: ŝ=0.5001 -> cost=105 < pre_filter=50010, post_filter=132"
139,1.0,False,4.298600004403852,3464,10,planner,0.5,0.5,0.5000971909672022,uncorrelated,"predicate_aware: ŝ=0.5001 -> cost=105 < pre_filter=50010, post_filter=132"
140,1.0,False,4.508999991230667,3425,10,planner,0.5,0.5,0.5000971909672022,uncorrelated,"predicate_aware: ŝ=0.5001 -> cost=105 < pre_filter=50010, post_filter=132"
141,1.0,False,4.259999986970797,2940,10,planner,0.5,0.5,0.5000971909672022,uncorrelated,"predicate_aware: ŝ=0.5001 -> cost=105 < pre_filter=50010, post_filter=132"
142,1.0,False,4.873300000326708,3749,10,planner,0.5,0.5,0.5000971909672022,uncorrelated,"predicate_aware: ŝ=0.5001 -> cost=105 < pre_filter=50010, post_filter=132"
143,1.0,False,3.3746000117389485,2064,10,planner,0.5,0.5,0.5000971909672022,uncorrelated,"predicate_aware: ŝ=0.5001 -> cost=105 < pre_filter=50010, post_filter=132"
144,1.0,False,5.036899994593114,3062,10,planner,0.5,0.5,0.5000971909672022,uncorrelated,"predicate_aware: ŝ=0.5001 -> cost=105 < pre_filter=50010, post_filter=132"
145,1.0,False,4.059599988977425,2702,10,planner,0.5,0.5,0.5000971909672022,uncorrelated,"predicate_aware: ŝ=0.5001 -> cost=105 < pre_filter=50010, post_filter=132"
146,1.0,False,4.064499997184612,3082,10,planner,0.5,0.5,0.5000971909672022,uncorrelated,"predicate_aware: ŝ=0.5001 -> cost=105 < pre_filter=50010, post_filter=132"
147,1.0,False,4.95000000228174,3618,10,planner,0.5,0.5,0.5000971909672022,uncorrelated,"predicate_aware: ŝ=0.5001 -> cost=105 < pre_filter=50010, post_filter=132"
148,1.0,False,4.237200002535246,3224,10,planner,0.5,0.5,0.5000971909672022,uncorrelated,"predicate_aware: ŝ=0.5001 -> cost=105 < pre_filter=50010, post_filter=132"
149,1.0,False,4.506299999775365,3342,10,planner,0.5,0.5,0.5000971909672022,uncorrelated,"predicate_aware: ŝ=0.5001 -> cost=105 < pre_filter=50010, post_filter=132"
150,1.0,False,4.025699992780574,3166,10,planner,0.5,0.5,0.5000971909672022,uncorrelated,"predicate_aware: ŝ=0.5001 -> cost=105 < pre_filter=50010, post_filter=132"
151,1.0,False,3.2030000002123415,1441,10,planner,0.5,0.5,0.5000971909672022,uncorrelated,"predicate_aware: ŝ=0.5001 -> cost=105 < pre_filter=50010, post_filter=132"
152,1.0,False,4.046799993375316,3016,10,planner,0.5,0.5,0.5000971909672022,uncorrelated,"predicate_aware: ŝ=0.5001 -> cost=105 < pre_filter=50010, post_filter=132"
153,1.0,False,3.8016000034986064,2737,10,planner,0.5,0.5,0.5000971909672022,uncorrelated,"predicate_aware: ŝ=0.5001 -> cost=105 < pre_filter=50010, post_filter=132"
154,1.0,False,4.407000000355765,3204,10,planner,0.5,0.5,0.5000971909672022,uncorrelated,"predicate_aware: ŝ=0.5001 -> cost=105 < pre_filter=50010, post_filter=132"
155,1.0,False,4.373799994937144,3223,10,planner,0.5,0.5,0.5000971909672022,uncorrelated,"predicate_aware: ŝ=0.5001 -> cost=105 < pre_filter=50010, post_filter=132"
156,1.0,False,4.477499998756684,3604,10,planner,0.5,0.5,0.5000971909672022,uncorrelated,"predicate_aware: ŝ=0.5001 -> cost=105 < pre_filter=50010, post_filter=132"
157,1.0,False,5.066499987151474,4306,10,planner,0.5,0.5,0.5000971909672022,uncorrelated,"predicate_aware: ŝ=0.5001 -> cost=105 < pre_filter=50010, post_filter=132"
158,1.0,False,3.6763999960385263,2978,10,planner,0.5,0.5,0.5000971909672022,uncorrelated,"predicate_aware: ŝ=0.5001 -> cost=105 < pre_filter=50010, post_filter=132"
159,1.0,False,5.012200010241941,3726,10,planner,0.5,0.5,0.5000971909672022,uncorrelated,"predicate_aware: ŝ=0.5001 -> cost=105 < pre_filter=50010, post_filter=132"
160,1.0,False,4.406100008054636,3531,10,planner,0.5,0.5,0.5000971909672022,uncorrelated,"predicate_aware: ŝ=0.5001 -> cost=105 < pre_filter=50010, post_filter=132"
161,1.0,False,4.103900006157346,3245,10,planner,0.5,0.5,0.5000971909672022,uncorrelated,"predicate_aware: ŝ=0.5001 -> cost=105 < pre_filter=50010, post_filter=132"
162,1.0,False,5.233899995801039,4156,10,planner,0.5,0.5,0.5000971909672022,uncorrelated,"predicate_aware: ŝ=0.5001 -> cost=105 < pre_filter=50010, post_filter=132"
163,1.0,False,5.023200006689876,3747,10,planner,0.5,0.5,0.5000971909672022,uncorrelated,"predicate_aware: ŝ=0.5001 -> cost=105 < pre_filter=50010, post_filter=132"
164,1.0,False,3.7049999955343083,2856,10,planner,0.5,0.5,0.5000971909672022,uncorrelated,"predicate_aware: ŝ=0.5001 -> cost=105 < pre_filter=50010, post_filter=132"
165,1.0,False,4.28480000118725,3108,10,planner,0.5,0.5,0.5000971909672022,uncorrelated,"predicate_aware: ŝ=0.5001 -> cost=105 < pre_filter=50010, post_filter=132"
166,1.0,False,5.403199989814311,3050,10,planner,0.5,0.5,0.5000971909672022,uncorrelated,"predicate_aware: ŝ=0.5001 -> cost=105 < pre_filter=50010, post_filter=132"
167,1.0,False,4.163699995842762,3356,10,planner,0.5,0.5,0.5000971909672022,uncorrelated,"predicate_aware: ŝ=0.5001 -> cost=105 < pre_filter=50010, post_filter=132"
168,1.0,False,4.5003999985056,3362,10,planner,0.5,0.5,0.5000971909672022,uncorrelated,"predicate_aware: ŝ=0.5001 -> cost=105 < pre_filter=50010, post_filter=132"
169,1.0,False,4.6212000015657395,3057,10,planner,0.5,0.5,0.5000971909672022,uncorrelated,"predicate_aware: ŝ=0.5001 -> cost=105 < pre_filter=50010, post_filter=132"
170,1.0,False,4.385199994430877,3291,10,planner,0.5,0.5,0.5000971909672022,uncorrelated,"predicate_aware: ŝ=0.5001 -> cost=105 < pre_filter=50010, post_filter=132"
171,1.0,False,4.102899998542853,3221,10,planner,0.5,0.5,0.5000971909672022,uncorrelated,"predicate_aware: ŝ=0.5001 -> cost=105 < pre_filter=50010, post_filter=132"
172,1.0,False,4.53890000062529,3649,10,planner,0.5,0.5,0.5000971909672022,uncorrelated,"predicate_aware: ŝ=0.5001 -> cost=105 < pre_filter=50010, post_filter=132"
173,1.0,False,4.636500001652166,3177,10,planner,0.5,0.5,0.5000971909672022,uncorrelated,"predicate_aware: ŝ=0.5001 -> cost=105 < pre_filter=50010, post_filter=132"
174,1.0,False,4.387099994346499,3282,10,planner,0.5,0.5,0.5000971909672022,uncorrelated,"predicate_aware: ŝ=0.5001 -> cost=105 < pre_filter=50010, post_filter=132"
175,1.0,False,4.3163000082131475,3529,10,planner,0.5,0.5,0.5000971909672022,uncorrelated,"predicate_aware: ŝ=0.5001 -> cost=105 < pre_filter=50010, post_filter=132"
176,1.0,False,4.326300011598505,3456,10,planner,0.5,0.5,0.5000971909672022,uncorrelated,"predicate_aware: ŝ=0.5001 -> cost=105 < pre_filter=50010, post_filter=132"
177,1.0,False,6.455199996707961,3563,10,planner,0.5,0.5,0.5000971909672022,uncorrelated,"predicate_aware: ŝ=0.5001 -> cost=105 < pre_filter=50010, post_filter=132"
178,1.0,False,4.412599999341182,3114,10,planner,0.5,0.5,0.5000971909672022,uncorrelated,"predicate_aware: ŝ=0.5001 -> cost=105 < pre_filter=50010, post_filter=132"
179,1.0,False,4.010699994978495,3087,10,planner,0.5,0.5,0.5000971909672022,uncorrelated,"predicate_aware: ŝ=0.5001 -> cost=105 < pre_filter=50010, post_filter=132"
180,1.0,False,4.216000001179054,2779,10,planner,0.5,0.5,0.5000971909672022,uncorrelated,"predicate_aware: ŝ=0.5001 -> cost=105 < pre_filter=50010, post_filter=132"
181,1.0,False,4.87670001166407,3874,10,planner,0.5,0.5,0.5000971909672022,uncorrelated,"predicate_aware: ŝ=0.5001 -> cost=105 < pre_filter=50010, post_filter=132"
182,1.0,False,3.753199998755008,2813,10,planner,0.5,0.5,0.5000971909672022,uncorrelated,"predicate_aware: ŝ=0.5001 -> cost=105 < pre_filter=50010, post_filter=132"
183,1.0,False,4.9263999972026795,3179,10,planner,0.5,0.5,0.5000971909672022,uncorrelated,"predicate_aware: ŝ=0.5001 -> cost=105 < pre_filter=50010, post_filter=132"
184,1.0,False,5.619400006253272,3584,10,planner,0.5,0.5,0.5000971909672022,uncorrelated,"predicate_aware: ŝ=0.5001 -> cost=105 < pre_filter=50010, post_filter=132"
185,1.0,False,3.246400010539219,1497,10,planner,0.5,0.5,0.5000971909672022,uncorrelated,"predicate_aware: ŝ=0.5001 -> cost=105 < pre_filter=50010, post_filter=132"
186,1.0,False,4.109300003619865,2625,10,planner,0.5,0.5,0.5000971909672022,uncorrelated,"predicate_aware: ŝ=0.5001 -> cost=105 < pre_filter=50010, post_filter=132"
187,1.0,False,5.015399990952574,4042,10,planner,0.5,0.5,0.5000971909672022,uncorrelated,"predicate_aware: ŝ=0.5001 -> cost=105 < pre_filter=50010, post_filter=132"
188,1.0,False,3.9596999995410442,2837,10,planner,0.5,0.5,0.5000971909672022,uncorrelated,"predicate_aware: ŝ=0.5001 -> cost=105 < pre_filter=50010, post_filter=132"
189,1.0,False,4.137000010814518,3289,10,planner,0.5,0.5,0.5000971909672022,uncorrelated,"predicate_aware: ŝ=0.5001 -> cost=105 < pre_filter=50010, post_filter=132"
190,1.0,False,4.0923999913502485,2826,10,planner,0.5,0.5,0.5000971909672022,uncorrelated,"predicate_aware: ŝ=0.5001 -> cost=105 < pre_filter=50010, post_filter=132"
191,1.0,False,4.634500000975095,3598,10,planner,0.5,0.5,0.5000971909672022,uncorrelated,"predicate_aware: ŝ=0.5001 -> cost=105 < pre_filter=50010, post_filter=132"
192,1.0,False,4.574600010528229,3837,10,planner,0.5,0.5,0.5000971909672022,uncorrelated,"predicate_aware: ŝ=0.5001 -> cost=105 < pre_filter=50010, post_filter=132"
193,1.0,False,3.922199990483932,2757,10,planner,0.5,0.5,0.5000971909672022,uncorrelated,"predicate_aware: ŝ=0.5001 -> cost=105 < pre_filter=50010, post_filter=132"
194,1.0,False,4.886500013526529,3708,10,planner,0.5,0.5,0.5000971909672022,uncorrelated,"predicate_aware: ŝ=0.5001 -> cost=105 < pre_filter=50010, post_filter=132"
195,1.0,False,4.601800013915636,3772,10,planner,0.5,0.5,0.5000971909672022,uncorrelated,"predicate_aware: ŝ=0.5001 -> cost=105 < pre_filter=50010, post_filter=132"
196,1.0,False,4.210499988403171,3563,10,planner,0.5,0.5,0.5000971909672022,uncorrelated,"predicate_aware: ŝ=0.5001 -> cost=105 < pre_filter=50010, post_filter=132"
197,1.0,False,4.051500000059605,3217,10,planner,0.5,0.5,0.5000971909672022,uncorrelated,"predicate_aware: ŝ=0.5001 -> cost=105 < pre_filter=50010, post_filter=132"
198,1.0,False,3.751299998839386,2009,10,planner,0.5,0.5,0.5000971909672022,uncorrelated,"predicate_aware: ŝ=0.5001 -> cost=105 < pre_filter=50010, post_filter=132"
199,1.0,False,4.730800006655045,3961,10,planner,0.5,0.5,0.5000971909672022,uncorrelated,"predicate_aware: ŝ=0.5001 -> cost=105 < pre_filter=50010, post_filter=132"
20,1.0,False,14.87670000642538,100000,10,pre_filter,1.0,1.0,1.0,uncorrelated,
21,1.0,False,15.318999998271465,100000,10,pre_filter,1.0,1.0,1.0,uncorrelated,
22,1.0,False,14.178500001435168,100000,10,pre_filter,1.0,1.0,1.0,uncorrelated,
23,1.0,False,13.98709999921266,100000,10,pre_filter,1.0,1.0,1.0,uncorrelated,
24,1.0,False,13.652499997988343,100000,10,pre_filter,1.0,1.0,1.0,uncorrelated,
25,1.0,False,13.309900008607656,100000,10,pre_filter,1.0,1.0,1.0,uncorrelated,
26,1.0,False,14.389899995876476,100000,10,pre_filter,1.0,1.0,1.0,uncorrelated,
27,1.0,False,14.624699993873946,100000,10,pre_filter,1.0,1.0,1.0,uncorrelated,
28,1.0,False,14.702300002682023,100000,10,pre_filter,1.0,1.0,1.0,uncorrelated,
29,1.0,False,14.653200007160194,100000,10,pre_filter,1.0,1.0,1.0,uncorrelated,
30,1.0,False,14.353600010508671,100000,10,pre_filter,1.0,1.0,1.0,uncorrelated,
31,1.0,False,14.232400004402734,100000,10,pre_filter,1.0,1.0,1.0,uncorrelated,
32,1.0,False,14.267900012782775,100000,10,pre_filter,1.0,1.0,1.0,uncorrelated,
33,1.0,False,14.406800008146092,100000,10,pre_filter,1.0,1.0,1.0,uncorrelated,
34,1.0,False,14.217100004316308,100000,10,pre_filter,1.0,1.0,1.0,uncorrelated,
35,1.0,False,15.09460000670515,100000,10,pre_filter,1.0,1.0,1.0,uncorrelated,
36,1.0,False,14.261699994676746,100000,10,pre_filter,1.0,1.0,1.0,uncorrelated,
37,1.0,False,13.924400001997128,100000,10,pre_filter,1.0,1.0,1.0,uncorrelated,
38,1.0,False,14.416399993933737,100000,10,pre_filter,1.0,1.0,1.0,uncorrelated,
39,1.0,False,14.510699998936616,100000,10,pre_filter,1.0,1.0,1.0,uncorrelated,
40,1.0,False,14.17459998629056,100000,10,pre_filter,1.0,1.0,1.0,uncorrelated,
41,1.0,False,13.655400005518459,100000,10,pre_filter,1.0,1.0,1.0,uncorrelated,
42,1.0,False,13.735000000451691,100000,10,pre_filter,1.0,1.0,1.0,uncorrelated,
43,1.0,False,14.638100008596666,100000,10,pre_filter,1.0,1.0,1.0,uncorrelated,
44,1.0,False,13.39830001234077,100000,10,pre_filter,1.0,1.0,1.0,uncorrelated,
45,1.0,False,14.095399994403124,100000,10,pre_filter,1.0,1.0,1.0,uncorrelated,
46,1.0,False,13.862899999367073,100000,10,pre_filter,1.0,1.0,1.0,uncorrelated,
47,1.0,False,14.259300005505793,100000,10,pre_filter,1.0,1.0,1.0,uncorrelated,
48,1.0,False,14.368899996043183,100000,10,pre_filter,1.0,1.0,1.0,uncorrelated,
49,1.0,False,13.873700008844025,100000,10,pre_filter,1.0,1.0,1.0,uncorrelated,
50,1.0,False,14.444699991145171,100000,10,pre_filter,1.0,1.0,1.0,uncorrelated,
51,1.0,False,14.75380000192672,100000,10,pre_filter,1.0,1.0,1.0,uncorrelated,
52,1.0,False,15.171599996392615,100000,10,pre_filter,1.0,1.0,1.0,uncorrelated,
53,1.0,False,13.790199998766184,100000,10,pre_filter,1.0,1.0,1.0,uncorrelated,
54,1.0,False,13.493300008121878,100000,10,pre_filter,1.0,1.0,1.0,uncorrelated,
55,1.0,False,15.388200001325458,100000,10,pre_filter,1.0,1.0,1.0,uncorrelated,
56,1.0,False,15.970199994626455,100000,10,pre_filter,1.0,1.0,1.0,uncorrelated,
57,1.0,False,15.212899990729056,100000,10,pre_filter,1.0,1.0,1.0,uncorrelated,
58,1.0,False,15.23099999758415,100000,10,pre_filter,1.0,1.0,1.0,uncorrelated,
59,1.0,False,13.977900001918897,100000,10,pre_filter,1.0,1.0,1.0,uncorrelated,
60,1.0,False,14.525799997500144,100000,10,pre_filter,1.0,1.0,1.0,uncorrelated,
61,1.0,False,14.348700002301484,100000,10,pre_filter,1.0,1.0,1.0,uncorrelated,
62,1.0,False,15.067000000271946,100000,10,pre_filter,1.0,1.0,1.0,uncorrelated,
63,1.0,False,14.377400002558716,100000,10,pre_filter,1.0,1.0,1.0,uncorrelated,
64,1.0,False,14.84270000946708,100000,10,pre_filter,1.0,1.0,1.0,uncorrelated,
65,1.0,False,14.024000003701076,100000,10,pre_filter,1.0,1.0,1.0,uncorrelated,
66,1.0,False,15.521200009970926,100000,10,pre_filter,1.0,1.0,1.0,uncorrelated,
67,1.0,False,14.183099992806092,100000,10,pre_filter,1.0,1.0,1.0,uncorrelated,
68,1.0,False,14.091800010646693,100000,10,pre_filter,1.0,1.0,1.0,uncorrelated,
69,1.0,False,13.68870001169853,100000,10,pre_filter,1.0,1.0,1.0,uncorrelated,
70,1.0,False,14.371800003573298,100000,10,pre_filter,1.0,1.0,1.0,uncorrelated,
71,1.0,False,13.480599998729303,100000,10,pre_filter,1.0,1.0,1.0,uncorrelated,
72,1.0,False,13.515800004824996,100000,10,pre_filter,1.0,1.0,1.0,uncorrelated,
73,1.0,False,14.366600007633679,100000,10,pre_filter,1.0,1.0,1.0,uncorrelated,
74,1.0,False,14.693900011479855,100000,10,pre_filter,1.0,1.0,1.0,uncorrelated,
75,1.0,False,15.430799991008826,100000,10,pre_filter,1.0,1.0,1.0,uncorrelated,
76,1.0,False,14.389899995876476,100000,10,pre_filter,1.0,1.0,1.0,uncorrelated,
77,1.0,False,14.165400003548712,100000,10,pre_filter,1.0,1.0,1.0,uncorrelated,
78,1.0,False,14.45459999376908,100000,10,pre_filter,1.0,1.0,1.0,uncorrelated,
79,1.0,False,14.756600008695386,100000,10,pre_filter,1.0,1.0,1.0,uncorrelated,
80,1.0,False,14.068100004806183,100000,10,pre_filter,1.0,1.0,1.0,uncorrelated,
81,1.0,False,14.622799993958324,100000,10,pre_filter,1.0,1.0,1.0,uncorrelated,
82,1.0,False,14.145599998300895,100000,10,pre_filter,1.0,1.0,1.0,uncorrelated,
83,1.0,False,13.826499998685904,100000,10,pre_filter,1.0,1.0,1.0,uncorrelated,
84,1.0,False,13.80040000367444,100000,10,pre_filter,1.0,1.0,1.0,uncorrelated,
85,1.0,False,13.310700000147335,100000,10,pre_filter,1.0,1.0,1.0,uncorrelated,
86,1.0,False,13.38269999541808,100000,10,pre_filter,1.0,1.0,1.0,uncorrelated,
87,1.0,False,13.740599999437109,100000,10,pre_filter,1.0,1.0,1.0,uncorrelated,
88,1.0,False,13.61600001109764,100000,10,pre_filter,1.0,1.0,1.0,uncorrelated,
89,1.0,False,13.724999997066334,100000,10,pre_filter,1.0,1.0,1.0,uncorrelated,
90,1.0,False,13.979300012579188,100000,10,pre_filter,1.0,1.0,1.0,uncorrelated,
91,1.0,False,13.43970000743866,100000,10,pre_filter,1.0,1.0,1.0,uncorrelated,
92,1.0,False,13.568100010161288,100000,10,pre_filter,1.0,1.0,1.0,uncorrelated,
93,1.0,False,13.74339999165386,100000,10,pre_filter,1.0,1.0,1.0,uncorrelated,
94,1.0,False,13.569000002462417,100000,10,pre_filter,1.0,1.0,1.0,uncorrelated,
95,1.0,False,13.62550001067575,100000,10,pre_filter,1.0,1.0,1.0,uncorrelated,
96,1.0,False,13.374100002693012,100000,10,pre_filter,1.0,1.0,1.0,uncorrelated,
97,1.0,False,14.463999992585741,100000,10,pre_filter,1.0,1.0,1.0,uncorrelated,
98,1.0,False,13.743000003159977,100000,10,pre_filter,1.0,1.0,1.0,uncorrelated,
99,1.0,False,13.455399996018969,100000,10,pre_filter,1.0,1.0,1.0,uncorrelated,
100,1.0,False,13.728099991567433,100000,10,pre_filter,1.0,1.0,1.0,uncorrelated,
101,1.0,False,13.439800008200109,100000,10,pre_filter,1.0,1.0,1.0,uncorrelated,
102,1.0,False,13.408000013441779,100000,10,pre_filter,1.0,1.0,1.0,uncorrelated,
103,1.0,False,12.81070000550244,100000,10,pre_filter,1.0,1.0,1.0,uncorrelated,
104,1.0,False,14.032399994903244,100000,10,pre_filter,1.0,1.0,1.0,uncorrelated,
105,1.0,False,13.637600000947714,100000,10,pre_filter,1.0,1.0,1.0,uncorrelated,
106,1.0,False,14.474900002824143,100000,10,pre_filter,1.0,1.0,1.0,uncorrelated,
107,1.0,False,14.242300007026643,100000,10,pre_filter,1.0,1.0,1.0,uncorrelated,
108,1.0,False,13.847199996234849,100000,10,pre_filter,1.0,1.0,1.0,uncorrelated,
109,1.0,False,14.060200002859347,100000,10,pre_filter,1.0,1.0,1.0,uncorrelated,
110,1.0,False,13.97010000073351,100000,10,pre_filter,1.0,1.0,1.0,uncorrelated,
111,1.0,False,14.500699995551258,100000,10,pre_filter,1.0,1.0,1.0,uncorrelated,
112,1.0,False,14.20489999873098,100000,10,pre_filter,1.0,1.0,1.0,uncorrelated,
113,1.0,False,14.141099993139505,100000,10,pre_filter,1.0,1.0,1.0,uncorrelated,
114,1.0,False,14.516199997160584,100000,10,pre_filter,1.0,1.0,1.0,uncorrelated,
115,1.0,False,14.18500000727363,100000,10,pre_filter,1.0,1.0,1.0,uncorrelated,
116,1.0,False,14.370799995958805,100000,10,pre_filter,1.0,1.0,1.0,uncorrelated,
117,1.0,False,14.196200005244464,100000,10,pre_filter,1.0,1.0,1.0,uncorrelated,
118,1.0,False,14.73019999684766,100000,10,pre_filter,1.0,1.0,1.0,uncorrelated,
119,1.0,False,14.603600007831119,100000,10,pre_filter,1.0,1.0,1.0,uncorrelated,
120,1.0,False,14.33970000653062,100000,10,pre_filter,1.0,1.0,1.0,uncorrelated,
121,1.0,False,14.432099997065961,100000,10,pre_filter,1.0,1.0,1.0,uncorrelated,
122,1.0,False,14.316300002974458,100000,10,pre_filter,1.0,1.0,1.0,uncorrelated,
123,1.0,False,14.39300000492949,100000,10,pre_filter,1.0,1.0,1.0,uncorrelated,
124,1.0,False,13.671599997906014,100000,10,pre_filter,1.0,1.0,1.0,uncorrelated,
125,1.0,False,13.979499999550171,100000,10,pre_filter,1.0,1.0,1.0,uncorrelated,
126,1.0,False,14.390299998922274,100000,10,pre_filter,1.0,1.0,1.0,uncorrelated,
127,1.0,False,14.089400006923825,100000,10,pre_filter,1.0,1.0,1.0,uncorrelated,
128,1.0,False,15.043100007460453,100000,10,pre_filter,1.0,1.0,1.0,uncorrelated,
129,1.0,False,13.707699996302836,100000,10,pre_filter,1.0,1.0,1.0,uncorrelated,
130,1.0,False,13.919200006057508,100000,10,pre_filter,1.0,1.0,1.0,uncorrelated,
131,1.0,False,13.88190001307521,100000,10,pre_filter,1.0,1.0,1.0,uncorrelated,
132,1.0,False,14.52850000350736,100000,10,pre_filter,1.0,1.0,1.0,uncorrelated,
133,1.0,False,14.156499993987381,100000,10,pre_filter,1.0,1.0,1.0,uncorrelated,
134,1.0,False,14.167600005748682,100000,10,pre_filter,1.0,1.0,1.0,uncorrelated,
135,1.0,False,13.24190000013914,100000,10,pre_filter,1.0,1.0,1.0,uncorrelated,
136,1.0,False,13.381700002355501,100000,10,pre_filter,1.0,1.0,1.0,uncorrelated,
137,1.0,False,13.530299998819828,100000,10,pre_filter,1.0,1.0,1.0,uncorrelated,
138,1.0,False,13.79879999149125,100000,10,pre_filter,1.0,1.0,1.0,uncorrelated,
139,1.0,False,13.891399998101406,100000,10,pre_filter,1.0,1.0,1.0,uncorrelated,
140,1.0,False,14.260600000852719,100000,10,pre_filter,1.0,1.0,1.0,uncorrelated,
141,1.0,False,14.440099999774247,100000,10,pre_filter,1.0,1.0,1.0,uncorrelated,
142,1.0,False,14.800700009800494,100000,10,pre_filter,1.0,1.0,1.0,uncorrelated,
143,1.0,False,14.0796999912709,100000,10,pre_filter,1.0,1.0,1.0,uncorrelated,
144,1.0,False,13.512499994249083,100000,10,pre_filter,1.0,1.0,1.0,uncorrelated,
145,1.0,False,13.391100001172163,100000,10,pre_filter,1.0,1.0,1.0,uncorrelated,
146,1.0,False,13.345400002435781,100000,10,pre_filter,1.0,1.0,1.0,uncorrelated,
147,1.0,False,14.585500000976026,100000,10,pre_filter,1.0,1.0,1.0,uncorrelated,
148,1.0,False,14.516900002490729,100000,10,pre_filter,1.0,1.0,1.0,uncorrelated,
149,1.0,False,13.870200011297129,100000,10,pre_filter,1.0,1.0,1.0,uncorrelated,
150,1.0,False,14.886199991451576,100000,10,pre_filter,1.0,1.0,1.0,uncorrelated,
151,1.0,False,13.549700001021847,100000,10,pre_filter,1.0,1.0,1.0,uncorrelated,
152,1.0,False,13.470599995343946,100000,10,pre_filter,1.0,1.0,1.0,uncorrelated,
153,1.0,False,13.266900001326576,100000,10,pre_filter,1.0,1.0,1.0,uncorrelated,
154,1.0,False,13.49300000583753,100000,10,pre_filter,1.0,1.0,1.0,uncorrelated,
155,1.0,False,13.150600003427826,100000,10,pre_filter,1.0,1.0,1.0,uncorrelated,
156,1.0,False,14.48270000400953,100000,10,pre_filter,1.0,1.0,1.0,uncorrelated,
157,1.0,False,13.681700002052821,100000,10,pre_filter,1.0,1.0,1.0,uncorrelated,
158,1.0,False,13.989199986099266,100000,10,pre_filter,1.0,1.0,1.0,uncorrelated,
159,1.0,False,13.858399994205683,100000,10,pre_filter,1.0,1.0,1.0,uncorrelated,
160,1.0,False,13.872299998183735,100000,10,pre_filter,1.0,1.0,1.0,uncorrelated,
161,1.0,False,15.022199993836693,100000,10,pre_filter,1.0,1.0,1.0,uncorrelated,
162,1.0,False,14.073099999222904,100000,10,pre_filter,1.0,1.0,1.0,uncorrelated,
163,1.0,False,13.594000003649853,100000,10,pre_filter,1.0,1.0,1.0,uncorrelated,
164,1.0,False,13.861800005543046,100000,10,pre_filter,1.0,1.0,1.0,uncorrelated,
165,1.0,False,14.561400006641634,100000,10,pre_filter,1.0,1.0,1.0,uncorrelated,
166,1.0,False,14.366699993843213,100000,10,pre_filter,1.0,1.0,1.0,uncorrelated,
167,1.0,False,14.255800007958896,100000,10,pre_filter,1.0,1.0,1.0,uncorrelated,
168,1.0,False,14.332800012198277,100000,10,pre_filter,1.0,1.0,1.0,uncorrelated,
169,1.0,False,13.654700000188313,100000,10,pre_filter,1.0,1.0,1.0,uncorrelated,
170,1.0,False,14.331900005345233,100000,10,pre_filter,1.0,1.0,1.0,uncorrelated,
171,1.0,False,14.223799997125752,100000,10,pre_filter,1.0,1.0,1.0,uncorrelated,
172,1.0,False,15.03319999028463,100000,10,pre_filter,1.0,1.0,1.0,uncorrelated,
173,1.0,False,14.313499996205792,100000,10,pre_filter,1.0,1.0,1.0,uncorrelated,
174,1.0,False,14.405900001293048,100000,10,pre_filter,1.0,1.0,1.0,uncorrelated,
175,1.0,False,14.37889999942854,100000,10,pre_filter,1.0,1.0,1.0,uncorrelated,
176,1.0,False,14.683000001241453,100000,10,pre_filter,1.0,1.0,1.0,uncorrelated,
177,1.0,False,15.230300006805919,100000,10,pre_filter,1.0,1.0,1.0,uncorrelated,
178,1.0,False,15.090400003828108,100000,10,pre_filter,1.0,1.0,1.0,uncorrelated,
179,1.0,False,14.019900001585484,100000,10,pre_filter,1.0,1.0,1.0,uncorrelated,
180,1.0,False,13.705999997910112,100000,10,pre_filter,1.0,1.0,1.0,uncorrelated,
181,1.0,False,13.510900011169724,100000,10,pre_filter,1.0,1.0,1.0,uncorrelated,
182,1.0,False,13.285299995914102,100000,10,pre_filter,1.0,1.0,1.0,uncorrelated,
183,1.0,False,14.307599994936027,100000,10,pre_filter,1.0,1.0,1.0,uncorrelated,
184,1.0,False,14.855900008114986,100000,10,pre_filter,1.0,1.0,1.0,uncorrelated,
185,1.0,False,15.314399992348626,100000,10,pre_filter,1.0,1.0,1.0,uncorrelated,
186,1.0,False,15.321700004278682,100000,10,pre_filter,1.0,1.0,1.0,uncorrelated,
187,1.0,False,14.642499998444691,100000,10,pre_filter,1.0,1.0,1.0,uncorrelated,
188,1.0,False,13.631199995870702,100000,10,pre_filter,1.0,1.0,1.0,uncorrelated,
189,1.0,False,14.13979999779258,100000,10,pre_filter,1.0,1.0,1.0,uncorrelated,
190,1.0,False,13.418800008366816,100000,10,pre_filter,1.0,1.0,1.0,uncorrelated,
191,1.0,False,13.922099999035709,100000,10,pre_filter,1.0,1.0,1.0,uncorrelated,
192,1.0,False,14.829899999313056,100000,10,pre_filter,1.0,1.0,1.0,uncorrelated,
193,1.0,False,14.467899993178435,100000,10,pre_filter,1.0,1.0,1.0,uncorrelated,
194,1.0,False,13.4869999892544,100000,10,pre_filter,1.0,1.0,1.0,uncorrelated,
195,1.0,False,13.21520000055898,100000,10,pre_filter,1.0,1.0,1.0,uncorrelated,
196,1.0,False,13.989600003696978,100000,10,pre_filter,1.0,1.0,1.0,uncorrelated,
197,1.0,False,14.133999997284263,100000,10,pre_filter,1.0,1.0,1.0,uncorrelated,
198,1.0,False,13.926900006481446,100000,10,pre_filter,1.0,1.0,1.0,uncorrelated,
199,1.0,False,14.176700002280995,100000,10,pre_filter,1.0,1.0,1.0,uncorrelated,
20,1.0,False,0.6468000065069646,588,10,post_filter,1.0,1.0,1.0,uncorrelated,
21,1.0,False,0.7165000133682042,772,10,post_filter,1.0,1.0,1.0,uncorrelated,
22,0.9,False,0.683299993397668,718,10,post_filter,1.0,1.0,1.0,uncorrelated,
23,0.9,False,0.712799999746494,738,10,post_filter,1.0,1.0,1.0,uncorrelated,
24,1.0,False,0.7596000068588182,855,10,post_filter,1.0,1.0,1.0,uncorrelated,
25,1.0,False,0.7362000033026561,645,10,post_filter,1.0,1.0,1.0,uncorrelated,
26,1.0,False,0.8927000017138198,837,10,post_filter,1.0,1.0,1.0,uncorrelated,
27,0.9,False,0.8860999951139092,851,10,post_filter,1.0,1.0,1.0,uncorrelated,
28,1.0,False,0.7074999884935096,759,10,post_filter,1.0,1.0,1.0,uncorrelated,
29,1.0,False,0.599899998633191,415,10,post_filter,1.0,1.0,1.0,uncorrelated,
30,0.8,False,0.7326000049943104,708,10,post_filter,1.0,1.0,1.0,uncorrelated,
31,1.0,False,0.7153000042308122,804,10,post_filter,1.0,1.0,1.0,uncorrelated,
32,1.0,False,0.723599994671531,712,10,post_filter,1.0,1.0,1.0,uncorrelated,
33,1.0,False,0.6736999930581078,647,10,post_filter,1.0,1.0,1.0,uncorrelated,
34,1.0,False,0.7687999896006659,775,10,post_filter,1.0,1.0,1.0,uncorrelated,
35,1.0,False,0.714300011168234,800,10,post_filter,1.0,1.0,1.0,uncorrelated,
36,1.0,False,0.7985999982338399,946,10,post_filter,1.0,1.0,1.0,uncorrelated,
37,1.0,False,0.6976000004215166,699,10,post_filter,1.0,1.0,1.0,uncorrelated,
38,1.0,False,0.658600009046495,732,10,post_filter,1.0,1.0,1.0,uncorrelated,
39,1.0,False,0.7353999972110614,690,10,post_filter,1.0,1.0,1.0,uncorrelated,
40,1.0,False,0.7333999965339899,835,10,post_filter,1.0,1.0,1.0,uncorrelated,
41,1.0,False,0.6187999970279634,515,10,post_filter,1.0,1.0,1.0,uncorrelated,
42,1.0,False,0.7228000031318516,785,10,post_filter,1.0,1.0,1.0,uncorrelated,
43,1.0,False,0.7088999991538003,794,10,post_filter,1.0,1.0,1.0,uncorrelated,
44,1.0,False,0.6966999935684726,647,10,post_filter,1.0,1.0,1.0,uncorrelated,
45,1.0,False,0.6887999916216359,695,10,post_filter,1.0,1.0,1.0,uncorrelated,
46,1.0,False,0.6998000026214868,736,10,post_filter,1.0,1.0,1.0,uncorrelated,
47,1.0,False,0.717100003384985,808,10,post_filter,1.0,1.0,1.0,uncorrelated,
48,1.0,False,0.6646999972872436,741,10,post_filter,1.0,1.0,1.0,uncorrelated,
49,1.0,False,0.9328000014647841,575,10,post_filter,1.0,1.0,1.0,uncorrelated,
50,1.0,False,0.8240000024670735,638,10,post_filter,1.0,1.0,1.0,uncorrelated,
51,1.0,False,0.6920000014360994,584,10,post_filter,1.0,1.0,1.0,uncorrelated,
52,0.9,False,0.7280999998329207,774,10,post_filter,1.0,1.0,1.0,uncorrelated,
53,1.0,False,0.9137000015471131,712,10,post_filter,1.0,1.0,1.0,uncorrelated,
54,1.0,False,0.6646999972872436,382,10,post_filter,1.0,1.0,1.0,uncorrelated,
55,1.0,False,0.552500001504086,377,10,post_filter,1.0,1.0,1.0,uncorrelated,
56,1.0,False,0.7353999972110614,796,10,post_filter,1.0,1.0,1.0,uncorrelated,
57,1.0,False,0.7237999961944297,805,10,post_filter,1.0,1.0,1.0,uncorrelated,
58,1.0,False,0.7406000077025965,818,10,post_filter,1.0,1.0,1.0,uncorrelated,
59,1.0,False,0.6113999988883734,465,10,post_filter,1.0,1.0,1.0,uncorrelated,
60,1.0,False,0.7184999994933605,778,10,post_filter,1.0,1.0,1.0,uncorrelated,
61,1.0,False,0.6272000027820468,563,10,post_filter,1.0,1.0,1.0,uncorrelated,
62,1.0,False,0.5607999919448048,376,10,post_filter,1.0,1.0,1.0,uncorrelated,
63,1.0,False,0.6936999998288229,635,10,post_filter,1.0,1.0,1.0,uncorrelated,
64,1.0,False,0.6709000008413568,573,10,post_filter,1.0,1.0,1.0,uncorrelated,
65,1.0,False,0.6323999987216666,577,10,post_filter,1.0,1.0,1.0,uncorrelated,
66,1.0,False,0.6169999978737906,501,10,post_filter,1.0,1.0,1.0,uncorrelated,
67,1.0,False,0.6476999988080934,600,10,post_filter,1.0,1.0,1.0,uncorrelated,
68,1.0,False,0.6202000076882541,570,10,post_filter,1.0,1.0,1.0,uncorrelated,
69,0.8,False,0.6806000019423664,778,10,post_filter,1.0,1.0,1.0,uncorrelated,
70,1.0,False,0.5699000030290335,404,10,post_filter,1.0,1.0,1.0,uncorrelated,
71,1.0,False,0.6319999956758693,575,10,post_filter,1.0,1.0,1.0,uncorrelated,
72,0.9,False,0.8830000006128103,878,10,post_filter,1.0,1.0,1.0,uncorrelated,
73,1.0,False,0.7507999980589375,762,10,post_filter,1.0,1.0,1.0,uncorrelated,
74,1.0,False,0.7058000046527013,713,10,post_filter,1.0,1.0,1.0,uncorrelated,
75,1.0,False,0.7078000053297728,788,10,post_filter,1.0,1.0,1.0,uncorrelated,
76,1.0,False,0.7068000122671947,668,10,post_filter,1.0,1.0,1.0,uncorrelated,
77,1.0,False,0.6978000019444153,764,10,post_filter,1.0,1.0,1.0,uncorrelated,
78,0.9,False,0.719599993317388,805,10,post_filter,1.0,1.0,1.0,uncorrelated,
79,1.0,False,0.5759000050602481,477,10,post_filter,1.0,1.0,1.0,uncorrelated,
80,0.9,False,0.7108999998308718,729,10,post_filter,1.0,1.0,1.0,uncorrelated,
81,1.0,False,0.7565999985672534,864,10,post_filter,1.0,1.0,1.0,uncorrelated,
82,1.0,False,0.8273999992525205,955,10,post_filter,1.0,1.0,1.0,uncorrelated,
83,1.0,False,0.7074000022839755,686,10,post_filter,1.0,1.0,1.0,uncorrelated,
84,1.0,False,0.7488999981433153,871,10,post_filter,1.0,1.0,1.0,uncorrelated,
85,1.0,False,0.6513999978778884,552,10,post_filter,1.0,1.0,1.0,uncorrelated,
86,1.0,False,0.6258000066736713,547,10,post_filter,1.0,1.0,1.0,uncorrelated,
87,1.0,False,0.5543000006582588,392,10,post_filter,1.0,1.0,1.0,uncorrelated,
88,1.0,False,0.5507000023499131,356,10,post_filter,1.0,1.0,1.0,uncorrelated,
89,1.0,False,0.6489999941550195,576,10,post_filter,1.0,1.0,1.0,uncorrelated,
90,1.0,False,0.7018999895080924,590,10,post_filter,1.0,1.0,1.0,uncorrelated,
91,1.0,False,0.6921000021975487,579,10,post_filter,1.0,1.0,1.0,uncorrelated,
92,1.0,False,0.7349999941652641,817,10,post_filter,1.0,1.0,1.0,uncorrelated,
93,1.0,False,0.7000999903539196,611,10,post_filter,1.0,1.0,1.0,uncorrelated,
94,1.0,False,0.5942999996477738,424,10,post_filter,1.0,1.0,1.0,uncorrelated,
95,1.0,False,0.8760000055190176,791,10,post_filter,1.0,1.0,1.0,uncorrelated,
96,0.9,False,0.7812000112608075,834,10,post_filter,1.0,1.0,1.0,uncorrelated,
97,0.9,False,0.7929999992484227,764,10,post_filter,1.0,1.0,1.0,uncorrelated,
98,1.0,False,0.5909999890718609,420,10,post_filter,1.0,1.0,1.0,uncorrelated,
99,1.0,False,0.6888999923830852,715,10,post_filter,1.0,1.0,1.0,uncorrelated,
100,1.0,False,0.6708000000799075,587,10,post_filter,1.0,1.0,1.0,uncorrelated,
101,1.0,False,0.7062999939080328,678,10,post_filter,1.0,1.0,1.0,uncorrelated,
102,0.8,False,0.7451000128639862,822,10,post_filter,1.0,1.0,1.0,uncorrelated,
103,1.0,False,0.7904000085545704,829,10,post_filter,1.0,1.0,1.0,uncorrelated,
104,1.0,False,0.636199998552911,563,10,post_filter,1.0,1.0,1.0,uncorrelated,
105,1.0,False,0.7099999929778278,730,10,post_filter,1.0,1.0,1.0,uncorrelated,
106,1.0,False,0.632800001767464,510,10,post_filter,1.0,1.0,1.0,uncorrelated,
107,1.0,False,0.6705999985570088,559,10,post_filter,1.0,1.0,1.0,uncorrelated,
108,1.0,False,0.5364999960875139,270,10,post_filter,1.0,1.0,1.0,uncorrelated,
109,1.0,False,0.7015000010142103,622,10,post_filter,1.0,1.0,1.0,uncorrelated,
110,1.0,False,0.6625999958487228,590,10,post_filter,1.0,1.0,1.0,uncorrelated,
111,0.9,False,0.7277999975485727,759,10,post_filter,1.0,1.0,1.0,uncorrelated,
112,1.0,False,0.6305999995674938,488,10,post_filter,1.0,1.0,1.0,uncorrelated,
113,1.0,False,0.7563999970443547,797,10,post_filter,1.0,1.0,1.0,uncorrelated,
114,1.0,False,0.6750000029569492,592,10,post_filter,1.0,1.0,1.0,uncorrelated,
115,1.0,False,0.7089999999152496,801,10,post_filter,1.0,1.0,1.0,uncorrelated,
116,1.0,False,0.5563000013353303,344,10,post_filter,1.0,1.0,1.0,uncorrelated,
117,1.0,False,0.764199998229742,892,10,post_filter,1.0,1.0,1.0,uncorrelated,
118,0.9,False,0.9547000081511214,818,10,post_filter,1.0,1.0,1.0,uncorrelated,
119,1.0,False,0.6360999977914616,342,10,post_filter,1.0,1.0,1.0,uncorrelated,
120,1.0,False,0.7953000022098422,795,10,post_filter,1.0,1.0,1.0,uncorrelated,
121,1.0,False,0.7229000038933009,675,10,post_filter,1.0,1.0,1.0,uncorrelated,
122,1.0,False,0.840499997138977,850,10,post_filter,1.0,1.0,1.0,uncorrelated,
123,1.0,False,0.7366000063484535,631,10,post_filter,1.0,1.0,1.0,uncorrelated,
124,1.0,False,0.7593000045744702,691,10,post_filter,1.0,1.0,1.0,uncorrelated,
125,1.0,False,0.7827999943401664,803,10,post_filter,1.0,1.0,1.0,uncorrelated,
126,1.0,False,0.8136000105878338,883,10,post_filter,1.0,1.0,1.0,uncorrelated,
127,1.0,False,0.7669000042369589,841,10,post_filter,1.0,1.0,1.0,uncorrelated,
128,1.0,False,0.7126999989850447,718,10,post_filter,1.0,1.0,1.0,uncorrelated,
129,1.0,False,0.6387000030372292,535,10,post_filter,1.0,1.0,1.0,uncorrelated,
130,0.8,False,0.8414000039920211,882,10,post_filter,1.0,1.0,1.0,uncorrelated,
131,1.0,False,0.7410000107483938,755,10,post_filter,1.0,1.0,1.0,uncorrelated,
132,1.0,False,0.8375000033993274,913,10,post_filter,1.0,1.0,1.0,uncorrelated,
133,0.9,False,0.8146999898599461,898,10,post_filter,1.0,1.0,1.0,uncorrelated,
134,0.9,False,0.6308999872999266,425,10,post_filter,1.0,1.0,1.0,uncorrelated,
135,1.0,False,0.7583999977214262,832,10,post_filter,1.0,1.0,1.0,uncorrelated,
136,1.0,False,0.7199999963631853,847,10,post_filter,1.0,1.0,1.0,uncorrelated,
137,1.0,False,0.7888999971328303,897,10,post_filter,1.0,1.0,1.0,uncorrelated,
138,1.0,False,1.0179000091739,716,10,post_filter,1.0,1.0,1.0,uncorrelated,
139,1.0,False,0.7374999986495823,785,10,post_filter,1.0,1.0,1.0,uncorrelated,
140,1.0,False,0.7347999926423654,752,10,post_filter,1.0,1.0,1.0,uncorrelated,
141,1.0,False,0.6322999979602173,521,10,post_filter,1.0,1.0,1.0,uncorrelated,
142,1.0,False,0.7377000001724809,877,10,post_filter,1.0,1.0,1.0,uncorrelated,
143,1.0,False,0.6457000126829371,575,10,post_filter,1.0,1.0,1.0,uncorrelated,
144,1.0,False,0.6969999958528206,702,10,post_filter,1.0,1.0,1.0,uncorrelated,
145,1.0,False,0.6508000078611076,601,10,post_filter,1.0,1.0,1.0,uncorrelated,
146,1.0,False,0.708799998392351,759,10,post_filter,1.0,1.0,1.0,uncorrelated,
147,0.9,False,0.7402999908663332,855,10,post_filter,1.0,1.0,1.0,uncorrelated,
148,1.0,False,0.7121000089682639,710,10,post_filter,1.0,1.0,1.0,uncorrelated,
149,1.0,False,0.7018000032985583,684,10,post_filter,1.0,1.0,1.0,uncorrelated,
150,0.9,False,0.781700000516139,766,10,post_filter,1.0,1.0,1.0,uncorrelated,
151,1.0,False,0.7685000018682331,439,10,post_filter,1.0,1.0,1.0,uncorrelated,
152,1.0,False,0.7141999958548695,779,10,post_filter,1.0,1.0,1.0,uncorrelated,
153,1.0,False,0.7301000005099922,735,10,post_filter,1.0,1.0,1.0,uncorrelated,
154,1.0,False,0.6712000031257048,723,10,post_filter,1.0,1.0,1.0,uncorrelated,
155,0.9,False,0.6964999920455739,818,10,post_filter,1.0,1.0,1.0,uncorrelated,
156,0.6,False,0.6968999950913712,830,10,post_filter,1.0,1.0,1.0,uncorrelated,
157,1.0,False,0.7455000013578683,892,10,post_filter,1.0,1.0,1.0,uncorrelated,
158,1.0,False,0.7184999994933605,836,10,post_filter,1.0,1.0,1.0,uncorrelated,
159,0.8,False,1.4129000046523288,794,10,post_filter,1.0,1.0,1.0,uncorrelated,
160,1.0,False,0.8415000047534704,926,10,post_filter,1.0,1.0,1.0,uncorrelated,
161,1.0,False,0.7312999950954691,832,10,post_filter,1.0,1.0,1.0,uncorrelated,
162,1.0,False,0.7968999998411164,947,10,post_filter,1.0,1.0,1.0,uncorrelated,
163,0.9,False,0.7154999912017956,819,10,post_filter,1.0,1.0,1.0,uncorrelated,
164,1.0,False,0.8119000121951103,730,10,post_filter,1.0,1.0,1.0,uncorrelated,
165,1.0,False,0.7066999969538301,787,10,post_filter,1.0,1.0,1.0,uncorrelated,
166,0.9,False,0.7324000034714118,784,10,post_filter,1.0,1.0,1.0,uncorrelated,
167,1.0,False,0.8732999995118007,873,10,post_filter,1.0,1.0,1.0,uncorrelated,
168,1.0,False,0.7119999936548993,810,10,post_filter,1.0,1.0,1.0,uncorrelated,
169,0.9,False,0.7677000103285536,807,10,post_filter,1.0,1.0,1.0,uncorrelated,
170,0.9,False,0.6990999972913414,783,10,post_filter,1.0,1.0,1.0,uncorrelated,
171,1.0,False,0.6926999922143295,793,10,post_filter,1.0,1.0,1.0,uncorrelated,
172,0.7,False,0.7557000062661245,833,10,post_filter,1.0,1.0,1.0,uncorrelated,
173,0.8,False,0.7480999920517206,818,10,post_filter,1.0,1.0,1.0,uncorrelated,
174,0.9,False,0.7475000020349398,843,10,post_filter,1.0,1.0,1.0,uncorrelated,
175,1.0,False,0.6745999999111518,759,10,post_filter,1.0,1.0,1.0,uncorrelated,
176,1.0,False,0.7060000061756,765,10,post_filter,1.0,1.0,1.0,uncorrelated,
177,1.0,False,0.7278999983100221,823,10,post_filter,1.0,1.0,1.0,uncorrelated,
178,1.0,False,0.6913999968674034,778,10,post_filter,1.0,1.0,1.0,uncorrelated,
179,1.0,False,0.9237999911420047,746,10,post_filter,1.0,1.0,1.0,uncorrelated,
180,1.0,False,0.7143999973777682,707,10,post_filter,1.0,1.0,1.0,uncorrelated,
181,0.8,False,0.7411999977193773,840,10,post_filter,1.0,1.0,1.0,uncorrelated,
182,1.0,False,0.7292999944183975,796,10,post_filter,1.0,1.0,1.0,uncorrelated,
183,0.9,False,0.7024999940767884,762,10,post_filter,1.0,1.0,1.0,uncorrelated,
184,1.0,False,0.7829999958630651,791,10,post_filter,1.0,1.0,1.0,uncorrelated,
185,1.0,False,0.5999999993946403,308,10,post_filter,1.0,1.0,1.0,uncorrelated,
186,1.0,False,0.6954999989829957,593,10,post_filter,1.0,1.0,1.0,uncorrelated,
187,1.0,False,0.7016000017756596,824,10,post_filter,1.0,1.0,1.0,uncorrelated,
188,1.0,False,0.7290999928954989,827,10,post_filter,1.0,1.0,1.0,uncorrelated,
189,1.0,False,0.7025999948382378,743,10,post_filter,1.0,1.0,1.0,uncorrelated,
190,1.0,False,0.6723999977111816,610,10,post_filter,1.0,1.0,1.0,uncorrelated,
191,1.0,False,0.897699996130541,913,10,post_filter,1.0,1.0,1.0,uncorrelated,
192,0.8,False,0.7862000056775287,979,10,post_filter,1.0,1.0,1.0,uncorrelated,
193,1.0,False,0.7278999983100221,776,10,post_filter,1.0,1.0,1.0,uncorrelated,
194,1.0,False,0.7442000060109422,827,10,post_filter,1.0,1.0,1.0,uncorrelated,
195,1.0,False,0.7784000044921413,831,10,post_filter,1.0,1.0,1.0,uncorrelated,
196,1.0,False,0.7585999992443249,909,10,post_filter,1.0,1.0,1.0,uncorrelated,
197,1.0,False,0.7080000068526715,865,10,post_filter,1.0,1.0,1.0,uncorrelated,
198,1.0,False,0.625400003627874,509,10,post_filter,1.0,1.0,1.0,uncorrelated,
199,0.7,False,0.7587000000057742,912,10,post_filter,1.0,1.0,1.0,uncorrelated,
20,1.0,False,1.1696000001393259,816,10,predicate_aware,1.0,1.0,1.0,uncorrelated,
21,1.0,False,1.3554000033764169,1084,10,predicate_aware,1.0,1.0,1.0,uncorrelated,
22,0.9,False,2.148200001101941,957,10,predicate_aware,1.0,1.0,1.0,uncorrelated,
23,0.9,False,2.1302999957697466,1055,10,predicate_aware,1.0,1.0,1.0,uncorrelated,
24,1.0,False,1.544000013382174,1232,10,predicate_aware,1.0,1.0,1.0,uncorrelated,
25,1.0,False,1.3679999974556267,998,10,predicate_aware,1.0,1.0,1.0,uncorrelated,
26,1.0,False,1.379199995426461,1152,10,predicate_aware,1.0,1.0,1.0,uncorrelated,
27,1.0,False,1.420999993570149,1224,10,predicate_aware,1.0,1.0,1.0,uncorrelated,
28,1.0,False,1.2997000012546778,1103,10,predicate_aware,1.0,1.0,1.0,uncorrelated,
29,1.0,False,1.0092000011354685,544,10,predicate_aware,1.0,1.0,1.0,uncorrelated,
30,1.0,False,1.3172000035410747,1067,10,predicate_aware,1.0,1.0,1.0,uncorrelated,
31,1.0,False,1.4282000047387555,1147,10,predicate_aware,1.0,1.0,1.0,uncorrelated,
32,1.0,False,1.820899997255765,1072,10,predicate_aware,1.0,1.0,1.0,uncorrelated,
33,1.0,False,1.3209000026108697,936,10,predicate_aware,1.0,1.0,1.0,uncorrelated,
34,1.0,False,1.6355999978259206,1115,10,predicate_aware,1.0,1.0,1.0,uncorrelated,
35,1.0,False,1.4354000013554469,1157,10,predicate_aware,1.0,1.0,1.0,uncorrelated,
36,1.0,False,1.4605000033043325,1323,10,predicate_aware,1.0,1.0,1.0,uncorrelated,
37,1.0,False,1.2215999886393547,964,10,predicate_aware,1.0,1.0,1.0,uncorrelated,
38,1.0,False,1.233600007253699,1027,10,predicate_aware,1.0,1.0,1.0,uncorrelated,
39,1.0,False,1.243499995325692,938,10,predicate_aware,1.0,1.0,1.0,uncorrelated,
40,1.0,False,1.3881999911973253,1205,10,predicate_aware,1.0,1.0,1.0,uncorrelated,
41,1.0,False,1.080100002582185,717,10,predicate_aware,1.0,1.0,1.0,uncorrelated,
42,1.0,False,1.3296000106493011,1135,10,predicate_aware,1.0,1.0,1.0,uncorrelated,
43,1.0,False,1.3639000098919496,1196,10,predicate_aware,1.0,1.0,1.0,uncorrelated,
44,1.0,False,1.5010999923106283,913,10,predicate_aware,1.0,1.0,1.0,uncorrelated,
45,1.0,False,1.3432999985525385,991,10,predicate_aware,1.0,1.0,1.0,uncorrelated,
46,1.0,False,1.2927999923704192,1039,10,predicate_aware,1.0,1.0,1.0,uncorrelated,
47,1.0,False,1.3609000016003847,1204,10,predicate_aware,1.0,1.0,1.0,uncorrelated,
48,1.0,False,1.2587000092025846,1064,10,predicate_aware,1.0,1.0,1.0,uncorrelated,
49,1.0,False,1.102599999285303,772,10,predicate_aware,1.0,1.0,1.0,uncorrelated,
50,1.0,False,1.2103000044589862,972,10,predicate_aware,1.0,1.0,1.0,uncorrelated,
51,1.0,False,1.330800005234778,791,10,predicate_aware,1.0,1.0,1.0,uncorrelated,
52,1.0,False,1.3427999947452918,1173,10,predicate_aware,1.0,1.0,1.0,uncorrelated,
53,1.0,False,1.29420000303071,1109,10,predicate_aware,1.0,1.0,1.0,uncorrelated,
54,1.0,False,1.0045999952126294,517,10,predicate_aware,1.0,1.0,1.0,uncorrelated,
55,1.0,False,0.9614000009605661,564,10,predicate_aware,1.0,1.0,1.0,uncorrelated,
56,1.0,False,1.7765999946277589,1110,10,predicate_aware,1.0,1.0,1.0,uncorrelated,
57,1.0,False,1.6272000066237524,1175,10,predicate_aware,1.0,1.0,1.0,uncorrelated,
58,1.0,False,1.778400008333847,1226,10,predicate_aware,1.0,1.0,1.0,uncorrelated,
59,1.0,False,1.1752999998861924,600,10,predicate_aware,1.0,1.0,1.0,uncorrelated,
60,1.0,False,1.5837999962968752,1185,10,predicate_aware,1.0,1.0,1.0,uncorrelated,
61,1.0,False,1.8380999972578138,817,10,predicate_aware,1.0,1.0,1.0,uncorrelated,
62,1.0,False,1.6548999992664903,548,10,predicate_aware,1.0,1.0,1.0,uncorrelated,
63,1.0,False,1.7822999943746254,839,10,predicate_aware,1.0,1.0,1.0,uncorrelated,
64,1.0,False,1.4564000011887401,791,10,predicate_aware,1.0,1.0,1.0,uncorrelated,
65,1.0,False,1.365000003715977,793,10,predicate_aware,1.0,1.0,1.0,uncorrelated,
66,1.0,False,1.3294999953359365,725,10,predicate_aware,1.0,1.0,1.0,uncorrelated,
67,1.0,False,1.3159999944036826,848,10,predicate_aware,1.0,1.0,1.0,uncorrelated,
68,1.0,False,1.2636000028578565,809,10,predicate_aware,1.0,1.0,1.0,uncorrelated,
69,1.0,False,1.3897999888285995,1051,10,predicate_aware,1.0,1.0,1.0,uncorrelated,
70,1.0,False,1.0846999939531088,541,10,predicate_aware,1.0,1.0,1.0,uncorrelated,
71,1.0,False,1.2337000080151483,795,10,predicate_aware,1.0,1.0,1.0,uncorrelated,
72,1.0,False,1.5522000030614436,1282,10,predicate_aware,1.0,1.0,1.0,uncorrelated,
73,1.0,False,1.4670999953523278,1073,10,predicate_aware,1.0,1.0,1.0,uncorrelated,
74,1.0,False,1.4950000040698797,1079,10,predicate_aware,1.0,1.0,1.0,uncorrelated,
75,1.0,False,1.5090000088093802,1140,10,predicate_aware,1.0,1.0,1.0,uncorrelated,
76,1.0,False,1.3886000087950379,987,10,predicate_aware,1.0,1.0,1.0,uncorrelated,
77,1.0,False,1.451700009056367,1057,10,predicate_aware,1.0,1.0,1.0,uncorrelated,
78,1.0,False,1.5358999953605235,1210,10,predicate_aware,1.0,1.0,1.0,uncorrelated,
79,1.0,False,1.750800001900643,653,10,predicate_aware,1.0,1.0,1.0,uncorrelated,
80,1.0,False,1.524699997389689,1036,10,predicate_aware,1.0,1.0,1.0,uncorrelated,
81,1.0,False,1.627400008146651,1288,10,predicate_aware,1.0,1.0,1.0,uncorrelated,
82,1.0,False,1.6407999937655404,1374,10,predicate_aware,1.0,1.0,1.0,uncorrelated,
83,1.0,False,1.4107000024523586,1014,10,predicate_aware,1.0,1.0,1.0,uncorrelated,
84,1.0,False,1.5093999973032624,1197,10,predicate_aware,1.0,1.0,1.0,uncorrelated,
85,1.0,False,1.256100003956817,777,10,predicate_aware,1.0,1.0,1.0,uncorrelated,
86,1.0,False,1.1463000118965283,751,10,predicate_aware,1.0,1.0,1.0,uncorrelated,
87,1.0,False,0.9846000029938295,530,10,predicate_aware,1.0,1.0,1.0,uncorrelated,
88,1.0,False,1.0906000097747892,538,10,predicate_aware,1.0,1.0,1.0,uncorrelated,
89,1.0,False,1.1645000049611554,773,10,predicate_aware,1.0,1.0,1.0,uncorrelated,
90,1.0,False,1.3753999955952168,850,10,predicate_aware,1.0,1.0,1.0,uncorrelated,
91,1.0,False,1.3107999984640628,861,10,predicate_aware,1.0,1.0,1.0,uncorrelated,
92,1.0,False,1.6451999981654808,1186,10,predicate_aware,1.0,1.0,1.0,uncorrelated,
93,1.0,False,1.7703000048641115,885,10,predicate_aware,1.0,1.0,1.0,uncorrelated,
94,1.0,False,1.3615000061690807,576,10,predicate_aware,1.0,1.0,1.0,uncorrelated,
95,1.0,False,1.973799997358583,1102,10,predicate_aware,1.0,1.0,1.0,uncorrelated,
96,1.0,False,1.8595000001369044,1136,10,predicate_aware,1.0,1.0,1.0,uncorrelated,
97,0.9,False,1.714799989713356,1058,10,predicate_aware,1.0,1.0,1.0,uncorrelated,
98,1.0,False,1.5113999979803339,549,10,predicate_aware,1.0,1.0,1.0,uncorrelated,
99,1.0,False,1.7328000103589147,1016,10,predicate_aware,1.0,1.0,1.0,uncorrelated,
100,1.0,False,1.3938000047346577,865,10,predicate_aware,1.0,1.0,1.0,uncorrelated,
101,1.0,False,1.3800000015180558,905,10,predicate_aware,1.0,1.0,1.0,uncorrelated,
102,0.9,False,1.5413000073749572,1205,10,predicate_aware,1.0,1.0,1.0,uncorrelated,
103,1.0,False,1.5247999981511384,1139,10,predicate_aware,1.0,1.0,1.0,uncorrelated,
104,1.0,False,1.2534999987110496,798,10,predicate_aware,1.0,1.0,1.0,uncorrelated,
105,1.0,False,1.375499996356666,1030,10,predicate_aware,1.0,1.0,1.0,uncorrelated,
106,1.0,False,1.1910000030184165,696,10,predicate_aware,1.0,1.0,1.0,uncorrelated,
107,1.0,False,1.15709999226965,741,10,predicate_aware,1.0,1.0,1.0,uncorrelated,
108,1.0,False,0.8868000004440546,364,10,predicate_aware,1.0,1.0,1.0,uncorrelated,
109,1.0,False,1.2996000004932284,932,10,predicate_aware,1.0,1.0,1.0,uncorrelated,
110,1.0,False,1.1962999997194856,800,10,predicate_aware,1.0,1.0,1.0,uncorrelated,
111,0.9,False,1.3805000053253025,1171,10,predicate_aware,1.0,1.0,1.0,uncorrelated,
112,1.0,False,1.0887999960687011,650,10,predicate_aware,1.0,1.0,1.0,uncorrelated,
113,1.0,False,1.366500000585802,1155,10,predicate_aware,1.0,1.0,1.0,uncorrelated,
114,1.0,False,1.1799999920185655,762,10,predicate_aware,1.0,1.0,1.0,uncorrelated,
115,1.0,False,1.367199991364032,1197,10,predicate_aware,1.0,1.0,1.0,uncorrelated,
116,1.0,False,0.9535999997751787,473,10,predicate_aware,1.0,1.0,1.0,uncorrelated,
117,1.0,False,1.480600010836497,1362,10,predicate_aware,1.0,1.0,1.0,uncorrelated,
118,1.0,False,1.36680000287015,1168,10,predicate_aware,1.0,1.0,1.0,uncorrelated,
119,1.0,False,0.9529999952064827,444,10,predicate_aware,1.0,1.0,1.0,uncorrelated,
120,1.0,False,1.3246000016806647,1053,10,predicate_aware,1.0,1.0,1.0,uncorrelated,
121,1.0,False,1.2528000079328194,959,10,predicate_aware,1.0,1.0,1.0,uncorrelated,
122,1.0,False,1.4398999919649214,1181,10,predicate_aware,1.0,1.0,1.0,uncorrelated,
123,1.0,False,1.3157000066712499,867,10,predicate_aware,1.0,1.0,1.0,uncorrelated,
124,1.0,False,1.3169000012567267,986,10,predicate_aware,1.0,1.0,1.0,uncorrelated,
125,1.0,False,1.4310999977169558,1139,10,predicate_aware,1.0,1.0,1.0,uncorrelated,
126,1.0,False,1.459400009480305,1261,10,predicate_aware,1.0,1.0,1.0,uncorrelated,
127,1.0,False,1.3414000131888315,1127,10,predicate_aware,1.0,1.0,1.0,uncorrelated,
128,1.0,False,1.309900006162934,1026,10,predicate_aware,1.0,1.0,1.0,uncorrelated,
129,1.0,False,1.224399995408021,790,10,predicate_aware,1.0,1.0,1.0,uncorrelated,
130,0.8,False,1.547100007883273,1261,10,predicate_aware,1.0,1.0,1.0,uncorrelated,
131,1.0,False,1.5998000017134473,1066,10,predicate_aware,1.0,1.0,1.0,uncorrelated,
132,1.0,False,1.6845000063767657,1290,10,predicate_aware,1.0,1.0,1.0,uncorrelated,
133,0.9,False,1.5338000084739178,1327,10,predicate_aware,1.0,1.0,1.0,uncorrelated,
134,1.0,False,1.1030000023311004,598,10,predicate_aware,1.0,1.0,1.0,uncorrelated,
135,1.0,False,1.4621000009356067,1218,10,predicate_aware,1.0,1.0,1.0,uncorrelated,
136,1.0,False,1.4020999951753765,1237,10,predicate_aware,1.0,1.0,1.0,uncorrelated,
137,1.0,False,1.4938000094844028,1250,10,predicate_aware,1.0,1.0,1.0,uncorrelated,
138,1.0,False,1.3430999970296398,1003,10,predicate_aware,1.0,1.0,1.0,uncorrelated,
139,1.0,False,1.4995000092312694,1079,10,predicate_aware,1.0,1.0,1.0,uncorrelated,
140,1.0,False,1.3438999885693192,1041,10,predicate_aware,1.0,1.0,1.0,uncorrelated,
141,1.0,False,1.1559999984456226,790,10,predicate_aware,1.0,1.0,1.0,uncorrelated,
142,1.0,False,1.5017999976407737,1288,10,predicate_aware,1.0,1.0,1.0,uncorrelated,
143,1.0,False,1.1387999984435737,762,10,predicate_aware,1.0,1.0,1.0,uncorrelated,
144,1.0,False,1.285600010305643,1000,10,predicate_aware,1.0,1.0,1.0,uncorrelated,
145,1.0,False,1.2430000060703605,815,10,predicate_aware,1.0,1.0,1.0,uncorrelated,
146,1.0,False,2.2114000021247193,1165,10,predicate_aware,1.0,1.0,1.0,uncorrelated,
147,1.0,False,1.462500003981404,1236,10,predicate_aware,1.0,1.0,1.0,uncorrelated,
148,1.0,False,1.3044999941485003,1005,10,predicate_aware,1.0,1.0,1.0,uncorrelated,
149,1.0,False,1.2838999973610044,952,10,predicate_aware,1.0,1.0,1.0,uncorrelated,
150,1.0,False,1.357300003292039,1131,10,predicate_aware,1.0,1.0,1.0,uncorrelated,
151,1.0,False,1.1320000048726797,599,10,predicate_aware,1.0,1.0,1.0,uncorrelated,
152,1.0,False,1.3309999922057614,1096,10,predicate_aware,1.0,1.0,1.0,uncorrelated,
153,1.0,False,1.3743000017711893,1059,10,predicate_aware,1.0,1.0,1.0,uncorrelated,
154,1.0,False,1.367100005154498,1063,10,predicate_aware,1.0,1.0,1.0,uncorrelated,
155,0.9,False,1.3586999994004145,1149,10,predicate_aware,1.0,1.0,1.0,uncorrelated,
156,1.0,False,1.3990000006742775,1250,10,predicate_aware,1.0,1.0,1.0,uncorrelated,
157,1.0,False,1.65789999300614,1335,10,predicate_aware,1.0,1.0,1.0,uncorrelated,
158,1.0,False,1.3993000029586256,1165,10,predicate_aware,1.0,1.0,1.0,uncorrelated,
159,0.9,False,1.3996999914525077,1186,10,predicate_aware,1.0,1.0,1.0,uncorrelated,
160,1.0,False,1.6612000035820529,1255,10,predicate_aware,1.0,1.0,1.0,uncorrelated,
161,1.0,False,1.4149000053294003,1172,10,predicate_aware,1.0,1.0,1.0,uncorrelated,
162,1.0,False,1.4486000000033528,1335,10,predicate_aware,1.0,1.0,1.0,uncorrelated,
163,0.9,False,1.3917000032961369,1209,10,predicate_aware,1.0,1.0,1.0,uncorrelated,
164,1.0,False,1.3636999938171357,1091,10,predicate_aware,1.0,1.0,1.0,uncorrelated,
165,1.0,False,1.4119999977992848,1102,10,predicate_aware,1.0,1.0,1.0,uncorrelated,
166,1.0,False,1.323400007095188,1112,10,predicate_aware,1.0,1.0,1.0,uncorrelated,
167,1.0,False,1.4069000026211143,1276,10,predicate_aware,1.0,1.0,1.0,uncorrelated,
168,1.0,False,1.6858000017236918,1134,10,predicate_aware,1.0,1.0,1.0,uncorrelated,
169,1.0,False,1.4194999967003241,1111,10,predicate_aware,1.0,1.0,1.0,uncorrelated,
170,1.0,False,1.3149999867891893,1115,10,predicate_aware,1.0,1.0,1.0,uncorrelated,
171,1.0,False,1.3430999970296398,1118,10,predicate_aware,1.0,1.0,1.0,uncorrelated,
172,0.9,False,1.4288999955169857,1233,10,predicate_aware,1.0,1.0,1.0,uncorrelated,
173,0.9,False,1.337599998805672,1105,10,predicate_aware,1.0,1.0,1.0,uncorrelated,
174,1.0,False,1.4109000039752573,1164,10,predicate_aware,1.0,1.0,1.0,uncorrelated,
175,1.0,False,1.3180999958422035,1163,10,predicate_aware,1.0,1.0,1.0,uncorrelated,
176,1.0,False,1.3596999924629927,1161,10,predicate_aware,1.0,1.0,1.0,uncorrelated,
177,1.0,False,1.4535000082105398,1189,10,predicate_aware,1.0,1.0,1.0,uncorrelated,
178,1.0,False,1.3707000034628436,1110,10,predicate_aware,1.0,1.0,1.0,uncorrelated,
179,1.0,False,2.066699991701171,1137,10,predicate_aware,1.0,1.0,1.0,uncorrelated,
180,1.0,False,1.3932000001659617,999,10,predicate_aware,1.0,1.0,1.0,uncorrelated,
181,1.0,False,1.4992000069469213,1190,10,predicate_aware,1.0,1.0,1.0,uncorrelated,
182,1.0,False,1.360399997793138,1119,10,predicate_aware,1.0,1.0,1.0,uncorrelated,
183,1.0,False,1.4372000005096197,1111,10,predicate_aware,1.0,1.0,1.0,uncorrelated,
184,1.0,False,1.3851999974576756,1135,10,predicate_aware,1.0,1.0,1.0,uncorrelated,
185,1.0,False,0.96750000375323,425,10,predicate_aware,1.0,1.0,1.0,uncorrelated,
186,1.0,False,1.2092999968444929,853,10,predicate_aware,1.0,1.0,1.0,uncorrelated,
187,1.0,False,1.393900005496107,1232,10,predicate_aware,1.0,1.0,1.0,uncorrelated,
188,1.0,False,1.4767999964533374,1132,10,predicate_aware,1.0,1.0,1.0,uncorrelated,
189,1.0,False,1.367199991364032,1066,10,predicate_aware,1.0,1.0,1.0,uncorrelated,
190,1.0,False,1.172100004623644,805,10,predicate_aware,1.0,1.0,1.0,uncorrelated,
191,1.0,False,1.78980000782758,1288,10,predicate_aware,1.0,1.0,1.0,uncorrelated,
192,0.9,False,1.5918999997666106,1379,10,predicate_aware,1.0,1.0,1.0,uncorrelated,
193,1.0,False,1.512399991042912,1069,10,predicate_aware,1.0,1.0,1.0,uncorrelated,
194,1.0,False,1.340999995591119,1155,10,predicate_aware,1.0,1.0,1.0,uncorrelated,
195,1.0,False,1.3937000039732084,1216,10,predicate_aware,1.0,1.0,1.0,uncorrelated,
196,1.0,False,1.39639999542851,1274,10,predicate_aware,1.0,1.0,1.0,uncorrelated,
197,1.0,False,1.364700001431629,1256,10,predicate_aware,1.0,1.0,1.0,uncorrelated,
198,1.0,False,1.1553999938769266,709,10,predicate_aware,1.0,1.0,1.0,uncorrelated,
199,1.0,False,1.4565000019501895,1346,10,predicate_aware,1.0,1.0,1.0,uncorrelated,
20,1.0,False,0.6468000065069646,588,10,planner,1.0,1.0,1.0,uncorrelated,"post_filter: ŝ=1.0000 -> cost=66 < pre_filter=100000, predicate_aware=105"
21,1.0,False,0.7165000133682042,772,10,planner,1.0,1.0,1.0,uncorrelated,"post_filter: ŝ=1.0000 -> cost=66 < pre_filter=100000, predicate_aware=105"
22,0.9,False,0.683299993397668,718,10,planner,1.0,1.0,1.0,uncorrelated,"post_filter: ŝ=1.0000 -> cost=66 < pre_filter=100000, predicate_aware=105"
23,0.9,False,0.712799999746494,738,10,planner,1.0,1.0,1.0,uncorrelated,"post_filter: ŝ=1.0000 -> cost=66 < pre_filter=100000, predicate_aware=105"
24,1.0,False,0.7596000068588182,855,10,planner,1.0,1.0,1.0,uncorrelated,"post_filter: ŝ=1.0000 -> cost=66 < pre_filter=100000, predicate_aware=105"
25,1.0,False,0.7362000033026561,645,10,planner,1.0,1.0,1.0,uncorrelated,"post_filter: ŝ=1.0000 -> cost=66 < pre_filter=100000, predicate_aware=105"
26,1.0,False,0.8927000017138198,837,10,planner,1.0,1.0,1.0,uncorrelated,"post_filter: ŝ=1.0000 -> cost=66 < pre_filter=100000, predicate_aware=105"
27,0.9,False,0.8860999951139092,851,10,planner,1.0,1.0,1.0,uncorrelated,"post_filter: ŝ=1.0000 -> cost=66 < pre_filter=100000, predicate_aware=105"
28,1.0,False,0.7074999884935096,759,10,planner,1.0,1.0,1.0,uncorrelated,"post_filter: ŝ=1.0000 -> cost=66 < pre_filter=100000, predicate_aware=105"
29,1.0,False,0.599899998633191,415,10,planner,1.0,1.0,1.0,uncorrelated,"post_filter: ŝ=1.0000 -> cost=66 < pre_filter=100000, predicate_aware=105"
30,0.8,False,0.7326000049943104,708,10,planner,1.0,1.0,1.0,uncorrelated,"post_filter: ŝ=1.0000 -> cost=66 < pre_filter=100000, predicate_aware=105"
31,1.0,False,0.7153000042308122,804,10,planner,1.0,1.0,1.0,uncorrelated,"post_filter: ŝ=1.0000 -> cost=66 < pre_filter=100000, predicate_aware=105"
32,1.0,False,0.723599994671531,712,10,planner,1.0,1.0,1.0,uncorrelated,"post_filter: ŝ=1.0000 -> cost=66 < pre_filter=100000, predicate_aware=105"
33,1.0,False,0.6736999930581078,647,10,planner,1.0,1.0,1.0,uncorrelated,"post_filter: ŝ=1.0000 -> cost=66 < pre_filter=100000, predicate_aware=105"
34,1.0,False,0.7687999896006659,775,10,planner,1.0,1.0,1.0,uncorrelated,"post_filter: ŝ=1.0000 -> cost=66 < pre_filter=100000, predicate_aware=105"
35,1.0,False,0.714300011168234,800,10,planner,1.0,1.0,1.0,uncorrelated,"post_filter: ŝ=1.0000 -> cost=66 < pre_filter=100000, predicate_aware=105"
36,1.0,False,0.7985999982338399,946,10,planner,1.0,1.0,1.0,uncorrelated,"post_filter: ŝ=1.0000 -> cost=66 < pre_filter=100000, predicate_aware=105"
37,1.0,False,0.6976000004215166,699,10,planner,1.0,1.0,1.0,uncorrelated,"post_filter: ŝ=1.0000 -> cost=66 < pre_filter=100000, predicate_aware=105"
38,1.0,False,0.658600009046495,732,10,planner,1.0,1.0,1.0,uncorrelated,"post_filter: ŝ=1.0000 -> cost=66 < pre_filter=100000, predicate_aware=105"
39,1.0,False,0.7353999972110614,690,10,planner,1.0,1.0,1.0,uncorrelated,"post_filter: ŝ=1.0000 -> cost=66 < pre_filter=100000, predicate_aware=105"
40,1.0,False,0.7333999965339899,835,10,planner,1.0,1.0,1.0,uncorrelated,"post_filter: ŝ=1.0000 -> cost=66 < pre_filter=100000, predicate_aware=105"
41,1.0,False,0.6187999970279634,515,10,planner,1.0,1.0,1.0,uncorrelated,"post_filter: ŝ=1.0000 -> cost=66 < pre_filter=100000, predicate_aware=105"
42,1.0,False,0.7228000031318516,785,10,planner,1.0,1.0,1.0,uncorrelated,"post_filter: ŝ=1.0000 -> cost=66 < pre_filter=100000, predicate_aware=105"
43,1.0,False,0.7088999991538003,794,10,planner,1.0,1.0,1.0,uncorrelated,"post_filter: ŝ=1.0000 -> cost=66 < pre_filter=100000, predicate_aware=105"
44,1.0,False,0.6966999935684726,647,10,planner,1.0,1.0,1.0,uncorrelated,"post_filter: ŝ=1.0000 -> cost=66 < pre_filter=100000, predicate_aware=105"
45,1.0,False,0.6887999916216359,695,10,planner,1.0,1.0,1.0,uncorrelated,"post_filter: ŝ=1.0000 -> cost=66 < pre_filter=100000, predicate_aware=105"
46,1.0,False,0.6998000026214868,736,10,planner,1.0,1.0,1.0,uncorrelated,"post_filter: ŝ=1.0000 -> cost=66 < pre_filter=100000, predicate_aware=105"
47,1.0,False,0.717100003384985,808,10,planner,1.0,1.0,1.0,uncorrelated,"post_filter: ŝ=1.0000 -> cost=66 < pre_filter=100000, predicate_aware=105"
48,1.0,False,0.6646999972872436,741,10,planner,1.0,1.0,1.0,uncorrelated,"post_filter: ŝ=1.0000 -> cost=66 < pre_filter=100000, predicate_aware=105"
49,1.0,False,0.9328000014647841,575,10,planner,1.0,1.0,1.0,uncorrelated,"post_filter: ŝ=1.0000 -> cost=66 < pre_filter=100000, predicate_aware=105"
50,1.0,False,0.8240000024670735,638,10,planner,1.0,1.0,1.0,uncorrelated,"post_filter: ŝ=1.0000 -> cost=66 < pre_filter=100000, predicate_aware=105"
51,1.0,False,0.6920000014360994,584,10,planner,1.0,1.0,1.0,uncorrelated,"post_filter: ŝ=1.0000 -> cost=66 < pre_filter=100000, predicate_aware=105"
52,0.9,False,0.7280999998329207,774,10,planner,1.0,1.0,1.0,uncorrelated,"post_filter: ŝ=1.0000 -> cost=66 < pre_filter=100000, predicate_aware=105"
53,1.0,False,0.9137000015471131,712,10,planner,1.0,1.0,1.0,uncorrelated,"post_filter: ŝ=1.0000 -> cost=66 < pre_filter=100000, predicate_aware=105"
54,1.0,False,0.6646999972872436,382,10,planner,1.0,1.0,1.0,uncorrelated,"post_filter: ŝ=1.0000 -> cost=66 < pre_filter=100000, predicate_aware=105"
55,1.0,False,0.552500001504086,377,10,planner,1.0,1.0,1.0,uncorrelated,"post_filter: ŝ=1.0000 -> cost=66 < pre_filter=100000, predicate_aware=105"
56,1.0,False,0.7353999972110614,796,10,planner,1.0,1.0,1.0,uncorrelated,"post_filter: ŝ=1.0000 -> cost=66 < pre_filter=100000, predicate_aware=105"
57,1.0,False,0.7237999961944297,805,10,planner,1.0,1.0,1.0,uncorrelated,"post_filter: ŝ=1.0000 -> cost=66 < pre_filter=100000, predicate_aware=105"
58,1.0,False,0.7406000077025965,818,10,planner,1.0,1.0,1.0,uncorrelated,"post_filter: ŝ=1.0000 -> cost=66 < pre_filter=100000, predicate_aware=105"
59,1.0,False,0.6113999988883734,465,10,planner,1.0,1.0,1.0,uncorrelated,"post_filter: ŝ=1.0000 -> cost=66 < pre_filter=100000, predicate_aware=105"
60,1.0,False,0.7184999994933605,778,10,planner,1.0,1.0,1.0,uncorrelated,"post_filter: ŝ=1.0000 -> cost=66 < pre_filter=100000, predicate_aware=105"
61,1.0,False,0.6272000027820468,563,10,planner,1.0,1.0,1.0,uncorrelated,"post_filter: ŝ=1.0000 -> cost=66 < pre_filter=100000, predicate_aware=105"
62,1.0,False,0.5607999919448048,376,10,planner,1.0,1.0,1.0,uncorrelated,"post_filter: ŝ=1.0000 -> cost=66 < pre_filter=100000, predicate_aware=105"
63,1.0,False,0.6936999998288229,635,10,planner,1.0,1.0,1.0,uncorrelated,"post_filter: ŝ=1.0000 -> cost=66 < pre_filter=100000, predicate_aware=105"
64,1.0,False,0.6709000008413568,573,10,planner,1.0,1.0,1.0,uncorrelated,"post_filter: ŝ=1.0000 -> cost=66 < pre_filter=100000, predicate_aware=105"
65,1.0,False,0.6323999987216666,577,10,planner,1.0,1.0,1.0,uncorrelated,"post_filter: ŝ=1.0000 -> cost=66 < pre_filter=100000, predicate_aware=105"
66,1.0,False,0.6169999978737906,501,10,planner,1.0,1.0,1.0,uncorrelated,"post_filter: ŝ=1.0000 -> cost=66 < pre_filter=100000, predicate_aware=105"
67,1.0,False,0.6476999988080934,600,10,planner,1.0,1.0,1.0,uncorrelated,"post_filter: ŝ=1.0000 -> cost=66 < pre_filter=100000, predicate_aware=105"
68,1.0,False,0.6202000076882541,570,10,planner,1.0,1.0,1.0,uncorrelated,"post_filter: ŝ=1.0000 -> cost=66 < pre_filter=100000, predicate_aware=105"
69,0.8,False,0.6806000019423664,778,10,planner,1.0,1.0,1.0,uncorrelated,"post_filter: ŝ=1.0000 -> cost=66 < pre_filter=100000, predicate_aware=105"
70,1.0,False,0.5699000030290335,404,10,planner,1.0,1.0,1.0,uncorrelated,"post_filter: ŝ=1.0000 -> cost=66 < pre_filter=100000, predicate_aware=105"
71,1.0,False,0.6319999956758693,575,10,planner,1.0,1.0,1.0,uncorrelated,"post_filter: ŝ=1.0000 -> cost=66 < pre_filter=100000, predicate_aware=105"
72,0.9,False,0.8830000006128103,878,10,planner,1.0,1.0,1.0,uncorrelated,"post_filter: ŝ=1.0000 -> cost=66 < pre_filter=100000, predicate_aware=105"
73,1.0,False,0.7507999980589375,762,10,planner,1.0,1.0,1.0,uncorrelated,"post_filter: ŝ=1.0000 -> cost=66 < pre_filter=100000, predicate_aware=105"
74,1.0,False,0.7058000046527013,713,10,planner,1.0,1.0,1.0,uncorrelated,"post_filter: ŝ=1.0000 -> cost=66 < pre_filter=100000, predicate_aware=105"
75,1.0,False,0.7078000053297728,788,10,planner,1.0,1.0,1.0,uncorrelated,"post_filter: ŝ=1.0000 -> cost=66 < pre_filter=100000, predicate_aware=105"
76,1.0,False,0.7068000122671947,668,10,planner,1.0,1.0,1.0,uncorrelated,"post_filter: ŝ=1.0000 -> cost=66 < pre_filter=100000, predicate_aware=105"
77,1.0,False,0.6978000019444153,764,10,planner,1.0,1.0,1.0,uncorrelated,"post_filter: ŝ=1.0000 -> cost=66 < pre_filter=100000, predicate_aware=105"
78,0.9,False,0.719599993317388,805,10,planner,1.0,1.0,1.0,uncorrelated,"post_filter: ŝ=1.0000 -> cost=66 < pre_filter=100000, predicate_aware=105"
79,1.0,False,0.5759000050602481,477,10,planner,1.0,1.0,1.0,uncorrelated,"post_filter: ŝ=1.0000 -> cost=66 < pre_filter=100000, predicate_aware=105"
80,0.9,False,0.7108999998308718,729,10,planner,1.0,1.0,1.0,uncorrelated,"post_filter: ŝ=1.0000 -> cost=66 < pre_filter=100000, predicate_aware=105"
81,1.0,False,0.7565999985672534,864,10,planner,1.0,1.0,1.0,uncorrelated,"post_filter: ŝ=1.0000 -> cost=66 < pre_filter=100000, predicate_aware=105"
82,1.0,False,0.8273999992525205,955,10,planner,1.0,1.0,1.0,uncorrelated,"post_filter: ŝ=1.0000 -> cost=66 < pre_filter=100000, predicate_aware=105"
83,1.0,False,0.7074000022839755,686,10,planner,1.0,1.0,1.0,uncorrelated,"post_filter: ŝ=1.0000 -> cost=66 < pre_filter=100000, predicate_aware=105"
84,1.0,False,0.7488999981433153,871,10,planner,1.0,1.0,1.0,uncorrelated,"post_filter: ŝ=1.0000 -> cost=66 < pre_filter=100000, predicate_aware=105"
85,1.0,False,0.6513999978778884,552,10,planner,1.0,1.0,1.0,uncorrelated,"post_filter: ŝ=1.0000 -> cost=66 < pre_filter=100000, predicate_aware=105"
86,1.0,False,0.6258000066736713,547,10,planner,1.0,1.0,1.0,uncorrelated,"post_filter: ŝ=1.0000 -> cost=66 < pre_filter=100000, predicate_aware=105"
87,1.0,False,0.5543000006582588,392,10,planner,1.0,1.0,1.0,uncorrelated,"post_filter: ŝ=1.0000 -> cost=66 < pre_filter=100000, predicate_aware=105"
88,1.0,False,0.5507000023499131,356,10,planner,1.0,1.0,1.0,uncorrelated,"post_filter: ŝ=1.0000 -> cost=66 < pre_filter=100000, predicate_aware=105"
89,1.0,False,0.6489999941550195,576,10,planner,1.0,1.0,1.0,uncorrelated,"post_filter: ŝ=1.0000 -> cost=66 < pre_filter=100000, predicate_aware=105"
90,1.0,False,0.7018999895080924,590,10,planner,1.0,1.0,1.0,uncorrelated,"post_filter: ŝ=1.0000 -> cost=66 < pre_filter=100000, predicate_aware=105"
91,1.0,False,0.6921000021975487,579,10,planner,1.0,1.0,1.0,uncorrelated,"post_filter: ŝ=1.0000 -> cost=66 < pre_filter=100000, predicate_aware=105"
92,1.0,False,0.7349999941652641,817,10,planner,1.0,1.0,1.0,uncorrelated,"post_filter: ŝ=1.0000 -> cost=66 < pre_filter=100000, predicate_aware=105"
93,1.0,False,0.7000999903539196,611,10,planner,1.0,1.0,1.0,uncorrelated,"post_filter: ŝ=1.0000 -> cost=66 < pre_filter=100000, predicate_aware=105"
94,1.0,False,0.5942999996477738,424,10,planner,1.0,1.0,1.0,uncorrelated,"post_filter: ŝ=1.0000 -> cost=66 < pre_filter=100000, predicate_aware=105"
95,1.0,False,0.8760000055190176,791,10,planner,1.0,1.0,1.0,uncorrelated,"post_filter: ŝ=1.0000 -> cost=66 < pre_filter=100000, predicate_aware=105"
96,0.9,False,0.7812000112608075,834,10,planner,1.0,1.0,1.0,uncorrelated,"post_filter: ŝ=1.0000 -> cost=66 < pre_filter=100000, predicate_aware=105"
97,0.9,False,0.7929999992484227,764,10,planner,1.0,1.0,1.0,uncorrelated,"post_filter: ŝ=1.0000 -> cost=66 < pre_filter=100000, predicate_aware=105"
98,1.0,False,0.5909999890718609,420,10,planner,1.0,1.0,1.0,uncorrelated,"post_filter: ŝ=1.0000 -> cost=66 < pre_filter=100000, predicate_aware=105"
99,1.0,False,0.6888999923830852,715,10,planner,1.0,1.0,1.0,uncorrelated,"post_filter: ŝ=1.0000 -> cost=66 < pre_filter=100000, predicate_aware=105"
100,1.0,False,0.6708000000799075,587,10,planner,1.0,1.0,1.0,uncorrelated,"post_filter: ŝ=1.0000 -> cost=66 < pre_filter=100000, predicate_aware=105"
101,1.0,False,0.7062999939080328,678,10,planner,1.0,1.0,1.0,uncorrelated,"post_filter: ŝ=1.0000 -> cost=66 < pre_filter=100000, predicate_aware=105"
102,0.8,False,0.7451000128639862,822,10,planner,1.0,1.0,1.0,uncorrelated,"post_filter: ŝ=1.0000 -> cost=66 < pre_filter=100000, predicate_aware=105"
103,1.0,False,0.7904000085545704,829,10,planner,1.0,1.0,1.0,uncorrelated,"post_filter: ŝ=1.0000 -> cost=66 < pre_filter=100000, predicate_aware=105"
104,1.0,False,0.636199998552911,563,10,planner,1.0,1.0,1.0,uncorrelated,"post_filter: ŝ=1.0000 -> cost=66 < pre_filter=100000, predicate_aware=105"
105,1.0,False,0.7099999929778278,730,10,planner,1.0,1.0,1.0,uncorrelated,"post_filter: ŝ=1.0000 -> cost=66 < pre_filter=100000, predicate_aware=105"
106,1.0,False,0.632800001767464,510,10,planner,1.0,1.0,1.0,uncorrelated,"post_filter: ŝ=1.0000 -> cost=66 < pre_filter=100000, predicate_aware=105"
107,1.0,False,0.6705999985570088,559,10,planner,1.0,1.0,1.0,uncorrelated,"post_filter: ŝ=1.0000 -> cost=66 < pre_filter=100000, predicate_aware=105"
108,1.0,False,0.5364999960875139,270,10,planner,1.0,1.0,1.0,uncorrelated,"post_filter: ŝ=1.0000 -> cost=66 < pre_filter=100000, predicate_aware=105"
109,1.0,False,0.7015000010142103,622,10,planner,1.0,1.0,1.0,uncorrelated,"post_filter: ŝ=1.0000 -> cost=66 < pre_filter=100000, predicate_aware=105"
110,1.0,False,0.6625999958487228,590,10,planner,1.0,1.0,1.0,uncorrelated,"post_filter: ŝ=1.0000 -> cost=66 < pre_filter=100000, predicate_aware=105"
111,0.9,False,0.7277999975485727,759,10,planner,1.0,1.0,1.0,uncorrelated,"post_filter: ŝ=1.0000 -> cost=66 < pre_filter=100000, predicate_aware=105"
112,1.0,False,0.6305999995674938,488,10,planner,1.0,1.0,1.0,uncorrelated,"post_filter: ŝ=1.0000 -> cost=66 < pre_filter=100000, predicate_aware=105"
113,1.0,False,0.7563999970443547,797,10,planner,1.0,1.0,1.0,uncorrelated,"post_filter: ŝ=1.0000 -> cost=66 < pre_filter=100000, predicate_aware=105"
114,1.0,False,0.6750000029569492,592,10,planner,1.0,1.0,1.0,uncorrelated,"post_filter: ŝ=1.0000 -> cost=66 < pre_filter=100000, predicate_aware=105"
115,1.0,False,0.7089999999152496,801,10,planner,1.0,1.0,1.0,uncorrelated,"post_filter: ŝ=1.0000 -> cost=66 < pre_filter=100000, predicate_aware=105"
116,1.0,False,0.5563000013353303,344,10,planner,1.0,1.0,1.0,uncorrelated,"post_filter: ŝ=1.0000 -> cost=66 < pre_filter=100000, predicate_aware=105"
117,1.0,False,0.764199998229742,892,10,planner,1.0,1.0,1.0,uncorrelated,"post_filter: ŝ=1.0000 -> cost=66 < pre_filter=100000, predicate_aware=105"
118,0.9,False,0.9547000081511214,818,10,planner,1.0,1.0,1.0,uncorrelated,"post_filter: ŝ=1.0000 -> cost=66 < pre_filter=100000, predicate_aware=105"
119,1.0,False,0.6360999977914616,342,10,planner,1.0,1.0,1.0,uncorrelated,"post_filter: ŝ=1.0000 -> cost=66 < pre_filter=100000, predicate_aware=105"
120,1.0,False,0.7953000022098422,795,10,planner,1.0,1.0,1.0,uncorrelated,"post_filter: ŝ=1.0000 -> cost=66 < pre_filter=100000, predicate_aware=105"
121,1.0,False,0.7229000038933009,675,10,planner,1.0,1.0,1.0,uncorrelated,"post_filter: ŝ=1.0000 -> cost=66 < pre_filter=100000, predicate_aware=105"
122,1.0,False,0.840499997138977,850,10,planner,1.0,1.0,1.0,uncorrelated,"post_filter: ŝ=1.0000 -> cost=66 < pre_filter=100000, predicate_aware=105"
123,1.0,False,0.7366000063484535,631,10,planner,1.0,1.0,1.0,uncorrelated,"post_filter: ŝ=1.0000 -> cost=66 < pre_filter=100000, predicate_aware=105"
124,1.0,False,0.7593000045744702,691,10,planner,1.0,1.0,1.0,uncorrelated,"post_filter: ŝ=1.0000 -> cost=66 < pre_filter=100000, predicate_aware=105"
125,1.0,False,0.7827999943401664,803,10,planner,1.0,1.0,1.0,uncorrelated,"post_filter: ŝ=1.0000 -> cost=66 < pre_filter=100000, predicate_aware=105"
126,1.0,False,0.8136000105878338,883,10,planner,1.0,1.0,1.0,uncorrelated,"post_filter: ŝ=1.0000 -> cost=66 < pre_filter=100000, predicate_aware=105"
127,1.0,False,0.7669000042369589,841,10,planner,1.0,1.0,1.0,uncorrelated,"post_filter: ŝ=1.0000 -> cost=66 < pre_filter=100000, predicate_aware=105"
128,1.0,False,0.7126999989850447,718,10,planner,1.0,1.0,1.0,uncorrelated,"post_filter: ŝ=1.0000 -> cost=66 < pre_filter=100000, predicate_aware=105"
129,1.0,False,0.6387000030372292,535,10,planner,1.0,1.0,1.0,uncorrelated,"post_filter: ŝ=1.0000 -> cost=66 < pre_filter=100000, predicate_aware=105"
130,0.8,False,0.8414000039920211,882,10,planner,1.0,1.0,1.0,uncorrelated,"post_filter: ŝ=1.0000 -> cost=66 < pre_filter=100000, predicate_aware=105"
131,1.0,False,0.7410000107483938,755,10,planner,1.0,1.0,1.0,uncorrelated,"post_filter: ŝ=1.0000 -> cost=66 < pre_filter=100000, predicate_aware=105"
132,1.0,False,0.8375000033993274,913,10,planner,1.0,1.0,1.0,uncorrelated,"post_filter: ŝ=1.0000 -> cost=66 < pre_filter=100000, predicate_aware=105"
133,0.9,False,0.8146999898599461,898,10,planner,1.0,1.0,1.0,uncorrelated,"post_filter: ŝ=1.0000 -> cost=66 < pre_filter=100000, predicate_aware=105"
134,0.9,False,0.6308999872999266,425,10,planner,1.0,1.0,1.0,uncorrelated,"post_filter: ŝ=1.0000 -> cost=66 < pre_filter=100000, predicate_aware=105"
135,1.0,False,0.7583999977214262,832,10,planner,1.0,1.0,1.0,uncorrelated,"post_filter: ŝ=1.0000 -> cost=66 < pre_filter=100000, predicate_aware=105"
136,1.0,False,0.7199999963631853,847,10,planner,1.0,1.0,1.0,uncorrelated,"post_filter: ŝ=1.0000 -> cost=66 < pre_filter=100000, predicate_aware=105"
137,1.0,False,0.7888999971328303,897,10,planner,1.0,1.0,1.0,uncorrelated,"post_filter: ŝ=1.0000 -> cost=66 < pre_filter=100000, predicate_aware=105"
138,1.0,False,1.0179000091739,716,10,planner,1.0,1.0,1.0,uncorrelated,"post_filter: ŝ=1.0000 -> cost=66 < pre_filter=100000, predicate_aware=105"
139,1.0,False,0.7374999986495823,785,10,planner,1.0,1.0,1.0,uncorrelated,"post_filter: ŝ=1.0000 -> cost=66 < pre_filter=100000, predicate_aware=105"
140,1.0,False,0.7347999926423654,752,10,planner,1.0,1.0,1.0,uncorrelated,"post_filter: ŝ=1.0000 -> cost=66 < pre_filter=100000, predicate_aware=105"
141,1.0,False,0.6322999979602173,521,10,planner,1.0,1.0,1.0,uncorrelated,"post_filter: ŝ=1.0000 -> cost=66 < pre_filter=100000, predicate_aware=105"
142,1.0,False,0.7377000001724809,877,10,planner,1.0,1.0,1.0,uncorrelated,"post_filter: ŝ=1.0000 -> cost=66 < pre_filter=100000, predicate_aware=105"
143,1.0,False,0.6457000126829371,575,10,planner,1.0,1.0,1.0,uncorrelated,"post_filter: ŝ=1.0000 -> cost=66 < pre_filter=100000, predicate_aware=105"
144,1.0,False,0.6969999958528206,702,10,planner,1.0,1.0,1.0,uncorrelated,"post_filter: ŝ=1.0000 -> cost=66 < pre_filter=100000, predicate_aware=105"
145,1.0,False,0.6508000078611076,601,10,planner,1.0,1.0,1.0,uncorrelated,"post_filter: ŝ=1.0000 -> cost=66 < pre_filter=100000, predicate_aware=105"
146,1.0,False,0.708799998392351,759,10,planner,1.0,1.0,1.0,uncorrelated,"post_filter: ŝ=1.0000 -> cost=66 < pre_filter=100000, predicate_aware=105"
147,0.9,False,0.7402999908663332,855,10,planner,1.0,1.0,1.0,uncorrelated,"post_filter: ŝ=1.0000 -> cost=66 < pre_filter=100000, predicate_aware=105"
148,1.0,False,0.7121000089682639,710,10,planner,1.0,1.0,1.0,uncorrelated,"post_filter: ŝ=1.0000 -> cost=66 < pre_filter=100000, predicate_aware=105"
149,1.0,False,0.7018000032985583,684,10,planner,1.0,1.0,1.0,uncorrelated,"post_filter: ŝ=1.0000 -> cost=66 < pre_filter=100000, predicate_aware=105"
150,0.9,False,0.781700000516139,766,10,planner,1.0,1.0,1.0,uncorrelated,"post_filter: ŝ=1.0000 -> cost=66 < pre_filter=100000, predicate_aware=105"
151,1.0,False,0.7685000018682331,439,10,planner,1.0,1.0,1.0,uncorrelated,"post_filter: ŝ=1.0000 -> cost=66 < pre_filter=100000, predicate_aware=105"
152,1.0,False,0.7141999958548695,779,10,planner,1.0,1.0,1.0,uncorrelated,"post_filter: ŝ=1.0000 -> cost=66 < pre_filter=100000, predicate_aware=105"
153,1.0,False,0.7301000005099922,735,10,planner,1.0,1.0,1.0,uncorrelated,"post_filter: ŝ=1.0000 -> cost=66 < pre_filter=100000, predicate_aware=105"
154,1.0,False,0.6712000031257048,723,10,planner,1.0,1.0,1.0,uncorrelated,"post_filter: ŝ=1.0000 -> cost=66 < pre_filter=100000, predicate_aware=105"
155,0.9,False,0.6964999920455739,818,10,planner,1.0,1.0,1.0,uncorrelated,"post_filter: ŝ=1.0000 -> cost=66 < pre_filter=100000, predicate_aware=105"
156,0.6,False,0.6968999950913712,830,10,planner,1.0,1.0,1.0,uncorrelated,"post_filter: ŝ=1.0000 -> cost=66 < pre_filter=100000, predicate_aware=105"
157,1.0,False,0.7455000013578683,892,10,planner,1.0,1.0,1.0,uncorrelated,"post_filter: ŝ=1.0000 -> cost=66 < pre_filter=100000, predicate_aware=105"
158,1.0,False,0.7184999994933605,836,10,planner,1.0,1.0,1.0,uncorrelated,"post_filter: ŝ=1.0000 -> cost=66 < pre_filter=100000, predicate_aware=105"
159,0.8,False,1.4129000046523288,794,10,planner,1.0,1.0,1.0,uncorrelated,"post_filter: ŝ=1.0000 -> cost=66 < pre_filter=100000, predicate_aware=105"
160,1.0,False,0.8415000047534704,926,10,planner,1.0,1.0,1.0,uncorrelated,"post_filter: ŝ=1.0000 -> cost=66 < pre_filter=100000, predicate_aware=105"
161,1.0,False,0.7312999950954691,832,10,planner,1.0,1.0,1.0,uncorrelated,"post_filter: ŝ=1.0000 -> cost=66 < pre_filter=100000, predicate_aware=105"
162,1.0,False,0.7968999998411164,947,10,planner,1.0,1.0,1.0,uncorrelated,"post_filter: ŝ=1.0000 -> cost=66 < pre_filter=100000, predicate_aware=105"
163,0.9,False,0.7154999912017956,819,10,planner,1.0,1.0,1.0,uncorrelated,"post_filter: ŝ=1.0000 -> cost=66 < pre_filter=100000, predicate_aware=105"
164,1.0,False,0.8119000121951103,730,10,planner,1.0,1.0,1.0,uncorrelated,"post_filter: ŝ=1.0000 -> cost=66 < pre_filter=100000, predicate_aware=105"
165,1.0,False,0.7066999969538301,787,10,planner,1.0,1.0,1.0,uncorrelated,"post_filter: ŝ=1.0000 -> cost=66 < pre_filter=100000, predicate_aware=105"
166,0.9,False,0.7324000034714118,784,10,planner,1.0,1.0,1.0,uncorrelated,"post_filter: ŝ=1.0000 -> cost=66 < pre_filter=100000, predicate_aware=105"
167,1.0,False,0.8732999995118007,873,10,planner,1.0,1.0,1.0,uncorrelated,"post_filter: ŝ=1.0000 -> cost=66 < pre_filter=100000, predicate_aware=105"
168,1.0,False,0.7119999936548993,810,10,planner,1.0,1.0,1.0,uncorrelated,"post_filter: ŝ=1.0000 -> cost=66 < pre_filter=100000, predicate_aware=105"
169,0.9,False,0.7677000103285536,807,10,planner,1.0,1.0,1.0,uncorrelated,"post_filter: ŝ=1.0000 -> cost=66 < pre_filter=100000, predicate_aware=105"
170,0.9,False,0.6990999972913414,783,10,planner,1.0,1.0,1.0,uncorrelated,"post_filter: ŝ=1.0000 -> cost=66 < pre_filter=100000, predicate_aware=105"
171,1.0,False,0.6926999922143295,793,10,planner,1.0,1.0,1.0,uncorrelated,"post_filter: ŝ=1.0000 -> cost=66 < pre_filter=100000, predicate_aware=105"
172,0.7,False,0.7557000062661245,833,10,planner,1.0,1.0,1.0,uncorrelated,"post_filter: ŝ=1.0000 -> cost=66 < pre_filter=100000, predicate_aware=105"
173,0.8,False,0.7480999920517206,818,10,planner,1.0,1.0,1.0,uncorrelated,"post_filter: ŝ=1.0000 -> cost=66 < pre_filter=100000, predicate_aware=105"
174,0.9,False,0.7475000020349398,843,10,planner,1.0,1.0,1.0,uncorrelated,"post_filter: ŝ=1.0000 -> cost=66 < pre_filter=100000, predicate_aware=105"
175,1.0,False,0.6745999999111518,759,10,planner,1.0,1.0,1.0,uncorrelated,"post_filter: ŝ=1.0000 -> cost=66 < pre_filter=100000, predicate_aware=105"
176,1.0,False,0.7060000061756,765,10,planner,1.0,1.0,1.0,uncorrelated,"post_filter: ŝ=1.0000 -> cost=66 < pre_filter=100000, predicate_aware=105"
177,1.0,False,0.7278999983100221,823,10,planner,1.0,1.0,1.0,uncorrelated,"post_filter: ŝ=1.0000 -> cost=66 < pre_filter=100000, predicate_aware=105"
178,1.0,False,0.6913999968674034,778,10,planner,1.0,1.0,1.0,uncorrelated,"post_filter: ŝ=1.0000 -> cost=66 < pre_filter=100000, predicate_aware=105"
179,1.0,False,0.9237999911420047,746,10,planner,1.0,1.0,1.0,uncorrelated,"post_filter: ŝ=1.0000 -> cost=66 < pre_filter=100000, predicate_aware=105"
180,1.0,False,0.7143999973777682,707,10,planner,1.0,1.0,1.0,uncorrelated,"post_filter: ŝ=1.0000 -> cost=66 < pre_filter=100000, predicate_aware=105"
181,0.8,False,0.7411999977193773,840,10,planner,1.0,1.0,1.0,uncorrelated,"post_filter: ŝ=1.0000 -> cost=66 < pre_filter=100000, predicate_aware=105"
182,1.0,False,0.7292999944183975,796,10,planner,1.0,1.0,1.0,uncorrelated,"post_filter: ŝ=1.0000 -> cost=66 < pre_filter=100000, predicate_aware=105"
183,0.9,False,0.7024999940767884,762,10,planner,1.0,1.0,1.0,uncorrelated,"post_filter: ŝ=1.0000 -> cost=66 < pre_filter=100000, predicate_aware=105"
184,1.0,False,0.7829999958630651,791,10,planner,1.0,1.0,1.0,uncorrelated,"post_filter: ŝ=1.0000 -> cost=66 < pre_filter=100000, predicate_aware=105"
185,1.0,False,0.5999999993946403,308,10,planner,1.0,1.0,1.0,uncorrelated,"post_filter: ŝ=1.0000 -> cost=66 < pre_filter=100000, predicate_aware=105"
186,1.0,False,0.6954999989829957,593,10,planner,1.0,1.0,1.0,uncorrelated,"post_filter: ŝ=1.0000 -> cost=66 < pre_filter=100000, predicate_aware=105"
187,1.0,False,0.7016000017756596,824,10,planner,1.0,1.0,1.0,uncorrelated,"post_filter: ŝ=1.0000 -> cost=66 < pre_filter=100000, predicate_aware=105"
188,1.0,False,0.7290999928954989,827,10,planner,1.0,1.0,1.0,uncorrelated,"post_filter: ŝ=1.0000 -> cost=66 < pre_filter=100000, predicate_aware=105"
189,1.0,False,0.7025999948382378,743,10,planner,1.0,1.0,1.0,uncorrelated,"post_filter: ŝ=1.0000 -> cost=66 < pre_filter=100000, predicate_aware=105"
190,1.0,False,0.6723999977111816,610,10,planner,1.0,1.0,1.0,uncorrelated,"post_filter: ŝ=1.0000 -> cost=66 < pre_filter=100000, predicate_aware=105"
191,1.0,False,0.897699996130541,913,10,planner,1.0,1.0,1.0,uncorrelated,"post_filter: ŝ=1.0000 -> cost=66 < pre_filter=100000, predicate_aware=105"
192,0.8,False,0.7862000056775287,979,10,planner,1.0,1.0,1.0,uncorrelated,"post_filter: ŝ=1.0000 -> cost=66 < pre_filter=100000, predicate_aware=105"
193,1.0,False,0.7278999983100221,776,10,planner,1.0,1.0,1.0,uncorrelated,"post_filter: ŝ=1.0000 -> cost=66 < pre_filter=100000, predicate_aware=105"
194,1.0,False,0.7442000060109422,827,10,planner,1.0,1.0,1.0,uncorrelated,"post_filter: ŝ=1.0000 -> cost=66 < pre_filter=100000, predicate_aware=105"
195,1.0,False,0.7784000044921413,831,10,planner,1.0,1.0,1.0,uncorrelated,"post_filter: ŝ=1.0000 -> cost=66 < pre_filter=100000, predicate_aware=105"
196,1.0,False,0.7585999992443249,909,10,planner,1.0,1.0,1.0,uncorrelated,"post_filter: ŝ=1.0000 -> cost=66 < pre_filter=100000, predicate_aware=105"
197,1.0,False,0.7080000068526715,865,10,planner,1.0,1.0,1.0,uncorrelated,"post_filter: ŝ=1.0000 -> cost=66 < pre_filter=100000, predicate_aware=105"
198,1.0,False,0.625400003627874,509,10,planner,1.0,1.0,1.0,uncorrelated,"post_filter: ŝ=1.0000 -> cost=66 < pre_filter=100000, predicate_aware=105"
199,0.7,False,0.7587000000057742,912,10,planner,1.0,1.0,1.0,uncorrelated,"post_filter: ŝ=1.0000 -> cost=66 < pre_filter=100000, predicate_aware=105"
