query_idx,recall,underfill,latency_ms,dist_ops,n_returned,strategy,target_selectivity,true_selectivity,sel_hat,metadata_variant,fallback_rate
20,1.0,False,0.0227999998969608,100,10,pre_filter,0.001,0.001,0.0008930225276947021,correlated,
21,1.0,False,0.02320000021427404,100,10,pre_filter,0.001,0.001,0.0008930225276947021,correlated,
22,1.0,False,0.0227999998969608,100,10,pre_filter,0.001,0.001,0.0008930225276947021,correlated,
23,1.0,False,0.023300000066228677,100,10,pre_filter,0.001,0.001,0.0008930225276947021,correlated,
24,1.0,False,0.02300000005561742,100,10,pre_filter,0.001,0.001,0.0008930225276947021,correlated,
25,1.0,False,0.02099999983329326,100,10,pre_filter,0.001,0.001,0.0008930225276947021,correlated,
26,1.0,False,0.021500000002561137,100,10,pre_filter,0.001,0.001,0.0008930225276947021,correlated,
27,1.0,False,0.02119999999194988,100,10,pre_filter,0.001,0.001,0.0008930225276947021,correlated,
28,1.0,False,0.02139999969585915,100,10,pre_filter,0.001,0.001,0.0008930225276947021,correlated,
29,1.0,False,0.021699999706470408,100,10,pre_filter,0.001,0.001,0.0008930225276947021,correlated,
30,1.0,False,0.021299999843904516,100,10,pre_filter,0.001,0.001,0.0008930225276947021,correlated,
31,1.0,False,0.02119999999194988,100,10,pre_filter,0.001,0.001,0.0008930225276947021,correlated,
32,1.0,False,0.021400000150606502,100,10,pre_filter,0.001,0.001,0.0008930225276947021,correlated,
33,1.0,False,0.021299999843904516,100,10,pre_filter,0.001,0.001,0.0008930225276947021,correlated,
34,1.0,False,0.021400000150606502,100,10,pre_filter,0.001,0.001,0.0008930225276947021,correlated,
35,1.0,False,0.021599999854515772,100,10,pre_filter,0.001,0.001,0.0008930225276947021,correlated,
36,1.0,False,0.021299999843904516,100,10,pre_filter,0.001,0.001,0.0008930225276947021,correlated,
37,1.0,False,0.02170000016121776,100,10,pre_filter,0.001,0.001,0.0008930225276947021,correlated,
38,1.0,False,0.021400000150606502,100,10,pre_filter,0.001,0.001,0.0008930225276947021,correlated,
39,1.0,False,0.021500000002561137,100,10,pre_filter,0.001,0.001,0.0008930225276947021,correlated,
40,1.0,False,0.02750000021478627,100,10,pre_filter,0.001,0.001,0.0008930225276947021,correlated,
41,1.0,False,0.026700000034907134,100,10,pre_filter,0.001,0.001,0.0008930225276947021,correlated,
42,1.0,False,0.026699999580159783,100,10,pre_filter,0.001,0.001,0.0008930225276947021,correlated,
43,1.0,False,0.02679999988686177,100,10,pre_filter,0.001,0.001,0.0008930225276947021,correlated,
44,1.0,False,0.02700000004551839,100,10,pre_filter,0.001,0.001,0.0008930225276947021,correlated,
45,1.0,False,0.026500000330997864,100,10,pre_filter,0.001,0.001,0.0008930225276947021,correlated,
46,1.0,False,0.02700000004551839,100,10,pre_filter,0.001,0.001,0.0008930225276947021,correlated,
47,1.0,False,0.027099999897473026,100,10,pre_filter,0.001,0.001,0.0008930225276947021,correlated,
48,1.0,False,0.027099999897473026,100,10,pre_filter,0.001,0.001,0.0008930225276947021,correlated,
49,1.0,False,0.026700000034907134,100,10,pre_filter,0.001,0.001,0.0008930225276947021,correlated,
50,1.0,False,0.02679999988686177,100,10,pre_filter,0.001,0.001,0.0008930225276947021,correlated,
51,1.0,False,0.027300000056129647,100,10,pre_filter,0.001,0.001,0.0008930225276947021,correlated,
52,1.0,False,0.026700000034907134,100,10,pre_filter,0.001,0.001,0.0008930225276947021,correlated,
53,1.0,False,0.02719999974942766,100,10,pre_filter,0.001,0.001,0.0008930225276947021,correlated,
54,1.0,False,0.02680000034160912,100,10,pre_filter,0.001,0.001,0.0008930225276947021,correlated,
55,1.0,False,0.027100000352220377,100,10,pre_filter,0.001,0.001,0.0008930225276947021,correlated,
56,1.0,False,0.026900000193563756,100,10,pre_filter,0.001,0.001,0.0008930225276947021,correlated,
57,1.0,False,0.04439999975147657,100,10,pre_filter,0.001,0.001,0.0008930225276947021,correlated,
58,1.0,False,0.027300000056129647,100,10,pre_filter,0.001,0.001,0.0008930225276947021,correlated,
59,1.0,False,0.02679999988686177,100,10,pre_filter,0.001,0.001,0.0008930225276947021,correlated,
60,1.0,False,0.02679999988686177,100,10,pre_filter,0.001,0.001,0.0008930225276947021,correlated,
61,1.0,False,0.0266000001829525,100,10,pre_filter,0.001,0.001,0.0008930225276947021,correlated,
62,1.0,False,0.027300000056129647,100,10,pre_filter,0.001,0.001,0.0008930225276947021,correlated,
63,1.0,False,0.026700000034907134,100,10,pre_filter,0.001,0.001,0.0008930225276947021,correlated,
64,1.0,False,0.02700000004551839,100,10,pre_filter,0.001,0.001,0.0008930225276947021,correlated,
65,1.0,False,0.026900000193563756,100,10,pre_filter,0.001,0.001,0.0008930225276947021,correlated,
66,1.0,False,0.026500000330997864,100,10,pre_filter,0.001,0.001,0.0008930225276947021,correlated,
67,1.0,False,0.026899999738816405,100,10,pre_filter,0.001,0.001,0.0008930225276947021,correlated,
68,1.0,False,0.027400000362831634,100,10,pre_filter,0.001,0.001,0.0008930225276947021,correlated,
69,1.0,False,0.026900000193563756,100,10,pre_filter,0.001,0.001,0.0008930225276947021,correlated,
70,1.0,False,0.02679999988686177,100,10,pre_filter,0.001,0.001,0.0008930225276947021,correlated,
71,1.0,False,0.02699999959077104,100,10,pre_filter,0.001,0.001,0.0008930225276947021,correlated,
72,1.0,False,0.02679999988686177,100,10,pre_filter,0.001,0.001,0.0008930225276947021,correlated,
73,1.0,False,0.027600000066740904,100,10,pre_filter,0.001,0.001,0.0008930225276947021,correlated,
74,1.0,False,0.02700000004551839,100,10,pre_filter,0.001,0.001,0.0008930225276947021,correlated,
75,1.0,False,0.02700000004551839,100,10,pre_filter,0.001,0.001,0.0008930225276947021,correlated,
76,1.0,False,0.026899999738816405,100,10,pre_filter,0.001,0.001,0.0008930225276947021,correlated,
77,1.0,False,0.026899999738816405,100,10,pre_filter,0.001,0.001,0.0008930225276947021,correlated,
78,1.0,False,0.026500000330997864,100,10,pre_filter,0.001,0.001,0.0008930225276947021,correlated,
79,1.0,False,0.026899999738816405,100,10,pre_filter,0.001,0.001,0.0008930225276947021,correlated,
80,1.0,False,0.026899999738816405,100,10,pre_filter,0.001,0.001,0.0008930225276947021,correlated,
81,1.0,False,0.0266000001829525,100,10,pre_filter,0.001,0.001,0.0008930225276947021,correlated,
82,1.0,False,0.02679999988686177,100,10,pre_filter,0.001,0.001,0.0008930225276947021,correlated,
83,1.0,False,0.026900000193563756,100,10,pre_filter,0.001,0.001,0.0008930225276947021,correlated,
84,1.0,False,0.02679999988686177,100,10,pre_filter,0.001,0.001,0.0008930225276947021,correlated,
85,1.0,False,0.026899999738816405,100,10,pre_filter,0.001,0.001,0.0008930225276947021,correlated,
86,1.0,False,0.026700000034907134,100,10,pre_filter,0.001,0.001,0.0008930225276947021,correlated,
87,1.0,False,0.028200000087963417,100,10,pre_filter,0.001,0.001,0.0008930225276947021,correlated,
88,1.0,False,0.025899999855028,100,10,pre_filter,0.001,0.001,0.0008930225276947021,correlated,
89,1.0,False,0.02610000001368462,100,10,pre_filter,0.001,0.001,0.0008930225276947021,correlated,
90,1.0,False,0.025800000003073364,100,10,pre_filter,0.001,0.001,0.0008930225276947021,correlated,
91,1.0,False,0.02590000030977535,100,10,pre_filter,0.001,0.001,0.0008930225276947021,correlated,
92,1.0,False,0.026000000161729986,100,10,pre_filter,0.001,0.001,0.0008930225276947021,correlated,
93,1.0,False,0.02610000001368462,100,10,pre_filter,0.001,0.001,0.0008930225276947021,correlated,
94,1.0,False,0.02590000030977535,100,10,pre_filter,0.001,0.001,0.0008930225276947021,correlated,
95,1.0,False,0.026400000024295878,100,10,pre_filter,0.001,0.001,0.0008930225276947021,correlated,
96,1.0,False,0.025899999855028,100,10,pre_filter,0.001,0.001,0.0008930225276947021,correlated,
97,1.0,False,0.025899999855028,100,10,pre_filter,0.001,0.001,0.0008930225276947021,correlated,
98,1.0,False,0.026200000320386607,100,10,pre_filter,0.001,0.001,0.0008930225276947021,correlated,
99,1.0,False,0.02590000030977535,100,10,pre_filter,0.001,0.001,0.0008930225276947021,correlated,
100,1.0,False,0.025899999855028,100,10,pre_filter,0.001,0.001,0.0008930225276947021,correlated,
101,1.0,False,0.02569999969637138,100,10,pre_filter,0.001,0.001,0.0008930225276947021,correlated,
102,1.0,False,0.025800000003073364,100,10,pre_filter,0.001,0.001,0.0008930225276947021,correlated,
103,1.0,False,0.02679999988686177,100,10,pre_filter,0.001,0.001,0.0008930225276947021,correlated,
104,1.0,False,0.025800000003073364,100,10,pre_filter,0.001,0.001,0.0008930225276947021,correlated,
105,1.0,False,0.02680000034160912,100,10,pre_filter,0.001,0.001,0.0008930225276947021,correlated,
106,1.0,False,0.02610000001368462,100,10,pre_filter,0.001,0.001,0.0008930225276947021,correlated,
107,1.0,False,0.026599999728205148,100,10,pre_filter,0.001,0.001,0.0008930225276947021,correlated,
108,1.0,False,0.025800000003073364,100,10,pre_filter,0.001,0.001,0.0008930225276947021,correlated,
109,1.0,False,0.025599999844416743,100,10,pre_filter,0.001,0.001,0.0008930225276947021,correlated,
110,1.0,False,0.02610000001368462,100,10,pre_filter,0.001,0.001,0.0008930225276947021,correlated,
111,1.0,False,0.025800000003073364,100,10,pre_filter,0.001,0.001,0.0008930225276947021,correlated,
112,1.0,False,0.02610000001368462,100,10,pre_filter,0.001,0.001,0.0008930225276947021,correlated,
113,1.0,False,0.026199999865639256,100,10,pre_filter,0.001,0.001,0.0008930225276947021,correlated,
114,1.0,False,0.026200000320386607,100,10,pre_filter,0.001,0.001,0.0008930225276947021,correlated,
115,1.0,False,0.02570000015111873,100,10,pre_filter,0.001,0.001,0.0008930225276947021,correlated,
116,1.0,False,0.02610000001368462,100,10,pre_filter,0.001,0.001,0.0008930225276947021,correlated,
117,1.0,False,0.02590000030977535,100,10,pre_filter,0.001,0.001,0.0008930225276947021,correlated,
118,1.0,False,0.02610000001368462,100,10,pre_filter,0.001,0.001,0.0008930225276947021,correlated,
119,1.0,False,0.026199999865639256,100,10,pre_filter,0.001,0.001,0.0008930225276947021,correlated,
120,1.0,False,0.02570000015111873,100,10,pre_filter,0.001,0.001,0.0008930225276947021,correlated,
121,1.0,False,0.02570000015111873,100,10,pre_filter,0.001,0.001,0.0008930225276947021,correlated,
122,1.0,False,0.03299999980299617,100,10,pre_filter,0.001,0.001,0.0008930225276947021,correlated,
123,1.0,False,0.02859999995052931,100,10,pre_filter,0.001,0.001,0.0008930225276947021,correlated,
124,1.0,False,0.025800000003073364,100,10,pre_filter,0.001,0.001,0.0008930225276947021,correlated,
125,1.0,False,0.026400000024295878,100,10,pre_filter,0.001,0.001,0.0008930225276947021,correlated,
126,1.0,False,0.026000000161729986,100,10,pre_filter,0.001,0.001,0.0008930225276947021,correlated,
127,1.0,False,0.025899999855028,100,10,pre_filter,0.001,0.001,0.0008930225276947021,correlated,
128,1.0,False,0.02590000030977535,100,10,pre_filter,0.001,0.001,0.0008930225276947021,correlated,
129,1.0,False,0.026400000024295878,100,10,pre_filter,0.001,0.001,0.0008930225276947021,correlated,
130,1.0,False,0.025800000003073364,100,10,pre_filter,0.001,0.001,0.0008930225276947021,correlated,
131,1.0,False,0.026200000320386607,100,10,pre_filter,0.001,0.001,0.0008930225276947021,correlated,
132,1.0,False,0.025599999844416743,100,10,pre_filter,0.001,0.001,0.0008930225276947021,correlated,
133,1.0,False,0.025800000003073364,100,10,pre_filter,0.001,0.001,0.0008930225276947021,correlated,
134,1.0,False,0.026399999569548527,100,10,pre_filter,0.001,0.001,0.0008930225276947021,correlated,
135,1.0,False,0.025599999844416743,100,10,pre_filter,0.001,0.001,0.0008930225276947021,correlated,
136,1.0,False,0.025899999855028,100,10,pre_filter,0.001,0.001,0.0008930225276947021,correlated,
137,1.0,False,0.026199999865639256,100,10,pre_filter,0.001,0.001,0.0008930225276947021,correlated,
138,1.0,False,0.025899999855028,100,10,pre_filter,0.001,0.001,0.0008930225276947021,correlated,
139,1.0,False,0.025800000003073364,100,10,pre_filter,0.001,0.001,0.0008930225276947021,correlated,
140,1.0,False,0.02570000015111873,100,10,pre_filter,0.001,0.001,0.0008930225276947021,correlated,
141,1.0,False,0.025800000003073364,100,10,pre_filter,0.001,0.001,0.0008930225276947021,correlated,
142,1.0,False,0.026000000161729986,100,10,pre_filter,0.001,0.001,0.0008930225276947021,correlated,
143,1.0,False,0.02610000001368462,100,10,pre_filter,0.001,0.001,0.0008930225276947021,correlated,
144,1.0,False,0.026000000161729986,100,10,pre_filter,0.001,0.001,0.0008930225276947021,correlated,
145,1.0,False,0.025800000003073364,100,10,pre_filter,0.001,0.001,0.0008930225276947021,correlated,
146,1.0,False,0.02610000001368462,100,10,pre_filter,0.001,0.001,0.0008930225276947021,correlated,
147,1.0,False,0.025599999844416743,100,10,pre_filter,0.001,0.001,0.0008930225276947021,correlated,
148,1.0,False,0.025899999855028,100,10,pre_filter,0.001,0.001,0.0008930225276947021,correlated,
149,1.0,False,0.026199999865639256,100,10,pre_filter,0.001,0.001,0.0008930225276947021,correlated,
150,1.0,False,0.025899999855028,100,10,pre_filter,0.001,0.001,0.0008930225276947021,correlated,
151,1.0,False,0.026199999865639256,100,10,pre_filter,0.001,0.001,0.0008930225276947021,correlated,
152,1.0,False,0.025800000003073364,100,10,pre_filter,0.001,0.001,0.0008930225276947021,correlated,
153,1.0,False,0.025899999855028,100,10,pre_filter,0.001,0.001,0.0008930225276947021,correlated,
154,1.0,False,0.025800000003073364,100,10,pre_filter,0.001,0.001,0.0008930225276947021,correlated,
155,1.0,False,0.025800000003073364,100,10,pre_filter,0.001,0.001,0.0008930225276947021,correlated,
156,1.0,False,0.025999999706982635,100,10,pre_filter,0.001,0.001,0.0008930225276947021,correlated,
157,1.0,False,0.02569999969637138,100,10,pre_filter,0.001,0.001,0.0008930225276947021,correlated,
158,1.0,False,0.025899999855028,100,10,pre_filter,0.001,0.001,0.0008930225276947021,correlated,
159,1.0,False,0.025600000299164094,100,10,pre_filter,0.001,0.001,0.0008930225276947021,correlated,
160,1.0,False,0.025999999706982635,100,10,pre_filter,0.001,0.001,0.0008930225276947021,correlated,
161,1.0,False,0.026300000172341242,100,10,pre_filter,0.001,0.001,0.0008930225276947021,correlated,
162,1.0,False,0.025499999992462108,100,10,pre_filter,0.001,0.001,0.0008930225276947021,correlated,
163,1.0,False,0.025800000003073364,100,10,pre_filter,0.001,0.001,0.0008930225276947021,correlated,
164,1.0,False,0.02610000001368462,100,10,pre_filter,0.001,0.001,0.0008930225276947021,correlated,
165,1.0,False,0.026000000161729986,100,10,pre_filter,0.001,0.001,0.0008930225276947021,correlated,
166,1.0,False,0.026000000161729986,100,10,pre_filter,0.001,0.001,0.0008930225276947021,correlated,
167,1.0,False,0.026000000161729986,100,10,pre_filter,0.001,0.001,0.0008930225276947021,correlated,
168,1.0,False,0.025599999844416743,100,10,pre_filter,0.001,0.001,0.0008930225276947021,correlated,
169,1.0,False,0.026199999865639256,100,10,pre_filter,0.001,0.001,0.0008930225276947021,correlated,
170,1.0,False,0.02610000001368462,100,10,pre_filter,0.001,0.001,0.0008930225276947021,correlated,
171,1.0,False,0.026700000034907134,100,10,pre_filter,0.001,0.001,0.0008930225276947021,correlated,
172,1.0,False,0.02519999998185085,100,10,pre_filter,0.001,0.001,0.0008930225276947021,correlated,
173,1.0,False,0.025099999675148865,100,10,pre_filter,0.001,0.001,0.0008930225276947021,correlated,
174,1.0,False,0.025300000288552837,100,10,pre_filter,0.001,0.001,0.0008930225276947021,correlated,
175,1.0,False,0.025300000288552837,100,10,pre_filter,0.001,0.001,0.0008930225276947021,correlated,
176,1.0,False,0.02519999998185085,100,10,pre_filter,0.001,0.001,0.0008930225276947021,correlated,
177,1.0,False,0.025300000288552837,100,10,pre_filter,0.001,0.001,0.0008930225276947021,correlated,
178,1.0,False,0.025999999706982635,100,10,pre_filter,0.001,0.001,0.0008930225276947021,correlated,
179,1.0,False,0.025400000140507473,100,10,pre_filter,0.001,0.001,0.0008930225276947021,correlated,
180,1.0,False,0.025099999675148865,100,10,pre_filter,0.001,0.001,0.0008930225276947021,correlated,
181,1.0,False,0.038500000300700776,100,10,pre_filter,0.001,0.001,0.0008930225276947021,correlated,
182,1.0,False,0.02570000015111873,100,10,pre_filter,0.001,0.001,0.0008930225276947021,correlated,
183,1.0,False,0.025399999685760122,100,10,pre_filter,0.001,0.001,0.0008930225276947021,correlated,
184,1.0,False,0.025100000129896216,100,10,pre_filter,0.001,0.001,0.0008930225276947021,correlated,
185,1.0,False,0.025499999992462108,100,10,pre_filter,0.001,0.001,0.0008930225276947021,correlated,
186,1.0,False,0.025299999833805487,100,10,pre_filter,0.001,0.001,0.0008930225276947021,correlated,
187,1.0,False,0.025100000129896216,100,10,pre_filter,0.001,0.001,0.0008930225276947021,correlated,
188,1.0,False,0.025599999844416743,100,10,pre_filter,0.001,0.001,0.0008930225276947021,correlated,
189,1.0,False,0.02500000027794158,100,10,pre_filter,0.001,0.001,0.0008930225276947021,correlated,
190,1.0,False,0.025300000288552837,100,10,pre_filter,0.001,0.001,0.0008930225276947021,correlated,
191,1.0,False,0.025099999675148865,100,10,pre_filter,0.001,0.001,0.0008930225276947021,correlated,
192,1.0,False,0.02519999998185085,100,10,pre_filter,0.001,0.001,0.0008930225276947021,correlated,
193,1.0,False,0.02519999998185085,100,10,pre_filter,0.001,0.001,0.0008930225276947021,correlated,
194,1.0,False,0.025899999855028,100,10,pre_filter,0.001,0.001,0.0008930225276947021,correlated,
195,1.0,False,0.025300000288552837,100,10,pre_filter,0.001,0.001,0.0008930225276947021,correlated,
196,1.0,False,0.025400000140507473,100,10,pre_filter,0.001,0.001,0.0008930225276947021,correlated,
197,1.0,False,0.02569999969637138,100,10,pre_filter,0.001,0.001,0.0008930225276947021,correlated,
198,1.0,False,0.02519999998185085,100,10,pre_filter,0.001,0.001,0.0008930225276947021,correlated,
199,1.0,False,0.02479999966453761,100,10,pre_filter,0.001,0.001,0.0008930225276947021,correlated,
20,1.0,False,653.8242000001446,56133,10,post_filter,0.001,0.001,0.0008930225276947021,correlated,0.0
21,1.0,False,633.7158000001182,53564,10,post_filter,0.001,0.001,0.0008930225276947021,correlated,0.0
22,1.0,False,674.3698000000222,53497,10,post_filter,0.001,0.001,0.0008930225276947021,correlated,0.0
23,1.0,False,609.4911000000138,53150,10,post_filter,0.001,0.001,0.0008930225276947021,correlated,0.0
24,1.0,False,550.5189999998947,53552,10,post_filter,0.001,0.001,0.0008930225276947021,correlated,0.0
25,1.0,False,589.7600000002967,53078,10,post_filter,0.001,0.001,0.0008930225276947021,correlated,0.0
26,1.0,False,619.9381999999787,53644,10,post_filter,0.001,0.001,0.0008930225276947021,correlated,0.0
27,1.0,False,578.0787000003329,52242,10,post_filter,0.001,0.001,0.0008930225276947021,correlated,0.0
28,1.0,False,635.1260999999795,53540,10,post_filter,0.001,0.001,0.0008930225276947021,correlated,0.0
29,1.0,False,646.7987000000903,55763,10,post_filter,0.001,0.001,0.0008930225276947021,correlated,0.0
30,1.0,False,685.8358999998018,53307,10,post_filter,0.001,0.001,0.0008930225276947021,correlated,0.0
31,1.0,False,576.7080000000533,53776,10,post_filter,0.001,0.001,0.0008930225276947021,correlated,0.0
32,1.0,False,616.9506000001093,53290,10,post_filter,0.001,0.001,0.0008930225276947021,correlated,0.0
33,1.0,False,711.2276999996539,68643,10,post_filter,0.001,0.001,0.0008930225276947021,correlated,0.0
34,1.0,False,556.469499999821,53278,10,post_filter,0.001,0.001,0.0008930225276947021,correlated,0.0
35,1.0,False,577.1841000000677,55758,10,post_filter,0.001,0.001,0.0008930225276947021,correlated,0.0
36,1.0,False,361.78370000016,51033,10,post_filter,0.001,0.001,0.0008930225276947021,correlated,0.0
37,1.0,False,532.6958999999079,68044,10,post_filter,0.001,0.001,0.0008930225276947021,correlated,0.0
38,1.0,False,593.6931000001096,54287,10,post_filter,0.001,0.001,0.0008930225276947021,correlated,0.0
39,1.0,False,749.098899999808,56821,10,post_filter,0.001,0.001,0.0008930225276947021,correlated,0.0
40,1.0,False,677.7963999998065,53766,10,post_filter,0.001,0.001,0.0008930225276947021,correlated,0.0
41,1.0,False,450.2904999999373,54695,10,post_filter,0.001,0.001,0.0008930225276947021,correlated,0.0
42,1.0,False,515.5967000000601,53200,10,post_filter,0.001,0.001,0.0008930225276947021,correlated,0.0
43,1.0,False,496.49649999992107,53646,10,post_filter,0.001,0.001,0.0008930225276947021,correlated,0.0
44,1.0,False,613.2845000001907,55322,10,post_filter,0.001,0.001,0.0008930225276947021,correlated,0.0
45,1.0,False,604.4718999996803,54475,10,post_filter,0.001,0.001,0.0008930225276947021,correlated,0.0
46,1.0,False,644.2926999998235,61032,10,post_filter,0.001,0.001,0.0008930225276947021,correlated,0.0
47,1.0,False,524.3359999999484,60276,10,post_filter,0.001,0.001,0.0008930225276947021,correlated,0.0
48,1.0,False,535.0805999996737,60332,10,post_filter,0.001,0.001,0.0008930225276947021,correlated,0.0
49,1.0,False,469.5118999998158,53248,10,post_filter,0.001,0.001,0.0008930225276947021,correlated,0.0
50,1.0,False,577.571700000135,54242,10,post_filter,0.001,0.001,0.0008930225276947021,correlated,0.0
51,1.0,False,594.6639999997387,57183,10,post_filter,0.001,0.001,0.0008930225276947021,correlated,0.0
52,1.0,False,660.0087000001622,53230,10,post_filter,0.001,0.001,0.0008930225276947021,correlated,0.0
53,1.0,False,667.810400000235,53435,10,post_filter,0.001,0.001,0.0008930225276947021,correlated,0.0
54,1.0,False,697.2708999996939,62803,10,post_filter,0.001,0.001,0.0008930225276947021,correlated,0.0
55,1.0,False,469.53469999971276,62702,10,post_filter,0.001,0.001,0.0008930225276947021,correlated,0.0
56,1.0,False,616.0049000000072,53454,10,post_filter,0.001,0.001,0.0008930225276947021,correlated,0.0
57,1.0,False,561.985199999981,46550,10,post_filter,0.001,0.001,0.0008930225276947021,correlated,0.0
58,1.0,False,474.74499999998443,61693,10,post_filter,0.001,0.001,0.0008930225276947021,correlated,0.0
59,1.0,False,546.5945999999349,57702,10,post_filter,0.001,0.001,0.0008930225276947021,correlated,0.0
60,1.0,False,607.1391000000403,53410,10,post_filter,0.001,0.001,0.0008930225276947021,correlated,0.0
61,1.0,False,570.0531000002229,53693,10,post_filter,0.001,0.001,0.0008930225276947021,correlated,0.0
62,1.0,False,720.2674000000115,64184,10,post_filter,0.001,0.001,0.0008930225276947021,correlated,0.0
63,1.0,False,538.8145000001714,55872,10,post_filter,0.001,0.001,0.0008930225276947021,correlated,0.0
64,1.0,False,649.9777999997605,61104,10,post_filter,0.001,0.001,0.0008930225276947021,correlated,0.0
65,1.0,False,830.3835000001527,64494,10,post_filter,0.001,0.001,0.0008930225276947021,correlated,0.0
66,1.0,False,719.5002999997087,58801,10,post_filter,0.001,0.001,0.0008930225276947021,correlated,0.0
67,1.0,False,654.0632999999616,69489,10,post_filter,0.001,0.001,0.0008930225276947021,correlated,0.0
68,1.0,False,619.2940000000817,54890,10,post_filter,0.001,0.001,0.0008930225276947021,correlated,0.0
69,1.0,False,475.4689999999755,54964,10,post_filter,0.001,0.001,0.0008930225276947021,correlated,0.0
70,1.0,False,572.6887999999235,57834,10,post_filter,0.001,0.001,0.0008930225276947021,correlated,0.0
71,1.0,False,670.607800000198,61768,10,post_filter,0.001,0.001,0.0008930225276947021,correlated,0.0
72,1.0,False,513.437900000099,53525,10,post_filter,0.001,0.001,0.0008930225276947021,correlated,0.0
73,1.0,False,655.2766999998312,60062,10,post_filter,0.001,0.001,0.0008930225276947021,correlated,0.0
74,1.0,False,575.7321000000957,53382,10,post_filter,0.001,0.001,0.0008930225276947021,correlated,0.0
75,1.0,False,598.4364999999343,59696,10,post_filter,0.001,0.001,0.0008930225276947021,correlated,0.0
76,1.0,False,688.4728999998515,66209,10,post_filter,0.001,0.001,0.0008930225276947021,correlated,0.0
77,1.0,False,572.1929000001182,64821,10,post_filter,0.001,0.001,0.0008930225276947021,correlated,0.0
78,1.0,False,612.3768999996173,53684,10,post_filter,0.001,0.001,0.0008930225276947021,correlated,0.0
79,1.0,False,390.0988000000325,65328,10,post_filter,0.001,0.001,0.0008930225276947021,correlated,0.0
80,1.0,False,492.04610000015236,65618,10,post_filter,0.001,0.001,0.0008930225276947021,correlated,0.0
81,1.0,False,676.5310000000682,53005,10,post_filter,0.001,0.001,0.0008930225276947021,correlated,0.0
82,1.0,False,582.5289000003977,53826,10,post_filter,0.001,0.001,0.0008930225276947021,correlated,0.0
83,1.0,False,691.9141000003037,53632,10,post_filter,0.001,0.001,0.0008930225276947021,correlated,0.0
84,1.0,False,521.6709000001174,53581,10,post_filter,0.001,0.001,0.0008930225276947021,correlated,0.0
85,1.0,False,717.1575000002122,80097,10,post_filter,0.001,0.001,0.0008930225276947021,correlated,0.0
86,1.0,False,619.2528999999922,70710,10,post_filter,0.001,0.001,0.0008930225276947021,correlated,0.0
87,1.0,False,806.1392999998134,77051,10,post_filter,0.001,0.001,0.0008930225276947021,correlated,0.0
88,1.0,False,695.1105000002826,73505,10,post_filter,0.001,0.001,0.0008930225276947021,correlated,0.0
89,1.0,False,732.7328000001216,63189,10,post_filter,0.001,0.001,0.0008930225276947021,correlated,0.0
90,1.0,False,679.4725999998263,53292,10,post_filter,0.001,0.001,0.0008930225276947021,correlated,0.0
91,1.0,False,746.2924000001294,66461,10,post_filter,0.001,0.001,0.0008930225276947021,correlated,0.0
92,1.0,False,696.2180000000444,53840,10,post_filter,0.001,0.001,0.0008930225276947021,correlated,0.0
93,1.0,False,623.699299999771,54352,10,post_filter,0.001,0.001,0.0008930225276947021,correlated,0.0
94,1.0,False,787.3735000002853,65096,10,post_filter,0.001,0.001,0.0008930225276947021,correlated,0.0
95,1.0,False,635.0612000001092,67147,10,post_filter,0.001,0.001,0.0008930225276947021,correlated,0.0
96,1.0,False,588.5913000001892,55975,10,post_filter,0.001,0.001,0.0008930225276947021,correlated,0.0
97,1.0,False,648.8962999997057,66170,10,post_filter,0.001,0.001,0.0008930225276947021,correlated,0.0
98,1.0,False,583.7287999997898,55447,10,post_filter,0.001,0.001,0.0008930225276947021,correlated,0.0
99,1.0,False,634.2251999999462,57198,10,post_filter,0.001,0.001,0.0008930225276947021,correlated,0.0
100,1.0,False,729.4759999999769,53628,10,post_filter,0.001,0.001,0.0008930225276947021,correlated,0.0
101,1.0,False,611.8492000000515,69291,10,post_filter,0.001,0.001,0.0008930225276947021,correlated,0.0
102,1.0,False,645.5344000000878,52830,10,post_filter,0.001,0.001,0.0008930225276947021,correlated,0.0
103,1.0,False,479.63030000028084,48173,10,post_filter,0.001,0.001,0.0008930225276947021,correlated,0.0
104,1.0,False,600.5229000002146,54527,10,post_filter,0.001,0.001,0.0008930225276947021,correlated,0.0
105,1.0,False,748.0082000001858,68754,10,post_filter,0.001,0.001,0.0008930225276947021,correlated,0.0
106,1.0,False,733.5303999998359,54285,10,post_filter,0.001,0.001,0.0008930225276947021,correlated,0.0
107,1.0,False,643.7511000003724,59770,10,post_filter,0.001,0.001,0.0008930225276947021,correlated,0.0
108,1.0,False,621.4350000000195,53830,10,post_filter,0.001,0.001,0.0008930225276947021,correlated,0.0
109,1.0,False,568.9437999999427,67330,10,post_filter,0.001,0.001,0.0008930225276947021,correlated,0.0
110,1.0,False,608.9506999996956,53282,10,post_filter,0.001,0.001,0.0008930225276947021,correlated,0.0
111,1.0,False,588.1706999998642,53444,10,post_filter,0.001,0.001,0.0008930225276947021,correlated,0.0
112,1.0,False,771.4540000001762,78236,10,post_filter,0.001,0.001,0.0008930225276947021,correlated,0.0
113,1.0,False,415.7211000001553,66264,10,post_filter,0.001,0.001,0.0008930225276947021,correlated,0.0
114,1.0,False,664.6528999999646,68536,10,post_filter,0.001,0.001,0.0008930225276947021,correlated,0.0
115,1.0,False,639.447100000325,47913,10,post_filter,0.001,0.001,0.0008930225276947021,correlated,0.0
116,1.0,False,531.6256999999496,55111,10,post_filter,0.001,0.001,0.0008930225276947021,correlated,0.0
117,1.0,False,622.2812000000886,53911,10,post_filter,0.001,0.001,0.0008930225276947021,correlated,0.0
118,1.0,False,621.2884000001395,52457,10,post_filter,0.001,0.001,0.0008930225276947021,correlated,0.0
119,1.0,False,677.5758000003407,58932,10,post_filter,0.001,0.001,0.0008930225276947021,correlated,0.0
120,1.0,False,548.725099999956,70531,10,post_filter,0.001,0.001,0.0008930225276947021,correlated,0.0
121,1.0,False,648.4083000000282,69488,10,post_filter,0.001,0.001,0.0008930225276947021,correlated,0.0
122,1.0,False,556.3919000001079,53798,10,post_filter,0.001,0.001,0.0008930225276947021,correlated,0.0
123,1.0,False,593.0678999998236,56895,10,post_filter,0.001,0.001,0.0008930225276947021,correlated,0.0
124,1.0,False,681.722499999978,53523,10,post_filter,0.001,0.001,0.0008930225276947021,correlated,0.0
125,1.0,False,694.2070999998577,53413,10,post_filter,0.001,0.001,0.0008930225276947021,correlated,0.0
126,1.0,False,501.7738999999892,53507,10,post_filter,0.001,0.001,0.0008930225276947021,correlated,0.0
127,1.0,False,602.6856999997108,47159,10,post_filter,0.001,0.001,0.0008930225276947021,correlated,0.0
128,1.0,False,594.6883999999955,53398,10,post_filter,0.001,0.001,0.0008930225276947021,correlated,0.0
129,1.0,False,659.5981000000393,64776,10,post_filter,0.001,0.001,0.0008930225276947021,correlated,0.0
130,1.0,False,722.1228000003066,54265,10,post_filter,0.001,0.001,0.0008930225276947021,correlated,0.0
131,1.0,False,663.8865999998416,71096,10,post_filter,0.001,0.001,0.0008930225276947021,correlated,0.0
132,1.0,False,591.119599999729,47448,10,post_filter,0.001,0.001,0.0008930225276947021,correlated,0.0
133,1.0,False,653.539400000227,80680,10,post_filter,0.001,0.001,0.0008930225276947021,correlated,0.0
134,1.0,False,532.9990999998699,59786,10,post_filter,0.001,0.001,0.0008930225276947021,correlated,0.0
135,1.0,False,686.934199999996,53734,10,post_filter,0.001,0.001,0.0008930225276947021,correlated,0.0
136,1.0,False,509.19260000000577,52926,10,post_filter,0.001,0.001,0.0008930225276947021,correlated,0.0
137,1.0,False,692.2028999997565,66488,10,post_filter,0.001,0.001,0.0008930225276947021,correlated,0.0
138,1.0,False,691.9318000000203,69102,10,post_filter,0.001,0.001,0.0008930225276947021,correlated,0.0
139,1.0,False,614.3465999998625,52904,10,post_filter,0.001,0.001,0.0008930225276947021,correlated,0.0
140,1.0,False,530.1236999998764,55067,10,post_filter,0.001,0.001,0.0008930225276947021,correlated,0.0
141,1.0,False,530.8964000000742,55413,10,post_filter,0.001,0.001,0.0008930225276947021,correlated,0.0
142,1.0,False,401.18710000024294,50657,10,post_filter,0.001,0.001,0.0008930225276947021,correlated,0.0
143,1.0,False,590.5596000002333,72979,10,post_filter,0.001,0.001,0.0008930225276947021,correlated,0.0
144,1.0,False,607.3429999996733,55480,10,post_filter,0.001,0.001,0.0008930225276947021,correlated,0.0
145,1.0,False,657.5847999997677,77243,10,post_filter,0.001,0.001,0.0008930225276947021,correlated,0.0
146,1.0,False,588.18250000013,66462,10,post_filter,0.001,0.001,0.0008930225276947021,correlated,0.0
147,1.0,False,456.12049999999726,46762,10,post_filter,0.001,0.001,0.0008930225276947021,correlated,0.0
148,1.0,False,596.3041999998495,56174,10,post_filter,0.001,0.001,0.0008930225276947021,correlated,0.0
149,1.0,False,595.9582999998929,54117,10,post_filter,0.001,0.001,0.0008930225276947021,correlated,0.0
150,1.0,False,591.6569000000891,53536,10,post_filter,0.001,0.001,0.0008930225276947021,correlated,0.0
151,1.0,False,420.95500000004904,63924,10,post_filter,0.001,0.001,0.0008930225276947021,correlated,0.0
152,1.0,False,608.3546999998362,56679,10,post_filter,0.001,0.001,0.0008930225276947021,correlated,0.0
153,1.0,False,625.1400999999532,66907,10,post_filter,0.001,0.001,0.0008930225276947021,correlated,0.0
154,1.0,False,586.345700000038,62123,10,post_filter,0.001,0.001,0.0008930225276947021,correlated,0.0
155,1.0,False,739.8422999999639,53582,10,post_filter,0.001,0.001,0.0008930225276947021,correlated,0.0
156,1.0,False,544.133100000181,50186,10,post_filter,0.001,0.001,0.0008930225276947021,correlated,0.0
157,1.0,False,497.38479999996343,53199,10,post_filter,0.001,0.001,0.0008930225276947021,correlated,0.0
158,1.0,False,540.1736999997411,52872,10,post_filter,0.001,0.001,0.0008930225276947021,correlated,0.0
159,1.0,False,493.36449999964316,46722,10,post_filter,0.001,0.001,0.0008930225276947021,correlated,0.0
160,1.0,False,552.9938000004222,46884,10,post_filter,0.001,0.001,0.0008930225276947021,correlated,0.0
161,1.0,False,434.17859999999564,47481,10,post_filter,0.001,0.001,0.0008930225276947021,correlated,0.0
162,1.0,False,543.9258000001246,53385,10,post_filter,0.001,0.001,0.0008930225276947021,correlated,0.0
163,1.0,False,561.6995000000315,52972,10,post_filter,0.001,0.001,0.0008930225276947021,correlated,0.0
164,1.0,False,657.9083999999966,52520,10,post_filter,0.001,0.001,0.0008930225276947021,correlated,0.0
165,1.0,False,592.8817000003619,46532,10,post_filter,0.001,0.001,0.0008930225276947021,correlated,0.0
166,1.0,False,677.9248000002553,69251,10,post_filter,0.001,0.001,0.0008930225276947021,correlated,0.0
167,1.0,False,662.4620999996296,52414,10,post_filter,0.001,0.001,0.0008930225276947021,correlated,0.0
168,1.0,False,667.3710999998548,46488,10,post_filter,0.001,0.001,0.0008930225276947021,correlated,0.0
169,1.0,False,755.4362000000765,53210,10,post_filter,0.001,0.001,0.0008930225276947021,correlated,0.0
170,1.0,False,631.9828000000598,46799,10,post_filter,0.001,0.001,0.0008930225276947021,correlated,0.0
171,1.0,False,636.5484000002652,53836,10,post_filter,0.001,0.001,0.0008930225276947021,correlated,0.0
172,1.0,False,479.43649999979243,53564,10,post_filter,0.001,0.001,0.0008930225276947021,correlated,0.0
173,1.0,False,511.8434000000889,62802,10,post_filter,0.001,0.001,0.0008930225276947021,correlated,0.0
174,1.0,False,668.5416999998779,47258,10,post_filter,0.001,0.001,0.0008930225276947021,correlated,0.0
175,1.0,False,440.77130000005127,46502,10,post_filter,0.001,0.001,0.0008930225276947021,correlated,0.0
176,1.0,False,658.1425999997919,47780,10,post_filter,0.001,0.001,0.0008930225276947021,correlated,0.0
177,1.0,False,542.4721000003956,48684,10,post_filter,0.001,0.001,0.0008930225276947021,correlated,0.0
178,1.0,False,476.18439999996554,54851,10,post_filter,0.001,0.001,0.0008930225276947021,correlated,0.0
179,1.0,False,478.11270000011064,53400,10,post_filter,0.001,0.001,0.0008930225276947021,correlated,0.0
180,1.0,False,427.4552000001677,68736,10,post_filter,0.001,0.001,0.0008930225276947021,correlated,0.0
181,1.0,False,653.4412999999404,53695,10,post_filter,0.001,0.001,0.0008930225276947021,correlated,0.0
182,1.0,False,749.5360999996592,61227,10,post_filter,0.001,0.001,0.0008930225276947021,correlated,0.0
183,1.0,False,446.7573000001721,48513,10,post_filter,0.001,0.001,0.0008930225276947021,correlated,0.0
184,1.0,False,536.2709000000905,56666,10,post_filter,0.001,0.001,0.0008930225276947021,correlated,0.0
185,1.0,False,635.5139999996027,57251,10,post_filter,0.001,0.001,0.0008930225276947021,correlated,0.0
186,1.0,False,486.2476000002971,53408,10,post_filter,0.001,0.001,0.0008930225276947021,correlated,0.0
187,1.0,False,574.5133000000351,47020,10,post_filter,0.001,0.001,0.0008930225276947021,correlated,0.0
188,1.0,False,599.6353999998973,53883,10,post_filter,0.001,0.001,0.0008930225276947021,correlated,0.0
189,1.0,False,686.2129000001005,54508,10,post_filter,0.001,0.001,0.0008930225276947021,correlated,0.0
190,1.0,False,465.28600000010556,57689,10,post_filter,0.001,0.001,0.0008930225276947021,correlated,0.0
191,1.0,False,478.1532000001789,49071,10,post_filter,0.001,0.001,0.0008930225276947021,correlated,0.0
192,1.0,False,565.8595999998397,52797,10,post_filter,0.001,0.001,0.0008930225276947021,correlated,0.0
193,1.0,False,561.6224000000329,60978,10,post_filter,0.001,0.001,0.0008930225276947021,correlated,0.0
194,1.0,False,635.2078999998412,56413,10,post_filter,0.001,0.001,0.0008930225276947021,correlated,0.0
195,1.0,False,451.647000000321,53152,10,post_filter,0.001,0.001,0.0008930225276947021,correlated,0.0
196,1.0,False,555.8553999999276,54484,10,post_filter,0.001,0.001,0.0008930225276947021,correlated,0.0
197,1.0,False,476.03720000006433,50167,10,post_filter,0.001,0.001,0.0008930225276947021,correlated,0.0
198,1.0,False,587.42409999968,53642,10,post_filter,0.001,0.001,0.0008930225276947021,correlated,0.0
199,1.0,False,651.1058999999477,53752,10,post_filter,0.001,0.001,0.0008930225276947021,correlated,0.0
20,1.0,False,0.045899999804532854,500,10,pre_filter,0.005,0.005,0.004995287549495697,correlated,
21,1.0,False,0.0473000000056345,500,10,pre_filter,0.005,0.005,0.004995287549495697,correlated,
22,1.0,False,0.046799999836366624,500,10,pre_filter,0.005,0.005,0.004995287549495697,correlated,
23,1.0,False,0.04640000042854808,500,10,pre_filter,0.005,0.005,0.004995287549495697,correlated,
24,1.0,False,0.04540000009001233,500,10,pre_filter,0.005,0.005,0.004995287549495697,correlated,
25,1.0,False,0.04619999981514411,500,10,pre_filter,0.005,0.005,0.004995287549495697,correlated,
26,1.0,False,0.046999999995023245,500,10,pre_filter,0.005,0.005,0.004995287549495697,correlated,
27,1.0,False,0.06419999999707215,500,10,pre_filter,0.005,0.005,0.004995287549495697,correlated,
28,1.0,False,0.04750000016429112,500,10,pre_filter,0.005,0.005,0.004995287549495697,correlated,
29,1.0,False,0.046099999963189475,500,10,pre_filter,0.005,0.005,0.004995287549495697,correlated,
30,1.0,False,0.04619999981514411,500,10,pre_filter,0.005,0.005,0.004995287549495697,correlated,
31,1.0,False,0.0463000001218461,500,10,pre_filter,0.005,0.005,0.004995287549495697,correlated,
32,1.0,False,0.04600000011123484,500,10,pre_filter,0.005,0.005,0.004995287549495697,correlated,
33,1.0,False,0.04400000034365803,500,10,pre_filter,0.005,0.005,0.004995287549495697,correlated,
34,1.0,False,0.04639999997380073,500,10,pre_filter,0.005,0.005,0.004995287549495697,correlated,
35,1.0,False,0.0463000001218461,500,10,pre_filter,0.005,0.005,0.004995287549495697,correlated,
36,1.0,False,0.04599999965648749,500,10,pre_filter,0.005,0.005,0.004995287549495697,correlated,
37,1.0,False,0.046099999963189475,500,10,pre_filter,0.005,0.005,0.004995287549495697,correlated,
38,1.0,False,0.04649999982575537,500,10,pre_filter,0.005,0.005,0.004995287549495697,correlated,
39,1.0,False,0.04489999992074445,500,10,pre_filter,0.005,0.005,0.004995287549495697,correlated,
40,1.0,False,0.04619999981514411,500,10,pre_filter,0.005,0.005,0.004995287549495697,correlated,
41,1.0,False,0.04450000005817856,500,10,pre_filter,0.005,0.005,0.004995287549495697,correlated,
42,1.0,False,0.04639999997380073,500,10,pre_filter,0.005,0.005,0.004995287549495697,correlated,
43,1.0,False,0.04440000020622392,500,10,pre_filter,0.005,0.005,0.004995287549495697,correlated,
44,1.0,False,0.04619999981514411,500,10,pre_filter,0.005,0.005,0.004995287549495697,correlated,
45,1.0,False,0.044100000195612665,500,10,pre_filter,0.005,0.005,0.004995287549495697,correlated,
46,1.0,False,0.0455999997939216,500,10,pre_filter,0.005,0.005,0.004995287549495697,correlated,
47,1.0,False,0.04560000024866895,500,10,pre_filter,0.005,0.005,0.004995287549495697,correlated,
48,1.0,False,0.04669999998441199,500,10,pre_filter,0.005,0.005,0.004995287549495697,correlated,
49,1.0,False,0.04570000010062358,500,10,pre_filter,0.005,0.005,0.004995287549495697,correlated,
50,1.0,False,0.04639999997380073,500,10,pre_filter,0.005,0.005,0.004995287549495697,correlated,
51,1.0,False,0.04620000026989146,500,10,pre_filter,0.005,0.005,0.004995287549495697,correlated,
52,1.0,False,0.04650000028050272,500,10,pre_filter,0.005,0.005,0.004995287549495697,correlated,
53,1.0,False,0.0449000003754918,500,10,pre_filter,0.005,0.005,0.004995287549495697,correlated,
54,1.0,False,0.04369999987829942,500,10,pre_filter,0.005,0.005,0.004995287549495697,correlated,
55,1.0,False,0.044299999899521936,500,10,pre_filter,0.005,0.005,0.004995287549495697,correlated,
56,1.0,False,0.04619999981514411,500,10,pre_filter,0.005,0.005,0.004995287549495697,correlated,
57,1.0,False,0.044999999772699084,500,10,pre_filter,0.005,0.005,0.004995287549495697,correlated,
58,1.0,False,0.04450000005817856,500,10,pre_filter,0.005,0.005,0.004995287549495697,correlated,
59,1.0,False,0.04600000011123484,500,10,pre_filter,0.005,0.005,0.004995287549495697,correlated,
60,1.0,False,0.04450000005817856,500,10,pre_filter,0.005,0.005,0.004995287549495697,correlated,
61,1.0,False,0.04650000028050272,500,10,pre_filter,0.005,0.005,0.004995287549495697,correlated,
62,1.0,False,0.045899999804532854,500,10,pre_filter,0.005,0.005,0.004995287549495697,correlated,
63,1.0,False,0.04750000016429112,500,10,pre_filter,0.005,0.005,0.004995287549495697,correlated,
64,1.0,False,0.04669999998441199,500,10,pre_filter,0.005,0.005,0.004995287549495697,correlated,
65,1.0,False,0.04450000005817856,500,10,pre_filter,0.005,0.005,0.004995287549495697,correlated,
66,1.0,False,0.05899999996472616,500,10,pre_filter,0.005,0.005,0.004995287549495697,correlated,
67,1.0,False,0.049899999794433825,500,10,pre_filter,0.005,0.005,0.004995287549495697,correlated,
68,1.0,False,0.04470000021683518,500,10,pre_filter,0.005,0.005,0.004995287549495697,correlated,
69,1.0,False,0.04619999981514411,500,10,pre_filter,0.005,0.005,0.004995287549495697,correlated,
70,1.0,False,0.04540000009001233,500,10,pre_filter,0.005,0.005,0.004995287549495697,correlated,
71,1.0,False,0.04570000010062358,500,10,pre_filter,0.005,0.005,0.004995287549495697,correlated,
72,1.0,False,0.04459999991013319,500,10,pre_filter,0.005,0.005,0.004995287549495697,correlated,
73,1.0,False,0.04550000039671431,500,10,pre_filter,0.005,0.005,0.004995287549495697,correlated,
74,1.0,False,0.045899999804532854,500,10,pre_filter,0.005,0.005,0.004995287549495697,correlated,
75,1.0,False,0.04529999978331034,500,10,pre_filter,0.005,0.005,0.004995287549495697,correlated,
76,1.0,False,0.04439999975147657,500,10,pre_filter,0.005,0.005,0.004995287549495697,correlated,
77,1.0,False,0.04599999965648749,500,10,pre_filter,0.005,0.005,0.004995287549495697,correlated,
78,1.0,False,0.04540000009001233,500,10,pre_filter,0.005,0.005,0.004995287549495697,correlated,
79,1.0,False,0.04510000007940107,500,10,pre_filter,0.005,0.005,0.004995287549495697,correlated,
80,1.0,False,0.043399999867688166,500,10,pre_filter,0.005,0.005,0.004995287549495697,correlated,
81,1.0,False,0.04579999995257822,500,10,pre_filter,0.005,0.005,0.004995287549495697,correlated,
82,1.0,False,0.0455999997939216,500,10,pre_filter,0.005,0.005,0.004995287549495697,correlated,
83,1.0,False,0.0463000001218461,500,10,pre_filter,0.005,0.005,0.004995287549495697,correlated,
84,1.0,False,0.04540000009001233,500,10,pre_filter,0.005,0.005,0.004995287549495697,correlated,
85,1.0,False,0.04620000026989146,500,10,pre_filter,0.005,0.005,0.004995287549495697,correlated,
86,1.0,False,0.04309999985707691,500,10,pre_filter,0.005,0.005,0.004995287549495697,correlated,
87,1.0,False,0.04510000007940107,500,10,pre_filter,0.005,0.005,0.004995287549495697,correlated,
88,1.0,False,0.04360000002634479,500,10,pre_filter,0.005,0.005,0.004995287549495697,correlated,
89,1.0,False,0.04509999962465372,500,10,pre_filter,0.005,0.005,0.004995287549495697,correlated,
90,1.0,False,0.045000000227446435,500,10,pre_filter,0.005,0.005,0.004995287549495697,correlated,
91,1.0,False,0.04549999994196696,500,10,pre_filter,0.005,0.005,0.004995287549495697,correlated,
92,1.0,False,0.04489999992074445,500,10,pre_filter,0.005,0.005,0.004995287549495697,correlated,
93,1.0,False,0.043399999867688166,500,10,pre_filter,0.005,0.005,0.004995287549495697,correlated,
94,1.0,False,0.045199999931355705,500,10,pre_filter,0.005,0.005,0.004995287549495697,correlated,
95,1.0,False,0.04459999991013319,500,10,pre_filter,0.005,0.005,0.004995287549495697,correlated,
96,1.0,False,0.04540000009001233,500,10,pre_filter,0.005,0.005,0.004995287549495697,correlated,
97,1.0,False,0.04600000011123484,500,10,pre_filter,0.005,0.005,0.004995287549495697,correlated,
98,1.0,False,0.045000000227446435,500,10,pre_filter,0.005,0.005,0.004995287549495697,correlated,
99,1.0,False,0.04580000040732557,500,10,pre_filter,0.005,0.005,0.004995287549495697,correlated,
100,1.0,False,0.044999999772699084,500,10,pre_filter,0.005,0.005,0.004995287549495697,correlated,
101,1.0,False,0.04649999982575537,500,10,pre_filter,0.005,0.005,0.004995287549495697,correlated,
102,1.0,False,0.04369999987829942,500,10,pre_filter,0.005,0.005,0.004995287549495697,correlated,
103,1.0,False,0.04460000036488054,500,10,pre_filter,0.005,0.005,0.004995287549495697,correlated,
104,1.0,False,0.04549999994196696,500,10,pre_filter,0.005,0.005,0.004995287549495697,correlated,
105,1.0,False,0.04459999991013319,500,10,pre_filter,0.005,0.005,0.004995287549495697,correlated,
106,1.0,False,0.05400000009103678,500,10,pre_filter,0.005,0.005,0.004995287549495697,correlated,
107,1.0,False,0.046800000291113975,500,10,pre_filter,0.005,0.005,0.004995287549495697,correlated,
108,1.0,False,0.04440000020622392,500,10,pre_filter,0.005,0.005,0.004995287549495697,correlated,
109,1.0,False,0.04399999988891068,500,10,pre_filter,0.005,0.005,0.004995287549495697,correlated,
110,1.0,False,0.04380000018500141,500,10,pre_filter,0.005,0.005,0.004995287549495697,correlated,
111,1.0,False,0.0463000001218461,500,10,pre_filter,0.005,0.005,0.004995287549495697,correlated,
112,1.0,False,0.04540000009001233,500,10,pre_filter,0.005,0.005,0.004995287549495697,correlated,
113,1.0,False,0.04549999994196696,500,10,pre_filter,0.005,0.005,0.004995287549495697,correlated,
114,1.0,False,0.04620000026989146,500,10,pre_filter,0.005,0.005,0.004995287549495697,correlated,
115,1.0,False,0.044999999772699084,500,10,pre_filter,0.005,0.005,0.004995287549495697,correlated,
116,1.0,False,0.045199999931355705,500,10,pre_filter,0.005,0.005,0.004995287549495697,correlated,
117,1.0,False,0.045900000259280205,500,10,pre_filter,0.005,0.005,0.004995287549495697,correlated,
118,1.0,False,0.04660000013245735,500,10,pre_filter,0.005,0.005,0.004995287549495697,correlated,
119,1.0,False,0.10400000019217259,500,10,pre_filter,0.005,0.005,0.004995287549495697,correlated,
120,1.0,False,0.049199999921256676,500,10,pre_filter,0.005,0.005,0.004995287549495697,correlated,
121,1.0,False,0.046999999995023245,500,10,pre_filter,0.005,0.005,0.004995287549495697,correlated,
122,1.0,False,0.04639999997380073,500,10,pre_filter,0.005,0.005,0.004995287549495697,correlated,
123,1.0,False,0.04619999981514411,500,10,pre_filter,0.005,0.005,0.004995287549495697,correlated,
124,1.0,False,0.04690000014306861,500,10,pre_filter,0.005,0.005,0.004995287549495697,correlated,
125,1.0,False,0.0455999997939216,500,10,pre_filter,0.005,0.005,0.004995287549495697,correlated,
126,1.0,False,0.04549999994196696,500,10,pre_filter,0.005,0.005,0.004995287549495697,correlated,
127,1.0,False,0.04549999994196696,500,10,pre_filter,0.005,0.005,0.004995287549495697,correlated,
128,1.0,False,0.048099999730766285,500,10,pre_filter,0.005,0.005,0.004995287549495697,correlated,
129,1.0,False,0.04020000005766633,500,10,pre_filter,0.005,0.005,0.004995287549495697,correlated,
130,1.0,False,0.03950000018448918,500,10,pre_filter,0.005,0.005,0.004995287549495697,correlated,
131,1.0,False,0.03979999974035309,500,10,pre_filter,0.005,0.005,0.004995287549495697,correlated,
132,1.0,False,0.03870000000461005,500,10,pre_filter,0.005,0.005,0.004995287549495697,correlated,
133,1.0,False,0.03999999989900971,500,10,pre_filter,0.005,0.005,0.004995287549495697,correlated,
134,1.0,False,0.03909999986717594,500,10,pre_filter,0.005,0.005,0.004995287549495697,correlated,
135,1.0,False,0.038300000142044155,500,10,pre_filter,0.005,0.005,0.004995287549495697,correlated,
136,1.0,False,0.03949999972974183,500,10,pre_filter,0.005,0.005,0.004995287549495697,correlated,
137,1.0,False,0.03890000016326667,500,10,pre_filter,0.005,0.005,0.004995287549495697,correlated,
138,1.0,False,0.0390000000152213,500,10,pre_filter,0.005,0.005,0.004995287549495697,correlated,
139,1.0,False,0.03909999986717594,500,10,pre_filter,0.005,0.005,0.004995287549495697,correlated,
140,1.0,False,0.03730000025825575,500,10,pre_filter,0.005,0.005,0.004995287549495697,correlated,
141,1.0,False,0.03909999986717594,500,10,pre_filter,0.005,0.005,0.004995287549495697,correlated,
142,1.0,False,0.03879999985656468,500,10,pre_filter,0.005,0.005,0.004995287549495697,correlated,
143,1.0,False,0.037400000110210385,500,10,pre_filter,0.005,0.005,0.004995287549495697,correlated,
144,1.0,False,0.03689999994094251,500,10,pre_filter,0.005,0.005,0.004995287549495697,correlated,
145,1.0,False,0.03710000009959913,500,10,pre_filter,0.005,0.005,0.004995287549495697,correlated,
146,1.0,False,0.03889999970851932,500,10,pre_filter,0.005,0.005,0.004995287549495697,correlated,
147,1.0,False,0.03890000016326667,500,10,pre_filter,0.005,0.005,0.004995287549495697,correlated,
148,1.0,False,0.042099999973288504,500,10,pre_filter,0.005,0.005,0.004995287549495697,correlated,
149,1.0,False,0.038300000142044155,500,10,pre_filter,0.005,0.005,0.004995287549495697,correlated,
150,1.0,False,0.03999999989900971,500,10,pre_filter,0.005,0.005,0.004995287549495697,correlated,
151,1.0,False,0.037600000268867007,500,10,pre_filter,0.005,0.005,0.004995287549495697,correlated,
152,1.0,False,0.038499999845953425,500,10,pre_filter,0.005,0.005,0.004995287549495697,correlated,
153,1.0,False,0.0380000001314329,500,10,pre_filter,0.005,0.005,0.004995287549495697,correlated,
154,1.0,False,0.03870000000461005,500,10,pre_filter,0.005,0.005,0.004995287549495697,correlated,
155,1.0,False,0.0390000000152213,500,10,pre_filter,0.005,0.005,0.004995287549495697,correlated,
156,1.0,False,0.03730000025825575,500,10,pre_filter,0.005,0.005,0.004995287549495697,correlated,
157,1.0,False,0.039199999719130574,500,10,pre_filter,0.005,0.005,0.004995287549495697,correlated,
158,1.0,False,0.03779999997277628,500,10,pre_filter,0.005,0.005,0.004995287549495697,correlated,
159,1.0,False,0.03870000000461005,500,10,pre_filter,0.005,0.005,0.004995287549495697,correlated,
160,1.0,False,0.038500000300700776,500,10,pre_filter,0.005,0.005,0.004995287549495697,correlated,
161,1.0,False,0.038300000142044155,500,10,pre_filter,0.005,0.005,0.004995287549495697,correlated,
162,1.0,False,0.039200000173877925,500,10,pre_filter,0.005,0.005,0.004995287549495697,correlated,
163,1.0,False,0.03730000025825575,500,10,pre_filter,0.005,0.005,0.004995287549495697,correlated,
164,1.0,False,0.04330000001573353,500,10,pre_filter,0.005,0.005,0.004995287549495697,correlated,
165,1.0,False,0.04459999991013319,500,10,pre_filter,0.005,0.005,0.004995287549495697,correlated,
166,1.0,False,0.043399999867688166,500,10,pre_filter,0.005,0.005,0.004995287549495697,correlated,
167,1.0,False,0.04530000023805769,500,10,pre_filter,0.005,0.005,0.004995287549495697,correlated,
168,1.0,False,0.04290000015316764,500,10,pre_filter,0.005,0.005,0.004995287549495697,correlated,
169,1.0,False,0.04470000021683518,500,10,pre_filter,0.005,0.005,0.004995287549495697,correlated,
170,1.0,False,0.044299999899521936,500,10,pre_filter,0.005,0.005,0.004995287549495697,correlated,
171,1.0,False,0.04470000021683518,500,10,pre_filter,0.005,0.005,0.004995287549495697,correlated,
172,1.0,False,0.04330000001573353,500,10,pre_filter,0.005,0.005,0.004995287549495697,correlated,
173,1.0,False,0.04489999992074445,500,10,pre_filter,0.005,0.005,0.004995287549495697,correlated,
174,1.0,False,0.04430000035426929,500,10,pre_filter,0.005,0.005,0.004995287549495697,correlated,
175,1.0,False,0.043000000005122274,500,10,pre_filter,0.005,0.005,0.004995287549495697,correlated,
176,1.0,False,0.04279999984646565,500,10,pre_filter,0.005,0.005,0.004995287549495697,correlated,
177,1.0,False,0.04269999999451102,500,10,pre_filter,0.005,0.005,0.004995287549495697,correlated,
178,1.0,False,0.04360000002634479,500,10,pre_filter,0.005,0.005,0.004995287549495697,correlated,
179,1.0,False,0.04360000002634479,500,10,pre_filter,0.005,0.005,0.004995287549495697,correlated,
180,1.0,False,0.0442000000475673,500,10,pre_filter,0.005,0.005,0.004995287549495697,correlated,
181,1.0,False,0.04489999992074445,500,10,pre_filter,0.005,0.005,0.004995287549495697,correlated,
182,1.0,False,0.045000000227446435,500,10,pre_filter,0.005,0.005,0.004995287549495697,correlated,
183,1.0,False,0.04219999982524314,500,10,pre_filter,0.005,0.005,0.004995287549495697,correlated,
184,1.0,False,0.04470000021683518,500,10,pre_filter,0.005,0.005,0.004995287549495697,correlated,
185,1.0,False,0.045900000259280205,500,10,pre_filter,0.005,0.005,0.004995287549495697,correlated,
186,1.0,False,0.0463000001218461,500,10,pre_filter,0.005,0.005,0.004995287549495697,correlated,
187,1.0,False,0.04600000011123484,500,10,pre_filter,0.005,0.005,0.004995287549495697,correlated,
188,1.0,False,0.044299999899521936,500,10,pre_filter,0.005,0.005,0.004995287549495697,correlated,
189,1.0,False,0.04600000011123484,500,10,pre_filter,0.005,0.005,0.004995287549495697,correlated,
190,1.0,False,0.04510000007940107,500,10,pre_filter,0.005,0.005,0.004995287549495697,correlated,
191,1.0,False,0.05490000012287055,500,10,pre_filter,0.005,0.005,0.004995287549495697,correlated,
192,1.0,False,0.04660000013245735,500,10,pre_filter,0.005,0.005,0.004995287549495697,correlated,
193,1.0,False,0.0442000000475673,500,10,pre_filter,0.005,0.005,0.004995287549495697,correlated,
194,1.0,False,0.046099999963189475,500,10,pre_filter,0.005,0.005,0.004995287549495697,correlated,
195,1.0,False,0.0442000000475673,500,10,pre_filter,0.005,0.005,0.004995287549495697,correlated,
196,1.0,False,0.04529999978331034,500,10,pre_filter,0.005,0.005,0.004995287549495697,correlated,
197,1.0,False,0.043599999571597436,500,10,pre_filter,0.005,0.005,0.004995287549495697,correlated,
198,1.0,False,0.04459999991013319,500,10,pre_filter,0.005,0.005,0.004995287549495697,correlated,
199,1.0,False,0.04489999992074445,500,10,pre_filter,0.005,0.005,0.004995287549495697,correlated,
20,1.0,False,82.33130000007804,20720,10,post_filter,0.005,0.005,0.004995287549495697,correlated,0.0
21,1.0,False,130.33309999991616,25510,10,post_filter,0.005,0.005,0.004995287549495697,correlated,0.0
22,1.0,False,133.59449999961726,24252,10,post_filter,0.005,0.005,0.004995287549495697,correlated,0.0
23,1.0,False,107.37109999990935,24094,10,post_filter,0.005,0.005,0.004995287549495697,correlated,0.0
24,1.0,False,112.06460000039442,26349,10,post_filter,0.005,0.005,0.004995287549495697,correlated,0.0
25,1.0,False,162.87299999976312,27820,10,post_filter,0.005,0.005,0.004995287549495697,correlated,0.0
26,1.0,False,88.25070000011692,26683,10,post_filter,0.005,0.005,0.004995287549495697,correlated,0.0
27,1.0,False,91.0158000001502,26142,10,post_filter,0.005,0.005,0.004995287549495697,correlated,0.0
28,1.0,False,116.80319999959465,26608,10,post_filter,0.005,0.005,0.004995287549495697,correlated,0.0
29,1.0,False,178.50629999975354,21912,10,post_filter,0.005,0.005,0.004995287549495697,correlated,0.0
30,1.0,False,213.4422999997696,26097,10,post_filter,0.005,0.005,0.004995287549495697,correlated,0.0
31,1.0,False,156.97980000004463,30386,10,post_filter,0.005,0.005,0.004995287549495697,correlated,0.0
32,1.0,False,174.57500000000437,28579,10,post_filter,0.005,0.005,0.004995287549495697,correlated,0.0
33,1.0,False,135.53769999998622,26601,10,post_filter,0.005,0.005,0.004995287549495697,correlated,0.0
34,1.0,False,165.55490000018835,29067,10,post_filter,0.005,0.005,0.004995287549495697,correlated,0.0
35,1.0,False,103.97409999995944,27882,10,post_filter,0.005,0.005,0.004995287549495697,correlated,0.0
36,1.0,False,212.47970000013083,28387,10,post_filter,0.005,0.005,0.004995287549495697,correlated,0.0
37,1.0,False,165.23849999975937,26315,10,post_filter,0.005,0.005,0.004995287549495697,correlated,0.0
38,1.0,False,177.06959999986793,30633,10,post_filter,0.005,0.005,0.004995287549495697,correlated,0.0
39,1.0,False,99.87780000028579,19416,10,post_filter,0.005,0.005,0.004995287549495697,correlated,0.0
40,1.0,False,207.21469999989495,31837,10,post_filter,0.005,0.005,0.004995287549495697,correlated,0.0
41,1.0,False,94.81080000023212,20747,10,post_filter,0.005,0.005,0.004995287549495697,correlated,0.0
42,1.0,False,181.92280000039318,27567,10,post_filter,0.005,0.005,0.004995287549495697,correlated,0.0
43,1.0,False,218.42229999992924,30375,10,post_filter,0.005,0.005,0.004995287549495697,correlated,0.0
44,1.0,False,187.9758000000038,22596,10,post_filter,0.005,0.005,0.004995287549495697,correlated,0.0
45,1.0,False,156.27130000029865,25997,10,post_filter,0.005,0.005,0.004995287549495697,correlated,0.0
46,1.0,False,154.81920000001992,21028,10,post_filter,0.005,0.005,0.004995287549495697,correlated,0.0
47,1.0,False,219.29169999975784,29822,10,post_filter,0.005,0.005,0.004995287549495697,correlated,0.0
48,1.0,False,173.32280000027822,28754,10,post_filter,0.005,0.005,0.004995287549495697,correlated,0.0
49,1.0,False,193.7911999998505,26004,10,post_filter,0.005,0.005,0.004995287549495697,correlated,0.0
50,1.0,False,174.23050000024887,30220,10,post_filter,0.005,0.005,0.004995287549495697,correlated,0.0
51,1.0,False,158.78390000034415,21298,10,post_filter,0.005,0.005,0.004995287549495697,correlated,0.0
52,1.0,False,157.54839999999604,26175,10,post_filter,0.005,0.005,0.004995287549495697,correlated,0.0
53,1.0,False,193.90159999966272,27054,10,post_filter,0.005,0.005,0.004995287549495697,correlated,0.0
54,1.0,False,148.16629999995712,19754,10,post_filter,0.005,0.005,0.004995287549495697,correlated,0.0
55,1.0,False,154.81170000020938,21195,10,post_filter,0.005,0.005,0.004995287549495697,correlated,0.0
56,1.0,False,159.09670000019105,24487,10,post_filter,0.005,0.005,0.004995287549495697,correlated,0.0
57,1.0,False,215.02230000032796,26690,10,post_filter,0.005,0.005,0.004995287549495697,correlated,0.0
58,1.0,False,206.8647000000965,31963,10,post_filter,0.005,0.005,0.004995287549495697,correlated,0.0
59,1.0,False,176.83420000003025,20135,10,post_filter,0.005,0.005,0.004995287549495697,correlated,0.0
60,1.0,False,199.75269999986267,28511,10,post_filter,0.005,0.005,0.004995287549495697,correlated,0.0
61,1.0,False,109.93989999997211,25606,10,post_filter,0.005,0.005,0.004995287549495697,correlated,0.0
62,1.0,False,88.16160000014861,20154,10,post_filter,0.005,0.005,0.004995287549495697,correlated,0.0
63,1.0,False,117.29179999974804,21526,10,post_filter,0.005,0.005,0.004995287549495697,correlated,0.0
64,1.0,False,180.75359999966167,23459,10,post_filter,0.005,0.005,0.004995287549495697,correlated,0.0
65,1.0,False,98.8297000003513,20217,10,post_filter,0.005,0.005,0.004995287549495697,correlated,0.0
66,1.0,False,84.36510000001363,24765,10,post_filter,0.005,0.005,0.004995287549495697,correlated,0.0
67,1.0,False,80.33849999992526,21062,10,post_filter,0.005,0.005,0.004995287549495697,correlated,0.0
68,1.0,False,102.73759999972754,21869,10,post_filter,0.005,0.005,0.004995287549495697,correlated,0.0
69,1.0,False,137.63890000018364,29396,10,post_filter,0.005,0.005,0.004995287549495697,correlated,0.0
70,1.0,False,151.33749999995416,20022,10,post_filter,0.005,0.005,0.004995287549495697,correlated,0.0
71,1.0,False,125.70400000004156,23268,10,post_filter,0.005,0.005,0.004995287549495697,correlated,0.0
72,1.0,False,184.44329999965703,32809,10,post_filter,0.005,0.005,0.004995287549495697,correlated,0.0
73,1.0,False,189.29649999972753,27227,10,post_filter,0.005,0.005,0.004995287549495697,correlated,0.0
74,1.0,False,162.2538000001441,26338,10,post_filter,0.005,0.005,0.004995287549495697,correlated,0.0
75,1.0,False,227.20069999968473,31801,10,post_filter,0.005,0.005,0.004995287549495697,correlated,0.0
76,1.0,False,192.77120000015202,21277,10,post_filter,0.005,0.005,0.004995287549495697,correlated,0.0
77,1.0,False,191.47960000009334,28501,10,post_filter,0.005,0.005,0.004995287549495697,correlated,0.0
78,1.0,False,174.23150000013266,26895,10,post_filter,0.005,0.005,0.004995287549495697,correlated,0.0
79,1.0,False,192.38009999980932,19680,10,post_filter,0.005,0.005,0.004995287549495697,correlated,0.0
80,1.0,False,178.39580000008937,21382,10,post_filter,0.005,0.005,0.004995287549495697,correlated,0.0
81,1.0,False,113.21029999999155,30336,10,post_filter,0.005,0.005,0.004995287549495697,correlated,0.0
82,1.0,False,124.6315000003051,28678,10,post_filter,0.005,0.005,0.004995287549495697,correlated,0.0
83,1.0,False,165.42690000005678,25563,10,post_filter,0.005,0.005,0.004995287549495697,correlated,0.0
84,1.0,False,139.95729999987816,27831,10,post_filter,0.005,0.005,0.004995287549495697,correlated,0.0
85,1.0,False,140.3596000000107,32074,10,post_filter,0.005,0.005,0.004995287549495697,correlated,0.0
86,1.0,False,117.44869999984076,23192,10,post_filter,0.005,0.005,0.004995287549495697,correlated,0.0
87,1.0,False,104.70359999999346,25655,10,post_filter,0.005,0.005,0.004995287549495697,correlated,0.0
88,1.0,False,140.7990000002428,20072,10,post_filter,0.005,0.005,0.004995287549495697,correlated,0.0
89,1.0,False,98.38270000000193,19677,10,post_filter,0.005,0.005,0.004995287549495697,correlated,0.0
90,1.0,False,185.26580000025206,22786,10,post_filter,0.005,0.005,0.004995287549495697,correlated,0.0
91,1.0,False,176.25170000019352,25091,10,post_filter,0.005,0.005,0.004995287549495697,correlated,0.0
92,1.0,False,168.9649999998437,32489,10,post_filter,0.005,0.005,0.004995287549495697,correlated,0.0
93,1.0,False,78.87369999980365,22715,10,post_filter,0.005,0.005,0.004995287549495697,correlated,0.0
94,1.0,False,195.1006999997844,22845,10,post_filter,0.005,0.005,0.004995287549495697,correlated,0.0
95,1.0,False,208.30309999973906,27195,10,post_filter,0.005,0.005,0.004995287549495697,correlated,0.0
96,1.0,False,225.41439999986324,29688,10,post_filter,0.005,0.005,0.004995287549495697,correlated,0.0
97,1.0,False,179.06670000002123,24095,10,post_filter,0.005,0.005,0.004995287549495697,correlated,0.0
98,1.0,False,191.7212999996991,20649,10,post_filter,0.005,0.005,0.004995287549495697,correlated,0.0
99,1.0,False,211.6331999995964,26583,10,post_filter,0.005,0.005,0.004995287549495697,correlated,0.0
100,1.0,False,109.9779999999555,25512,10,post_filter,0.005,0.005,0.004995287549495697,correlated,0.0
101,1.0,False,163.96389999999883,23945,10,post_filter,0.005,0.005,0.004995287549495697,correlated,0.0
102,1.0,False,171.21629999974175,27486,10,post_filter,0.005,0.005,0.004995287549495697,correlated,0.0
103,1.0,False,178.84659999981523,24834,10,post_filter,0.005,0.005,0.004995287549495697,correlated,0.0
104,1.0,False,155.88899999966088,22570,10,post_filter,0.005,0.005,0.004995287549495697,correlated,0.0
105,1.0,False,189.81990000020232,23936,10,post_filter,0.005,0.005,0.004995287549495697,correlated,0.0
106,1.0,False,89.63479999965784,21228,10,post_filter,0.005,0.005,0.004995287549495697,correlated,0.0
107,1.0,False,190.26389999999083,22504,10,post_filter,0.005,0.005,0.004995287549495697,correlated,0.0
108,1.0,False,197.90310000007594,20788,10,post_filter,0.005,0.005,0.004995287549495697,correlated,0.0
109,1.0,False,195.99440000001778,22693,10,post_filter,0.005,0.005,0.004995287549495697,correlated,0.0
110,1.0,False,149.2694999997184,21253,10,post_filter,0.005,0.005,0.004995287549495697,correlated,0.0
111,1.0,False,150.46440000014627,27821,10,post_filter,0.005,0.005,0.004995287549495697,correlated,0.0
112,1.0,False,177.55320000014763,24744,10,post_filter,0.005,0.005,0.004995287549495697,correlated,0.0
113,1.0,False,206.5760999998929,24540,10,post_filter,0.005,0.005,0.004995287549495697,correlated,0.0
114,1.0,False,172.5934999999481,24799,10,post_filter,0.005,0.005,0.004995287549495697,correlated,0.0
115,1.0,False,95.4700999996021,25935,10,post_filter,0.005,0.005,0.004995287549495697,correlated,0.0
116,1.0,False,159.10089999988486,19990,10,post_filter,0.005,0.005,0.004995287549495697,correlated,0.0
117,1.0,False,143.42350000015358,33124,10,post_filter,0.005,0.005,0.004995287549495697,correlated,0.0
118,1.0,False,169.1446999998334,27112,10,post_filter,0.005,0.005,0.004995287549495697,correlated,0.0
119,1.0,False,197.27569999986372,20931,10,post_filter,0.005,0.005,0.004995287549495697,correlated,0.0
120,1.0,False,203.74970000011672,24299,10,post_filter,0.005,0.005,0.004995287549495697,correlated,0.0
121,1.0,False,168.89749999972992,22904,10,post_filter,0.005,0.005,0.004995287549495697,correlated,0.0
122,1.0,False,196.34949999999662,33048,10,post_filter,0.005,0.005,0.004995287549495697,correlated,0.0
123,1.0,False,188.20709999999963,24317,10,post_filter,0.005,0.005,0.004995287549495697,correlated,0.0
124,1.0,False,133.06169999987105,27546,10,post_filter,0.005,0.005,0.004995287549495697,correlated,0.0
125,1.0,False,88.31519999966986,25809,10,post_filter,0.005,0.005,0.004995287549495697,correlated,0.0
126,1.0,False,208.76850000013292,26919,10,post_filter,0.005,0.005,0.004995287549495697,correlated,0.0
127,1.0,False,208.08020000004035,25772,10,post_filter,0.005,0.005,0.004995287549495697,correlated,0.0
128,1.0,False,125.66389999983585,25742,10,post_filter,0.005,0.005,0.004995287549495697,correlated,0.0
129,1.0,False,85.24700000043595,25137,10,post_filter,0.005,0.005,0.004995287549495697,correlated,0.0
130,1.0,False,184.1962999997122,32088,10,post_filter,0.005,0.005,0.004995287549495697,correlated,0.0
131,1.0,False,175.48979999992298,23272,10,post_filter,0.005,0.005,0.004995287549495697,correlated,0.0
132,1.0,False,178.14450000014403,27751,10,post_filter,0.005,0.005,0.004995287549495697,correlated,0.0
133,1.0,False,190.4485999998542,29266,10,post_filter,0.005,0.005,0.004995287549495697,correlated,0.0
134,1.0,False,175.3574999997909,21064,10,post_filter,0.005,0.005,0.004995287549495697,correlated,0.0
135,1.0,False,136.29970000010871,28275,10,post_filter,0.005,0.005,0.004995287549495697,correlated,0.0
136,1.0,False,103.2444000002215,27919,10,post_filter,0.005,0.005,0.004995287549495697,correlated,0.0
137,1.0,False,93.06719999995039,31765,10,post_filter,0.005,0.005,0.004995287549495697,correlated,0.0
138,1.0,False,89.6202999997513,23671,10,post_filter,0.005,0.005,0.004995287549495697,correlated,0.0
139,1.0,False,167.9266999999527,26342,10,post_filter,0.005,0.005,0.004995287549495697,correlated,0.0
140,1.0,False,206.77880000039295,26935,10,post_filter,0.005,0.005,0.004995287549495697,correlated,0.0
141,1.0,False,128.47819999979038,25786,10,post_filter,0.005,0.005,0.004995287549495697,correlated,0.0
142,1.0,False,87.02339999990727,26997,10,post_filter,0.005,0.005,0.004995287549495697,correlated,0.0
143,1.0,False,81.04090000006181,21952,10,post_filter,0.005,0.005,0.004995287549495697,correlated,0.0
144,1.0,False,144.46640000005573,25811,10,post_filter,0.005,0.005,0.004995287549495697,correlated,0.0
145,1.0,False,165.99360000009256,23092,10,post_filter,0.005,0.005,0.004995287549495697,correlated,0.0
146,1.0,False,104.98600000028091,26856,10,post_filter,0.005,0.005,0.004995287549495697,correlated,0.0
147,1.0,False,85.62249999977212,25712,10,post_filter,0.005,0.005,0.004995287549495697,correlated,0.0
148,1.0,False,81.94509999975708,24398,10,post_filter,0.005,0.005,0.004995287549495697,correlated,0.0
149,1.0,False,142.73379999940516,34302,10,post_filter,0.005,0.005,0.004995287549495697,correlated,0.0
150,1.0,False,168.91510000004928,28606,10,post_filter,0.005,0.005,0.004995287549495697,correlated,0.0
151,1.0,False,80.53820000077394,19525,10,post_filter,0.005,0.005,0.004995287549495697,correlated,0.0
152,1.0,False,90.35399999993388,28045,10,post_filter,0.005,0.005,0.004995287549495697,correlated,0.0
153,1.0,False,184.09169999995356,23149,10,post_filter,0.005,0.005,0.004995287549495697,correlated,0.0
154,1.0,False,213.4775999993508,29876,10,post_filter,0.005,0.005,0.004995287549495697,correlated,0.0
155,1.0,False,190.66960000054678,26248,10,post_filter,0.005,0.005,0.004995287549495697,correlated,0.0
156,1.0,False,168.87189999943075,27299,10,post_filter,0.005,0.005,0.004995287549495697,correlated,0.0
157,1.0,False,151.30039999985456,28856,10,post_filter,0.005,0.005,0.004995287549495697,correlated,0.0
158,1.0,False,158.00189999936265,26555,10,post_filter,0.005,0.005,0.004995287549495697,correlated,0.0
159,1.0,False,155.7401000000027,26299,10,post_filter,0.005,0.005,0.004995287549495697,correlated,0.0
160,1.0,False,211.81569999953354,26678,10,post_filter,0.005,0.005,0.004995287549495697,correlated,0.0
161,1.0,False,162.42910000073607,26442,10,post_filter,0.005,0.005,0.004995287549495697,correlated,0.0
162,1.0,False,155.51589999995485,29624,10,post_filter,0.005,0.005,0.004995287549495697,correlated,0.0
163,1.0,False,157.4651000000813,26183,10,post_filter,0.005,0.005,0.004995287549495697,correlated,0.0
164,1.0,False,210.07209999970655,25731,10,post_filter,0.005,0.005,0.004995287549495697,correlated,0.0
165,1.0,False,170.6634000001941,24950,10,post_filter,0.005,0.005,0.004995287549495697,correlated,0.0
166,1.0,False,138.04509999954462,25204,10,post_filter,0.005,0.005,0.004995287549495697,correlated,0.0
167,1.0,False,211.56100000007427,28469,10,post_filter,0.005,0.005,0.004995287549495697,correlated,0.0
168,1.0,False,194.6390999992218,25431,10,post_filter,0.005,0.005,0.004995287549495697,correlated,0.0
169,1.0,False,198.68490000044403,25893,10,post_filter,0.005,0.005,0.004995287549495697,correlated,0.0
170,1.0,False,122.3720999996658,25873,10,post_filter,0.005,0.005,0.004995287549495697,correlated,0.0
171,1.0,False,115.27660000047035,26145,10,post_filter,0.005,0.005,0.004995287549495697,correlated,0.0
172,1.0,False,115.9496999998737,28524,10,post_filter,0.005,0.005,0.004995287549495697,correlated,0.0
173,1.0,False,103.8418999996793,27571,10,post_filter,0.005,0.005,0.004995287549495697,correlated,0.0
174,1.0,False,163.28470000007655,26167,10,post_filter,0.005,0.005,0.004995287549495697,correlated,0.0
175,1.0,False,213.14650000022084,26663,10,post_filter,0.005,0.005,0.004995287549495697,correlated,0.0
176,1.0,False,109.739499999705,28011,10,post_filter,0.005,0.005,0.004995287549495697,correlated,0.0
177,1.0,False,218.23649999987538,26380,10,post_filter,0.005,0.005,0.004995287549495697,correlated,0.0
178,1.0,False,168.53179999998247,25837,10,post_filter,0.005,0.005,0.004995287549495697,correlated,0.0
179,1.0,False,177.41950000072393,26155,10,post_filter,0.005,0.005,0.004995287549495697,correlated,0.0
180,1.0,False,174.61610000009387,23993,10,post_filter,0.005,0.005,0.004995287549495697,correlated,0.0
181,1.0,False,170.30919999979233,27877,10,post_filter,0.005,0.005,0.004995287549495697,correlated,0.0
182,1.0,False,104.0725000002567,24661,10,post_filter,0.005,0.005,0.004995287549495697,correlated,0.0
183,1.0,False,126.71070000033069,24857,10,post_filter,0.005,0.005,0.004995287549495697,correlated,0.0
184,1.0,False,88.8663000005181,24507,10,post_filter,0.005,0.005,0.004995287549495697,correlated,0.0
185,1.0,False,80.47020000049088,20142,10,post_filter,0.005,0.005,0.004995287549495697,correlated,0.0
186,1.0,False,186.4982000006421,26530,10,post_filter,0.005,0.005,0.004995287549495697,correlated,0.0
187,1.0,False,196.68020000062825,27084,10,post_filter,0.005,0.005,0.004995287549495697,correlated,0.0
188,1.0,False,218.26299999975163,28072,10,post_filter,0.005,0.005,0.004995287549495697,correlated,0.0
189,1.0,False,155.90849999989587,32327,10,post_filter,0.005,0.005,0.004995287549495697,correlated,0.0
190,1.0,False,120.86060000001453,28337,10,post_filter,0.005,0.005,0.004995287549495697,correlated,0.0
191,1.0,False,193.81689999954688,27568,10,post_filter,0.005,0.005,0.004995287549495697,correlated,0.0
192,1.0,False,211.32290000059584,28174,10,post_filter,0.005,0.005,0.004995287549495697,correlated,0.0
193,1.0,False,103.22260000066308,21862,10,post_filter,0.005,0.005,0.004995287549495697,correlated,0.0
194,1.0,False,178.88260000017908,31457,10,post_filter,0.005,0.005,0.004995287549495697,correlated,0.0
195,1.0,False,139.21990000017104,29472,10,post_filter,0.005,0.005,0.004995287549495697,correlated,0.0
196,1.0,False,101.31509999973787,30427,10,post_filter,0.005,0.005,0.004995287549495697,correlated,0.0
197,1.0,False,88.10219999941182,26145,10,post_filter,0.005,0.005,0.004995287549495697,correlated,0.0
198,1.0,False,111.71399999966525,21370,10,post_filter,0.005,0.005,0.004995287549495697,correlated,0.0
199,1.0,False,201.4089000003878,30222,10,post_filter,0.005,0.005,0.004995287549495697,correlated,0.0
20,1.0,False,0.08040000011533266,1000,10,pre_filter,0.01,0.01,0.009988211929798126,correlated,
21,1.0,False,0.08470000011584489,1000,10,pre_filter,0.01,0.01,0.009988211929798126,correlated,
22,1.0,False,0.08419999994657701,1000,10,pre_filter,0.01,0.01,0.009988211929798126,correlated,
23,1.0,False,0.08290000005217735,1000,10,pre_filter,0.01,0.01,0.009988211929798126,correlated,
24,1.0,False,0.0835999999253545,1000,10,pre_filter,0.01,0.01,0.009988211929798126,correlated,
25,1.0,False,0.08170000000973232,1000,10,pre_filter,0.01,0.01,0.009988211929798126,correlated,
26,1.0,False,0.08400000024266774,1000,10,pre_filter,0.01,0.01,0.009988211929798126,correlated,
27,1.0,False,0.08479999996779952,1000,10,pre_filter,0.01,0.01,0.009988211929798126,correlated,
28,1.0,False,0.08259999958681874,1000,10,pre_filter,0.01,0.01,0.009988211929798126,correlated,
29,1.0,False,0.0853000001370674,1000,10,pre_filter,0.01,0.01,0.009988211929798126,correlated,
30,1.0,False,0.07969999933266081,1000,10,pre_filter,0.01,0.01,0.009988211929798126,correlated,
31,1.0,False,0.07790000017848797,1000,10,pre_filter,0.01,0.01,0.009988211929798126,correlated,
32,1.0,False,0.07809999988239724,1000,10,pre_filter,0.01,0.01,0.009988211929798126,correlated,
33,1.0,False,0.0804999999672873,1000,10,pre_filter,0.01,0.01,0.009988211929798126,correlated,
34,1.0,False,0.07810000079189194,1000,10,pre_filter,0.01,0.01,0.009988211929798126,correlated,
35,1.0,False,0.07869999990361976,1000,10,pre_filter,0.01,0.01,0.009988211929798126,correlated,
36,1.0,False,0.07869999990361976,1000,10,pre_filter,0.01,0.01,0.009988211929798126,correlated,
37,1.0,False,0.0928999997995561,1000,10,pre_filter,0.01,0.01,0.009988211929798126,correlated,
38,1.0,False,0.07970000024215551,1000,10,pre_filter,0.01,0.01,0.009988211929798126,correlated,
39,1.0,False,0.07689999983995222,1000,10,pre_filter,0.01,0.01,0.009988211929798126,correlated,
40,1.0,False,0.07840000034775585,1000,10,pre_filter,0.01,0.01,0.009988211929798126,correlated,
41,1.0,False,0.10030000066763023,1000,10,pre_filter,0.01,0.01,0.009988211929798126,correlated,
42,1.0,False,0.08490000072924886,1000,10,pre_filter,0.01,0.01,0.009988211929798126,correlated,
43,1.0,False,0.08960000013757963,1000,10,pre_filter,0.01,0.01,0.009988211929798126,correlated,
44,1.0,False,0.17320000006293412,1000,10,pre_filter,0.01,0.01,0.009988211929798126,correlated,
45,1.0,False,0.16760000016802223,1000,10,pre_filter,0.01,0.01,0.009988211929798126,correlated,
46,1.0,False,0.14109999938227702,1000,10,pre_filter,0.01,0.01,0.009988211929798126,correlated,
47,1.0,False,0.13300000046001514,1000,10,pre_filter,0.01,0.01,0.009988211929798126,correlated,
48,1.0,False,0.13209999997343402,1000,10,pre_filter,0.01,0.01,0.009988211929798126,correlated,
49,1.0,False,0.08479999996779952,1000,10,pre_filter,0.01,0.01,0.009988211929798126,correlated,
50,1.0,False,0.08010000055946875,1000,10,pre_filter,0.01,0.01,0.009988211929798126,correlated,
51,1.0,False,0.07749999986117473,1000,10,pre_filter,0.01,0.01,0.009988211929798126,correlated,
52,1.0,False,0.07960000039020088,1000,10,pre_filter,0.01,0.01,0.009988211929798126,correlated,
53,1.0,False,0.07900000036897836,1000,10,pre_filter,0.01,0.01,0.009988211929798126,correlated,
54,1.0,False,0.0793999997767969,1000,10,pre_filter,0.01,0.01,0.009988211929798126,correlated,
55,1.0,False,0.07929999992484227,1000,10,pre_filter,0.01,0.01,0.009988211929798126,correlated,
56,1.0,False,0.07579999964946182,1000,10,pre_filter,0.01,0.01,0.009988211929798126,correlated,
57,1.0,False,0.07819999973435188,1000,10,pre_filter,0.01,0.01,0.009988211929798126,correlated,
58,1.0,False,0.07720000030531082,1000,10,pre_filter,0.01,0.01,0.009988211929798126,correlated,
59,1.0,False,0.09480000062467298,1000,10,pre_filter,0.01,0.01,0.009988211929798126,correlated,
60,1.0,False,0.07850000019971048,1000,10,pre_filter,0.01,0.01,0.009988211929798126,correlated,
61,1.0,False,0.07700000060140155,1000,10,pre_filter,0.01,0.01,0.009988211929798126,correlated,
62,1.0,False,0.07900000036897836,1000,10,pre_filter,0.01,0.01,0.009988211929798126,correlated,
63,1.0,False,0.079100000220933,1000,10,pre_filter,0.01,0.01,0.009988211929798126,correlated,
64,1.0,False,0.07919999916339293,1000,10,pre_filter,0.01,0.01,0.009988211929798126,correlated,
65,1.0,False,0.07809999988239724,1000,10,pre_filter,0.01,0.01,0.009988211929798126,correlated,
66,1.0,False,0.07959999948070617,1000,10,pre_filter,0.01,0.01,0.009988211929798126,correlated,
67,1.0,False,0.07879999975557439,1000,10,pre_filter,0.01,0.01,0.009988211929798126,correlated,
68,1.0,False,0.07850000019971048,1000,10,pre_filter,0.01,0.01,0.009988211929798126,correlated,
69,1.0,False,0.0780000000304426,1000,10,pre_filter,0.01,0.01,0.009988211929798126,correlated,
70,1.0,False,0.07650000043213367,1000,10,pre_filter,0.01,0.01,0.009988211929798126,correlated,
71,1.0,False,0.07659999937459361,1000,10,pre_filter,0.01,0.01,0.009988211929798126,correlated,
72,1.0,False,0.0774000000092201,1000,10,pre_filter,0.01,0.01,0.009988211929798126,correlated,
73,1.0,False,0.07619999996677507,1000,10,pre_filter,0.01,0.01,0.009988211929798126,correlated,
74,1.0,False,0.07480000022042077,1000,10,pre_filter,0.01,0.01,0.009988211929798126,correlated,
75,1.0,False,0.07649999952263897,1000,10,pre_filter,0.01,0.01,0.009988211929798126,correlated,
76,1.0,False,0.0763000007282244,1000,10,pre_filter,0.01,0.01,0.009988211929798126,correlated,
77,1.0,False,0.07689999983995222,1000,10,pre_filter,0.01,0.01,0.009988211929798126,correlated,
78,1.0,False,0.07480000022042077,1000,10,pre_filter,0.01,0.01,0.009988211929798126,correlated,
79,1.0,False,0.07759999971312936,1000,10,pre_filter,0.01,0.01,0.009988211929798126,correlated,
80,1.0,False,0.07700000060140155,1000,10,pre_filter,0.01,0.01,0.009988211929798126,correlated,
81,1.0,False,0.07659999937459361,1000,10,pre_filter,0.01,0.01,0.009988211929798126,correlated,
82,1.0,False,0.0745999996070168,1000,10,pre_filter,0.01,0.01,0.009988211929798126,correlated,
83,1.0,False,0.08890000026440248,1000,10,pre_filter,0.01,0.01,0.009988211929798126,correlated,
84,1.0,False,0.07819999973435188,1000,10,pre_filter,0.01,0.01,0.009988211929798126,correlated,
85,1.0,False,0.07539999933214858,1000,10,pre_filter,0.01,0.01,0.009988211929798126,correlated,
86,1.0,False,0.07660000028408831,1000,10,pre_filter,0.01,0.01,0.009988211929798126,correlated,
87,1.0,False,0.0746000005165115,1000,10,pre_filter,0.01,0.01,0.009988211929798126,correlated,
88,1.0,False,0.07760000062262407,1000,10,pre_filter,0.01,0.01,0.009988211929798126,correlated,
89,1.0,False,0.0759999993533711,1000,10,pre_filter,0.01,0.01,0.009988211929798126,correlated,
90,1.0,False,0.07509999977628468,1000,10,pre_filter,0.01,0.01,0.009988211929798126,correlated,
91,1.0,False,0.07660000028408831,1000,10,pre_filter,0.01,0.01,0.009988211929798126,correlated,
92,1.0,False,0.07829999958630651,1000,10,pre_filter,0.01,0.01,0.009988211929798126,correlated,
93,1.0,False,0.07720000030531082,1000,10,pre_filter,0.01,0.01,0.009988211929798126,correlated,
94,1.0,False,0.07900000036897836,1000,10,pre_filter,0.01,0.01,0.009988211929798126,correlated,
95,1.0,False,0.09789999967324547,1000,10,pre_filter,0.01,0.01,0.009988211929798126,correlated,
96,1.0,False,0.08129999969241908,1000,10,pre_filter,0.01,0.01,0.009988211929798126,correlated,
97,1.0,False,0.0884000000951346,1000,10,pre_filter,0.01,0.01,0.009988211929798126,correlated,
98,1.0,False,0.0794000006862916,1000,10,pre_filter,0.01,0.01,0.009988211929798126,correlated,
99,1.0,False,0.07760000062262407,1000,10,pre_filter,0.01,0.01,0.009988211929798126,correlated,
100,1.0,False,0.07650000043213367,1000,10,pre_filter,0.01,0.01,0.009988211929798126,correlated,
101,1.0,False,0.0780000000304426,1000,10,pre_filter,0.01,0.01,0.009988211929798126,correlated,
102,1.0,False,0.07699999969190685,1000,10,pre_filter,0.01,0.01,0.009988211929798126,correlated,
103,1.0,False,0.07469999945897143,1000,10,pre_filter,0.01,0.01,0.009988211929798126,correlated,
104,1.0,False,0.07930000083433697,1000,10,pre_filter,0.01,0.01,0.009988211929798126,correlated,
105,1.0,False,0.0746000005165115,1000,10,pre_filter,0.01,0.01,0.009988211929798126,correlated,
106,1.0,False,0.07439999990310753,1000,10,pre_filter,0.01,0.01,0.009988211929798126,correlated,
107,1.0,False,0.07569999979750719,1000,10,pre_filter,0.01,0.01,0.009988211929798126,correlated,
108,1.0,False,0.07880000066506909,1000,10,pre_filter,0.01,0.01,0.009988211929798126,correlated,
109,1.0,False,0.08139999954437371,1000,10,pre_filter,0.01,0.01,0.009988211929798126,correlated,
110,1.0,False,0.07540000024164328,1000,10,pre_filter,0.01,0.01,0.009988211929798126,correlated,
111,1.0,False,0.0749000000723754,1000,10,pre_filter,0.01,0.01,0.009988211929798126,correlated,
112,1.0,False,0.07670000013604295,1000,10,pre_filter,0.01,0.01,0.009988211929798126,correlated,
113,1.0,False,0.07819999973435188,1000,10,pre_filter,0.01,0.01,0.009988211929798126,correlated,
114,1.0,False,0.07759999971312936,1000,10,pre_filter,0.01,0.01,0.009988211929798126,correlated,
115,1.0,False,0.09580000005371403,1000,10,pre_filter,0.01,0.01,0.009988211929798126,correlated,
116,1.0,False,0.07790000017848797,1000,10,pre_filter,0.01,0.01,0.009988211929798126,correlated,
117,1.0,False,0.0762999998187297,1000,10,pre_filter,0.01,0.01,0.009988211929798126,correlated,
118,1.0,False,0.07360000017797574,1000,10,pre_filter,0.01,0.01,0.009988211929798126,correlated,
119,1.0,False,0.07550000009359792,1000,10,pre_filter,0.01,0.01,0.009988211929798126,correlated,
120,1.0,False,0.07509999977628468,1000,10,pre_filter,0.01,0.01,0.009988211929798126,correlated,
121,1.0,False,0.07580000055895653,1000,10,pre_filter,0.01,0.01,0.009988211929798126,correlated,
122,1.0,False,0.07339999956457177,1000,10,pre_filter,0.01,0.01,0.009988211929798126,correlated,
123,1.0,False,0.07390000064333435,1000,10,pre_filter,0.01,0.01,0.009988211929798126,correlated,
124,1.0,False,0.07249999998748535,1000,10,pre_filter,0.01,0.01,0.009988211929798126,correlated,
125,1.0,False,0.07370000002993038,1000,10,pre_filter,0.01,0.01,0.009988211929798126,correlated,
126,1.0,False,0.07300000015675323,1000,10,pre_filter,0.01,0.01,0.009988211929798126,correlated,
127,1.0,False,0.07520000053773401,1000,10,pre_filter,0.01,0.01,0.009988211929798126,correlated,
128,1.0,False,0.07339999956457177,1000,10,pre_filter,0.01,0.01,0.009988211929798126,correlated,
129,1.0,False,0.07449999975506216,1000,10,pre_filter,0.01,0.01,0.009988211929798126,correlated,
130,1.0,False,0.07510000068577938,1000,10,pre_filter,0.01,0.01,0.009988211929798126,correlated,
131,1.0,False,0.07869999990361976,1000,10,pre_filter,0.01,0.01,0.009988211929798126,correlated,
132,1.0,False,0.07899999945948366,1000,10,pre_filter,0.01,0.01,0.009988211929798126,correlated,
133,1.0,False,0.08710000020073494,1000,10,pre_filter,0.01,0.01,0.009988211929798126,correlated,
134,1.0,False,0.07949999962875154,1000,10,pre_filter,0.01,0.01,0.009988211929798126,correlated,
135,1.0,False,0.07729999924777076,1000,10,pre_filter,0.01,0.01,0.009988211929798126,correlated,
136,1.0,False,0.07650000043213367,1000,10,pre_filter,0.01,0.01,0.009988211929798126,correlated,
137,1.0,False,0.07569999979750719,1000,10,pre_filter,0.01,0.01,0.009988211929798126,correlated,
138,1.0,False,0.07579999964946182,1000,10,pre_filter,0.01,0.01,0.009988211929798126,correlated,
139,1.0,False,0.0749000000723754,1000,10,pre_filter,0.01,0.01,0.009988211929798126,correlated,
140,1.0,False,0.07529999948019395,1000,10,pre_filter,0.01,0.01,0.009988211929798126,correlated,
141,1.0,False,0.07480000022042077,1000,10,pre_filter,0.01,0.01,0.009988211929798126,correlated,
142,1.0,False,0.07399999958579428,1000,10,pre_filter,0.01,0.01,0.009988211929798126,correlated,
143,1.0,False,0.0749000000723754,1000,10,pre_filter,0.01,0.01,0.009988211929798126,correlated,
144,1.0,False,0.07409999943774892,1000,10,pre_filter,0.01,0.01,0.009988211929798126,correlated,
145,1.0,False,0.07379999988188501,1000,10,pre_filter,0.01,0.01,0.009988211929798126,correlated,
146,1.0,False,0.07389999973383965,1000,10,pre_filter,0.01,0.01,0.009988211929798126,correlated,
147,1.0,False,0.07480000022042077,1000,10,pre_filter,0.01,0.01,0.009988211929798126,correlated,
148,1.0,False,0.07240000013553072,1000,10,pre_filter,0.01,0.01,0.009988211929798126,correlated,
149,1.0,False,0.07430000005115289,1000,10,pre_filter,0.01,0.01,0.009988211929798126,correlated,
150,1.0,False,0.07410000034724362,1000,10,pre_filter,0.01,0.01,0.009988211929798126,correlated,
151,1.0,False,0.07519999962823931,1000,10,pre_filter,0.01,0.01,0.009988211929798126,correlated,
152,1.0,False,0.07430000005115289,1000,10,pre_filter,0.01,0.01,0.009988211929798126,correlated,
153,1.0,False,0.07819999973435188,1000,10,pre_filter,0.01,0.01,0.009988211929798126,correlated,
154,1.0,False,0.0774000000092201,1000,10,pre_filter,0.01,0.01,0.009988211929798126,correlated,
155,1.0,False,0.07660000028408831,1000,10,pre_filter,0.01,0.01,0.009988211929798126,correlated,
156,1.0,False,0.07749999986117473,1000,10,pre_filter,0.01,0.01,0.009988211929798126,correlated,
157,1.0,False,0.07470000036846614,1000,10,pre_filter,0.01,0.01,0.009988211929798126,correlated,
158,1.0,False,0.08729999990464421,1000,10,pre_filter,0.01,0.01,0.009988211929798126,correlated,
159,1.0,False,0.07759999971312936,1000,10,pre_filter,0.01,0.01,0.009988211929798126,correlated,
160,1.0,False,0.0760000002628658,1000,10,pre_filter,0.01,0.01,0.009988211929798126,correlated,
161,1.0,False,0.0760000002628658,1000,10,pre_filter,0.01,0.01,0.009988211929798126,correlated,
162,1.0,False,0.07430000005115289,1000,10,pre_filter,0.01,0.01,0.009988211929798126,correlated,
163,1.0,False,0.07589999950141646,1000,10,pre_filter,0.01,0.01,0.009988211929798126,correlated,
164,1.0,False,0.07400000049528899,1000,10,pre_filter,0.01,0.01,0.009988211929798126,correlated,
165,1.0,False,0.07450000066455686,1000,10,pre_filter,0.01,0.01,0.009988211929798126,correlated,
166,1.0,False,0.0745999996070168,1000,10,pre_filter,0.01,0.01,0.009988211929798126,correlated,
167,1.0,False,0.07530000038968865,1000,10,pre_filter,0.01,0.01,0.009988211929798126,correlated,
168,1.0,False,0.07540000024164328,1000,10,pre_filter,0.01,0.01,0.009988211929798126,correlated,
169,1.0,False,0.07430000005115289,1000,10,pre_filter,0.01,0.01,0.009988211929798126,correlated,
170,1.0,False,0.07470000036846614,1000,10,pre_filter,0.01,0.01,0.009988211929798126,correlated,
171,1.0,False,0.07360000017797574,1000,10,pre_filter,0.01,0.01,0.009988211929798126,correlated,
172,1.0,False,0.07360000017797574,1000,10,pre_filter,0.01,0.01,0.009988211929798126,correlated,
173,1.0,False,0.07300000015675323,1000,10,pre_filter,0.01,0.01,0.009988211929798126,correlated,
174,1.0,False,0.07439999990310753,1000,10,pre_filter,0.01,0.01,0.009988211929798126,correlated,
175,1.0,False,0.07510000068577938,1000,10,pre_filter,0.01,0.01,0.009988211929798126,correlated,
176,1.0,False,0.07340000047406647,1000,10,pre_filter,0.01,0.01,0.009988211929798126,correlated,
177,1.0,False,0.07370000002993038,1000,10,pre_filter,0.01,0.01,0.009988211929798126,correlated,
178,1.0,False,0.07429999914165819,1000,10,pre_filter,0.01,0.01,0.009988211929798126,correlated,
179,1.0,False,0.07520000053773401,1000,10,pre_filter,0.01,0.01,0.009988211929798126,correlated,
180,1.0,False,0.07509999977628468,1000,10,pre_filter,0.01,0.01,0.009988211929798126,correlated,
181,1.0,False,0.07399999958579428,1000,10,pre_filter,0.01,0.01,0.009988211929798126,correlated,
182,1.0,False,0.07539999933214858,1000,10,pre_filter,0.01,0.01,0.009988211929798126,correlated,
183,1.0,False,0.08469999920635018,1000,10,pre_filter,0.01,0.01,0.009988211929798126,correlated,
184,1.0,False,0.07480000022042077,1000,10,pre_filter,0.01,0.01,0.009988211929798126,correlated,
185,1.0,False,0.07399999958579428,1000,10,pre_filter,0.01,0.01,0.009988211929798126,correlated,
186,1.0,False,0.07420000019919826,1000,10,pre_filter,0.01,0.01,0.009988211929798126,correlated,
187,1.0,False,0.07329999971261714,1000,10,pre_filter,0.01,0.01,0.009988211929798126,correlated,
188,1.0,False,0.07249999998748535,1000,10,pre_filter,0.01,0.01,0.009988211929798126,correlated,
189,1.0,False,0.07329999971261714,1000,10,pre_filter,0.01,0.01,0.009988211929798126,correlated,
190,1.0,False,0.07540000024164328,1000,10,pre_filter,0.01,0.01,0.009988211929798126,correlated,
191,1.0,False,0.07689999983995222,1000,10,pre_filter,0.01,0.01,0.009988211929798126,correlated,
192,1.0,False,0.07699999969190685,1000,10,pre_filter,0.01,0.01,0.009988211929798126,correlated,
193,1.0,False,0.07550000009359792,1000,10,pre_filter,0.01,0.01,0.009988211929798126,correlated,
194,1.0,False,0.07689999983995222,1000,10,pre_filter,0.01,0.01,0.009988211929798126,correlated,
195,1.0,False,0.07539999933214858,1000,10,pre_filter,0.01,0.01,0.009988211929798126,correlated,
196,1.0,False,0.0762999998187297,1000,10,pre_filter,0.01,0.01,0.009988211929798126,correlated,
197,1.0,False,0.0762999998187297,1000,10,pre_filter,0.01,0.01,0.009988211929798126,correlated,
198,1.0,False,0.07410000034724362,1000,10,pre_filter,0.01,0.01,0.009988211929798126,correlated,
199,1.0,False,0.07519999962823931,1000,10,pre_filter,0.01,0.01,0.009988211929798126,correlated,
20,1.0,False,99.28330000002461,12297,10,post_filter,0.01,0.01,0.009988211929798126,correlated,0.0
21,1.0,False,110.6724999999642,17208,10,post_filter,0.01,0.01,0.009988211929798126,correlated,0.0
22,1.0,False,92.33690000019124,15466,10,post_filter,0.01,0.01,0.009988211929798126,correlated,0.0
23,1.0,False,103.08510000049864,16422,10,post_filter,0.01,0.01,0.009988211929798126,correlated,0.0
24,1.0,False,115.26340000000346,18197,10,post_filter,0.01,0.01,0.009988211929798126,correlated,0.0
25,1.0,False,119.3505000001096,19403,10,post_filter,0.01,0.01,0.009988211929798126,correlated,0.0
26,1.0,False,114.91739999928541,18488,10,post_filter,0.01,0.01,0.009988211929798126,correlated,0.0
27,1.0,False,117.34999999953288,18202,10,post_filter,0.01,0.01,0.009988211929798126,correlated,0.0
28,1.0,False,117.40910000025906,18874,10,post_filter,0.01,0.01,0.009988211929798126,correlated,0.0
29,1.0,False,62.380299999858835,12631,10,post_filter,0.01,0.01,0.009988211929798126,correlated,0.0
30,1.0,False,83.9046999999482,17687,10,post_filter,0.01,0.01,0.009988211929798126,correlated,0.0
31,1.0,False,125.6346999998641,21256,10,post_filter,0.01,0.01,0.009988211929798126,correlated,0.0
32,1.0,False,119.70020000080694,19728,10,post_filter,0.01,0.01,0.009988211929798126,correlated,0.0
33,1.0,False,80.48739999958343,18624,10,post_filter,0.01,0.01,0.009988211929798126,correlated,0.0
34,1.0,False,63.19619999976567,20153,10,post_filter,0.01,0.01,0.009988211929798126,correlated,0.0
35,1.0,False,62.36200000057579,20817,10,post_filter,0.01,0.01,0.009988211929798126,correlated,0.0
36,1.0,False,68.01069999983156,21526,10,post_filter,0.01,0.01,0.009988211929798126,correlated,0.0
37,1.0,False,55.59079999966343,17267,10,post_filter,0.01,0.01,0.009988211929798126,correlated,0.0
38,1.0,False,48.81469999963883,20731,10,post_filter,0.01,0.01,0.009988211929798126,correlated,0.0
39,1.0,False,60.120699999970384,11613,10,post_filter,0.01,0.01,0.009988211929798126,correlated,0.0
40,1.0,False,97.0313999996506,22071,10,post_filter,0.01,0.01,0.009988211929798126,correlated,0.0
41,1.0,False,82.64190000045346,12818,10,post_filter,0.01,0.01,0.009988211929798126,correlated,0.0
42,1.0,False,88.03989999978512,18915,10,post_filter,0.01,0.01,0.009988211929798126,correlated,0.0
43,1.0,False,83.42140000058862,21762,10,post_filter,0.01,0.01,0.009988211929798126,correlated,0.0
44,1.0,False,67.51200000053359,15231,10,post_filter,0.01,0.01,0.009988211929798126,correlated,0.0
45,1.0,False,86.35099999992235,17699,10,post_filter,0.01,0.01,0.009988211929798126,correlated,0.0
46,1.0,False,99.54600000037317,13558,10,post_filter,0.01,0.01,0.009988211929798126,correlated,0.0
47,1.0,False,92.13180000006105,22540,10,post_filter,0.01,0.01,0.009988211929798126,correlated,0.0
48,1.0,False,49.37919999974838,20080,10,post_filter,0.01,0.01,0.009988211929798126,correlated,0.0
49,1.0,False,46.4417000002868,17196,10,post_filter,0.01,0.01,0.009988211929798126,correlated,0.0
50,1.0,False,85.84109999992506,20210,10,post_filter,0.01,0.01,0.009988211929798126,correlated,0.0
51,1.0,False,61.01250000028813,13117,10,post_filter,0.01,0.01,0.009988211929798126,correlated,0.0
52,1.0,False,62.453800000184856,18004,10,post_filter,0.01,0.01,0.009988211929798126,correlated,0.0
53,1.0,False,116.82000000018888,19050,10,post_filter,0.01,0.01,0.009988211929798126,correlated,0.0
54,1.0,False,79.41519999985758,11284,10,post_filter,0.01,0.01,0.009988211929798126,correlated,0.0
55,1.0,False,50.06649999995716,12968,10,post_filter,0.01,0.01,0.009988211929798126,correlated,0.0
56,1.0,False,70.08089999999356,15836,10,post_filter,0.01,0.01,0.009988211929798126,correlated,0.0
57,1.0,False,88.86100000017905,18547,10,post_filter,0.01,0.01,0.009988211929798126,correlated,0.0
58,1.0,False,51.67950000031851,22604,10,post_filter,0.01,0.01,0.009988211929798126,correlated,0.0
59,1.0,False,52.52279999967868,11602,10,post_filter,0.01,0.01,0.009988211929798126,correlated,0.0
60,1.0,False,96.13499999977648,20161,10,post_filter,0.01,0.01,0.009988211929798126,correlated,0.0
61,1.0,False,46.097000000372645,16150,10,post_filter,0.01,0.01,0.009988211929798126,correlated,0.0
62,1.0,False,75.93830000041635,11839,10,post_filter,0.01,0.01,0.009988211929798126,correlated,0.0
63,1.0,False,99.59109999999782,12874,10,post_filter,0.01,0.01,0.009988211929798126,correlated,0.0
64,1.0,False,97.87239999968733,14535,10,post_filter,0.01,0.01,0.009988211929798126,correlated,0.0
65,1.0,False,40.20440000022063,12476,10,post_filter,0.01,0.01,0.009988211929798126,correlated,0.0
66,1.0,False,43.205899999520625,15358,10,post_filter,0.01,0.01,0.009988211929798126,correlated,0.0
67,1.0,False,53.25559999982943,13554,10,post_filter,0.01,0.01,0.009988211929798126,correlated,0.0
68,1.0,False,73.63140000052226,12958,10,post_filter,0.01,0.01,0.009988211929798126,correlated,0.0
69,1.0,False,59.65959999957704,20034,10,post_filter,0.01,0.01,0.009988211929798126,correlated,0.0
70,1.0,False,39.82949999954144,11225,10,post_filter,0.01,0.01,0.009988211929798126,correlated,0.0
71,1.0,False,56.3627000001361,14746,10,post_filter,0.01,0.01,0.009988211929798126,correlated,0.0
72,1.0,False,51.6408000003139,23980,10,post_filter,0.01,0.01,0.009988211929798126,correlated,0.0
73,1.0,False,46.105500000521715,17868,10,post_filter,0.01,0.01,0.009988211929798126,correlated,0.0
74,1.0,False,46.46180000054301,18242,10,post_filter,0.01,0.01,0.009988211929798126,correlated,0.0
75,1.0,False,49.73319999953674,21765,10,post_filter,0.01,0.01,0.009988211929798126,correlated,0.0
76,1.0,False,43.225100000199745,14668,10,post_filter,0.01,0.01,0.009988211929798126,correlated,0.0
77,1.0,False,80.84289999987959,18832,10,post_filter,0.01,0.01,0.009988211929798126,correlated,0.0
78,1.0,False,113.89599999984057,18506,10,post_filter,0.01,0.01,0.009988211929798126,correlated,0.0
79,1.0,False,100.6346999993184,11192,10,post_filter,0.01,0.01,0.009988211929798126,correlated,0.0
80,1.0,False,57.963599999311555,14630,10,post_filter,0.01,0.01,0.009988211929798126,correlated,0.0
81,1.0,False,121.63910000072065,21680,10,post_filter,0.01,0.01,0.009988211929798126,correlated,0.0
82,1.0,False,71.5570000002117,20431,10,post_filter,0.01,0.01,0.009988211929798126,correlated,0.0
83,1.0,False,45.87530000026163,17301,10,post_filter,0.01,0.01,0.009988211929798126,correlated,0.0
84,1.0,False,47.66589999962889,19545,10,post_filter,0.01,0.01,0.009988211929798126,correlated,0.0
85,1.0,False,86.61559999927704,19398,10,post_filter,0.01,0.01,0.009988211929798126,correlated,0.0
86,1.0,False,58.28250000013213,14384,10,post_filter,0.01,0.01,0.009988211929798126,correlated,0.0
87,1.0,False,98.82560000005469,14232,10,post_filter,0.01,0.01,0.009988211929798126,correlated,0.0
88,1.0,False,99.46149999996123,12539,10,post_filter,0.01,0.01,0.009988211929798126,correlated,0.0
89,1.0,False,38.7378000004901,11299,10,post_filter,0.01,0.01,0.009988211929798126,correlated,0.0
90,1.0,False,42.9232000005868,13604,10,post_filter,0.01,0.01,0.009988211929798126,correlated,0.0
91,1.0,False,97.25749999961408,16844,10,post_filter,0.01,0.01,0.009988211929798126,correlated,0.0
92,1.0,False,84.54600000004575,22389,10,post_filter,0.01,0.01,0.009988211929798126,correlated,0.0
93,1.0,False,44.88409999976284,14180,10,post_filter,0.01,0.01,0.009988211929798126,correlated,0.0
94,1.0,False,45.785999999679916,13836,10,post_filter,0.01,0.01,0.009988211929798126,correlated,0.0
95,1.0,False,50.41059999985009,18799,10,post_filter,0.01,0.01,0.009988211929798126,correlated,0.0
96,1.0,False,50.35169999973732,20638,10,post_filter,0.01,0.01,0.009988211929798126,correlated,0.0
97,1.0,False,44.224799999938114,16179,10,post_filter,0.01,0.01,0.009988211929798126,correlated,0.0
98,1.0,False,40.69999999956053,11568,10,post_filter,0.01,0.01,0.009988211929798126,correlated,0.0
99,1.0,False,86.38580000024376,18462,10,post_filter,0.01,0.01,0.009988211929798126,correlated,0.0
100,1.0,False,105.61349999989034,17080,10,post_filter,0.01,0.01,0.009988211929798126,correlated,0.0
101,1.0,False,96.16580000056274,15829,10,post_filter,0.01,0.01,0.009988211929798126,correlated,0.0
102,1.0,False,83.14729999983683,19419,10,post_filter,0.01,0.01,0.009988211929798126,correlated,0.0
103,1.0,False,49.13329999999405,17748,10,post_filter,0.01,0.01,0.009988211929798126,correlated,0.0
104,1.0,False,40.49730000042473,12931,10,post_filter,0.01,0.01,0.009988211929798126,correlated,0.0
105,1.0,False,83.80870000019058,15861,10,post_filter,0.01,0.01,0.009988211929798126,correlated,0.0
106,1.0,False,70.94229999984236,12403,10,post_filter,0.01,0.01,0.009988211929798126,correlated,0.0
107,1.0,False,42.03669999969861,13365,10,post_filter,0.01,0.01,0.009988211929798126,correlated,0.0
108,1.0,False,40.039799999249226,12147,10,post_filter,0.01,0.01,0.009988211929798126,correlated,0.0
109,1.0,False,44.07249999985652,15889,10,post_filter,0.01,0.01,0.009988211929798126,correlated,0.0
110,1.0,False,41.204600000128266,13228,10,post_filter,0.01,0.01,0.009988211929798126,correlated,0.0
111,1.0,False,48.41309999937948,20084,10,post_filter,0.01,0.01,0.009988211929798126,correlated,0.0
112,1.0,False,62.54750000061904,13817,10,post_filter,0.01,0.01,0.009988211929798126,correlated,0.0
113,1.0,False,90.6539999996312,17472,10,post_filter,0.01,0.01,0.009988211929798126,correlated,0.0
114,1.0,False,89.31000000029599,16097,10,post_filter,0.01,0.01,0.009988211929798126,correlated,0.0
115,1.0,False,115.45680000017455,18444,10,post_filter,0.01,0.01,0.009988211929798126,correlated,0.0
116,1.0,False,99.77799999978743,11360,10,post_filter,0.01,0.01,0.009988211929798126,correlated,0.0
117,1.0,False,116.13020000004326,24400,10,post_filter,0.01,0.01,0.009988211929798126,correlated,0.0
118,1.0,False,50.40459999963787,19384,10,post_filter,0.01,0.01,0.009988211929798126,correlated,0.0
119,1.0,False,40.53939999994327,12508,10,post_filter,0.01,0.01,0.009988211929798126,correlated,0.0
120,1.0,False,46.00729999947362,16817,10,post_filter,0.01,0.01,0.009988211929798126,correlated,0.0
121,1.0,False,43.85839999940799,15744,10,post_filter,0.01,0.01,0.009988211929798126,correlated,0.0
122,1.0,False,50.92100000001665,23099,10,post_filter,0.01,0.01,0.009988211929798126,correlated,0.0
123,1.0,False,43.60180000003311,15367,10,post_filter,0.01,0.01,0.009988211929798126,correlated,0.0
124,1.0,False,48.360600000705745,18076,10,post_filter,0.01,0.01,0.009988211929798126,correlated,0.0
125,1.0,False,46.89150000012887,17676,10,post_filter,0.01,0.01,0.009988211929798126,correlated,0.0
126,1.0,False,49.45930000030785,18971,10,post_filter,0.01,0.01,0.009988211929798126,correlated,0.0
127,1.0,False,47.709499999655236,17660,10,post_filter,0.01,0.01,0.009988211929798126,correlated,0.0
128,1.0,False,80.61960000031831,17626,10,post_filter,0.01,0.01,0.009988211929798126,correlated,0.0
129,1.0,False,112.36839999946824,17106,10,post_filter,0.01,0.01,0.009988211929798126,correlated,0.0
130,1.0,False,108.3902999998827,22940,10,post_filter,0.01,0.01,0.009988211929798126,correlated,0.0
131,1.0,False,45.376000000032946,16442,10,post_filter,0.01,0.01,0.009988211929798126,correlated,0.0
132,1.0,False,69.15100000060193,20747,10,post_filter,0.01,0.01,0.009988211929798126,correlated,0.0
133,1.0,False,62.31039999966015,20617,10,post_filter,0.01,0.01,0.009988211929798126,correlated,0.0
134,1.0,False,98.69460000027175,13155,10,post_filter,0.01,0.01,0.009988211929798126,correlated,0.0
135,1.0,False,58.27399999998306,18794,10,post_filter,0.01,0.01,0.009988211929798126,correlated,0.0
136,1.0,False,48.95920000035403,20026,10,post_filter,0.01,0.01,0.009988211929798126,correlated,0.0
137,1.0,False,49.700900000061665,22392,10,post_filter,0.01,0.01,0.009988211929798126,correlated,0.0
138,1.0,False,45.80850000002101,17111,10,post_filter,0.01,0.01,0.009988211929798126,correlated,0.0
139,1.0,False,46.8140000002677,18083,10,post_filter,0.01,0.01,0.009988211929798126,correlated,0.0
140,1.0,False,49.79670000011538,20080,10,post_filter,0.01,0.01,0.009988211929798126,correlated,0.0
141,1.0,False,46.317000000271946,16891,10,post_filter,0.01,0.01,0.009988211929798126,correlated,0.0
142,1.0,False,67.7083999999013,19754,10,post_filter,0.01,0.01,0.009988211929798126,correlated,0.0
143,1.0,False,93.86829999948532,14331,10,post_filter,0.01,0.01,0.009988211929798126,correlated,0.0
144,1.0,False,56.417599999804224,18040,10,post_filter,0.01,0.01,0.009988211929798126,correlated,0.0
145,1.0,False,45.70939999939583,15519,10,post_filter,0.01,0.01,0.009988211929798126,correlated,0.0
146,1.0,False,48.45099999965896,19117,10,post_filter,0.01,0.01,0.009988211929798126,correlated,0.0
147,1.0,False,46.489999999721476,17827,10,post_filter,0.01,0.01,0.009988211929798126,correlated,0.0
148,1.0,False,46.58269999981712,17884,10,post_filter,0.01,0.01,0.009988211929798126,correlated,0.0
149,1.0,False,50.14930000015738,23971,10,post_filter,0.01,0.01,0.009988211929798126,correlated,0.0
150,1.0,False,48.24409999946511,20004,10,post_filter,0.01,0.01,0.009988211929798126,correlated,0.0
151,1.0,False,40.556899999501184,11112,10,post_filter,0.01,0.01,0.009988211929798126,correlated,0.0
152,1.0,False,49.99550000047748,19109,10,post_filter,0.01,0.01,0.009988211929798126,correlated,0.0
153,1.0,False,89.89280000059807,16706,10,post_filter,0.01,0.01,0.009988211929798126,correlated,0.0
154,1.0,False,84.09829999982321,21273,10,post_filter,0.01,0.01,0.009988211929798126,correlated,0.0
155,1.0,False,59.244699999908335,17583,10,post_filter,0.01,0.01,0.009988211929798126,correlated,0.0
156,1.0,False,48.01510000015696,19416,10,post_filter,0.01,0.01,0.009988211929798126,correlated,0.0
157,1.0,False,49.173399999745016,21004,10,post_filter,0.01,0.01,0.009988211929798126,correlated,0.0
158,1.0,False,46.79450000003271,18911,10,post_filter,0.01,0.01,0.009988211929798126,correlated,0.0
159,1.0,False,47.89119999986724,18414,10,post_filter,0.01,0.01,0.009988211929798126,correlated,0.0
160,1.0,False,48.2451999996556,18388,10,post_filter,0.01,0.01,0.009988211929798126,correlated,0.0
161,1.0,False,95.60839999994641,18674,10,post_filter,0.01,0.01,0.009988211929798126,correlated,0.0
162,1.0,False,57.913799999369076,21635,10,post_filter,0.01,0.01,0.009988211929798126,correlated,0.0
163,1.0,False,82.03880000019126,18386,10,post_filter,0.01,0.01,0.009988211929798126,correlated,0.0
164,1.0,False,88.36969999993016,17218,10,post_filter,0.01,0.01,0.009988211929798126,correlated,0.0
165,1.0,False,114.88269999972545,16853,10,post_filter,0.01,0.01,0.009988211929798126,correlated,0.0
166,1.0,False,113.34499999975378,17952,10,post_filter,0.01,0.01,0.009988211929798126,correlated,0.0
167,1.0,False,68.15869999991264,20643,10,post_filter,0.01,0.01,0.009988211929798126,correlated,0.0
168,1.0,False,47.285200000260375,17010,10,post_filter,0.01,0.01,0.009988211929798126,correlated,0.0
169,1.0,False,46.68610000044282,17639,10,post_filter,0.01,0.01,0.009988211929798126,correlated,0.0
170,1.0,False,59.99599999995553,17653,10,post_filter,0.01,0.01,0.009988211929798126,correlated,0.0
171,1.0,False,48.85550000017247,18283,10,post_filter,0.01,0.01,0.009988211929798126,correlated,0.0
172,1.0,False,49.84680000052322,20299,10,post_filter,0.01,0.01,0.009988211929798126,correlated,0.0
173,1.0,False,46.715199999198376,18938,10,post_filter,0.01,0.01,0.009988211929798126,correlated,0.0
174,1.0,False,47.79049999979179,17844,10,post_filter,0.01,0.01,0.009988211929798126,correlated,0.0
175,1.0,False,48.506000000088534,18921,10,post_filter,0.01,0.01,0.009988211929798126,correlated,0.0
176,1.0,False,48.49659999945288,20299,10,post_filter,0.01,0.01,0.009988211929798126,correlated,0.0
177,1.0,False,49.2127999996228,18916,10,post_filter,0.01,0.01,0.009988211929798126,correlated,0.0
178,1.0,False,47.0869999999195,17862,10,post_filter,0.01,0.01,0.009988211929798126,correlated,0.0
179,1.0,False,54.76500000077067,17644,10,post_filter,0.01,0.01,0.009988211929798126,correlated,0.0
180,1.0,False,45.41510000035487,15829,10,post_filter,0.01,0.01,0.009988211929798126,correlated,0.0
181,1.0,False,78.3755000002202,19224,10,post_filter,0.01,0.01,0.009988211929798126,correlated,0.0
182,1.0,False,91.2729000001491,17336,10,post_filter,0.01,0.01,0.009988211929798126,correlated,0.0
183,1.0,False,89.82910000031552,17329,10,post_filter,0.01,0.01,0.009988211929798126,correlated,0.0
184,1.0,False,62.10099999952945,17679,10,post_filter,0.01,0.01,0.009988211929798126,correlated,0.0
185,1.0,False,49.43679999996675,11219,10,post_filter,0.01,0.01,0.009988211929798126,correlated,0.0
186,1.0,False,45.988300000317395,17324,10,post_filter,0.01,0.01,0.009988211929798126,correlated,0.0
187,1.0,False,49.5786000001317,19945,10,post_filter,0.01,0.01,0.009988211929798126,correlated,0.0
188,1.0,False,48.7303999998403,18734,10,post_filter,0.01,0.01,0.009988211929798126,correlated,0.0
189,1.0,False,56.00030000005063,22483,10,post_filter,0.01,0.01,0.009988211929798126,correlated,0.0
190,1.0,False,61.77590000061173,19617,10,post_filter,0.01,0.01,0.009988211929798126,correlated,0.0
191,1.0,False,111.11970000001747,19918,10,post_filter,0.01,0.01,0.009988211929798126,correlated,0.0
192,1.0,False,49.64930000005552,20068,10,post_filter,0.01,0.01,0.009988211929798126,correlated,0.0
193,1.0,False,44.21569999976782,15020,10,post_filter,0.01,0.01,0.009988211929798126,correlated,0.0
194,1.0,False,110.34949999975652,21930,10,post_filter,0.01,0.01,0.009988211929798126,correlated,0.0
195,1.0,False,65.2263000001767,21460,10,post_filter,0.01,0.01,0.009988211929798126,correlated,0.0
196,1.0,False,62.97019999965414,21899,10,post_filter,0.01,0.01,0.009988211929798126,correlated,0.0
197,1.0,False,63.56080000023212,18679,10,post_filter,0.01,0.01,0.009988211929798126,correlated,0.0
198,1.0,False,40.85159999976895,13036,10,post_filter,0.01,0.01,0.009988211929798126,correlated,0.0
199,1.0,False,104.49739999967278,22106,10,post_filter,0.01,0.01,0.009988211929798126,correlated,0.0
20,1.0,False,1.1317999997118022,5000,10,pre_filter,0.05,0.05,0.049893256070464846,correlated,
21,1.0,False,1.085899999452522,5000,10,pre_filter,0.05,0.05,0.049893256070464846,correlated,
22,1.0,False,0.9120999993683654,5000,10,pre_filter,0.05,0.05,0.049893256070464846,correlated,
23,1.0,False,1.0434999994686223,5000,10,pre_filter,0.05,0.05,0.049893256070464846,correlated,
24,1.0,False,1.0298000006514485,5000,10,pre_filter,0.05,0.05,0.049893256070464846,correlated,
25,1.0,False,1.0777000006783055,5000,10,pre_filter,0.05,0.05,0.049893256070464846,correlated,
26,1.0,False,1.1092000004282454,5000,10,pre_filter,0.05,0.05,0.049893256070464846,correlated,
27,1.0,False,0.9383999995407066,5000,10,pre_filter,0.05,0.05,0.049893256070464846,correlated,
28,1.0,False,1.0385000005044276,5000,10,pre_filter,0.05,0.05,0.049893256070464846,correlated,
29,1.0,False,1.2069000003975816,5000,10,pre_filter,0.05,0.05,0.049893256070464846,correlated,
30,1.0,False,1.1112000001958222,5000,10,pre_filter,0.05,0.05,0.049893256070464846,correlated,
31,1.0,False,1.0864000005312846,5000,10,pre_filter,0.05,0.05,0.049893256070464846,correlated,
32,1.0,False,1.0427999995954451,5000,10,pre_filter,0.05,0.05,0.049893256070464846,correlated,
33,1.0,False,1.0219000005236012,5000,10,pre_filter,0.05,0.05,0.049893256070464846,correlated,
34,1.0,False,0.8996000005936367,5000,10,pre_filter,0.05,0.05,0.049893256070464846,correlated,
35,1.0,False,1.0356000002502697,5000,10,pre_filter,0.05,0.05,0.049893256070464846,correlated,
36,1.0,False,1.0360999995100428,5000,10,pre_filter,0.05,0.05,0.049893256070464846,correlated,
37,1.0,False,1.097700000173063,5000,10,pre_filter,0.05,0.05,0.049893256070464846,correlated,
38,1.0,False,1.0376000000178465,5000,10,pre_filter,0.05,0.05,0.049893256070464846,correlated,
39,1.0,False,1.059000000168453,5000,10,pre_filter,0.05,0.05,0.049893256070464846,correlated,
40,1.0,False,1.0901000005105743,5000,10,pre_filter,0.05,0.05,0.049893256070464846,correlated,
41,1.0,False,1.0312000003978028,5000,10,pre_filter,0.05,0.05,0.049893256070464846,correlated,
42,1.0,False,1.3946999997642706,5000,10,pre_filter,0.05,0.05,0.049893256070464846,correlated,
43,1.0,False,1.098699999602104,5000,10,pre_filter,0.05,0.05,0.049893256070464846,correlated,
44,1.0,False,1.0140000003957539,5000,10,pre_filter,0.05,0.05,0.049893256070464846,correlated,
45,1.0,False,1.087599999664235,5000,10,pre_filter,0.05,0.05,0.049893256070464846,correlated,
46,1.0,False,0.8727000004000729,5000,10,pre_filter,0.05,0.05,0.049893256070464846,correlated,
47,1.0,False,0.9116000001085922,5000,10,pre_filter,0.05,0.05,0.049893256070464846,correlated,
48,1.0,False,1.078100000086124,5000,10,pre_filter,0.05,0.05,0.049893256070464846,correlated,
49,1.0,False,1.1184000004504924,5000,10,pre_filter,0.05,0.05,0.049893256070464846,correlated,
50,1.0,False,1.1307000004308065,5000,10,pre_filter,0.05,0.05,0.049893256070464846,correlated,
51,1.0,False,1.123399999414687,5000,10,pre_filter,0.05,0.05,0.049893256070464846,correlated,
52,1.0,False,0.9294999999838183,5000,10,pre_filter,0.05,0.05,0.049893256070464846,correlated,
53,1.0,False,1.1861000002681976,5000,10,pre_filter,0.05,0.05,0.049893256070464846,correlated,
54,1.0,False,1.2222000004840083,5000,10,pre_filter,0.05,0.05,0.049893256070464846,correlated,
55,1.0,False,1.1877999995704158,5000,10,pre_filter,0.05,0.05,0.049893256070464846,correlated,
56,1.0,False,1.2120000001232256,5000,10,pre_filter,0.05,0.05,0.049893256070464846,correlated,
57,1.0,False,1.0775000000649015,5000,10,pre_filter,0.05,0.05,0.049893256070464846,correlated,
58,1.0,False,1.1246999993090867,5000,10,pre_filter,0.05,0.05,0.049893256070464846,correlated,
59,1.0,False,1.045900000463007,5000,10,pre_filter,0.05,0.05,0.049893256070464846,correlated,
60,1.0,False,1.0351000000810018,5000,10,pre_filter,0.05,0.05,0.049893256070464846,correlated,
61,1.0,False,1.0437999999339809,5000,10,pre_filter,0.05,0.05,0.049893256070464846,correlated,
62,1.0,False,1.0586999997030944,5000,10,pre_filter,0.05,0.05,0.049893256070464846,correlated,
63,1.0,False,1.0605999996187165,5000,10,pre_filter,0.05,0.05,0.049893256070464846,correlated,
64,1.0,False,1.021200000650424,5000,10,pre_filter,0.05,0.05,0.049893256070464846,correlated,
65,1.0,False,0.9383000005982467,5000,10,pre_filter,0.05,0.05,0.049893256070464846,correlated,
66,1.0,False,1.0761000003185472,5000,10,pre_filter,0.05,0.05,0.049893256070464846,correlated,
67,1.0,False,1.1142000003019348,5000,10,pre_filter,0.05,0.05,0.049893256070464846,correlated,
68,1.0,False,1.081999999769323,5000,10,pre_filter,0.05,0.05,0.049893256070464846,correlated,
69,1.0,False,1.1599999997997656,5000,10,pre_filter,0.05,0.05,0.049893256070464846,correlated,
70,1.0,False,1.0526000005484093,5000,10,pre_filter,0.05,0.05,0.049893256070464846,correlated,
71,1.0,False,1.040399999510555,5000,10,pre_filter,0.05,0.05,0.049893256070464846,correlated,
72,1.0,False,1.0544999995545368,5000,10,pre_filter,0.05,0.05,0.049893256070464846,correlated,
73,1.0,False,0.9817000000111875,5000,10,pre_filter,0.05,0.05,0.049893256070464846,correlated,
74,1.0,False,1.0165000003325986,5000,10,pre_filter,0.05,0.05,0.049893256070464846,correlated,
75,1.0,False,0.9206999993693898,5000,10,pre_filter,0.05,0.05,0.049893256070464846,correlated,
76,1.0,False,1.0594000004857662,5000,10,pre_filter,0.05,0.05,0.049893256070464846,correlated,
77,1.0,False,0.9172999998554587,5000,10,pre_filter,0.05,0.05,0.049893256070464846,correlated,
78,1.0,False,1.0365999996793107,5000,10,pre_filter,0.05,0.05,0.049893256070464846,correlated,
79,1.0,False,1.2374999996609404,5000,10,pre_filter,0.05,0.05,0.049893256070464846,correlated,
80,1.0,False,1.2546999996629893,5000,10,pre_filter,0.05,0.05,0.049893256070464846,correlated,
81,1.0,False,1.056099999914295,5000,10,pre_filter,0.05,0.05,0.049893256070464846,correlated,
82,1.0,False,1.0514999994484242,5000,10,pre_filter,0.05,0.05,0.049893256070464846,correlated,
83,1.0,False,1.0770999997475883,5000,10,pre_filter,0.05,0.05,0.049893256070464846,correlated,
84,1.0,False,0.8951999998316751,5000,10,pre_filter,0.05,0.05,0.049893256070464846,correlated,
85,1.0,False,0.9047000003192807,5000,10,pre_filter,0.05,0.05,0.049893256070464846,correlated,
86,1.0,False,1.3151000002835644,5000,10,pre_filter,0.05,0.05,0.049893256070464846,correlated,
87,1.0,False,1.9843000000037136,5000,10,pre_filter,0.05,0.05,0.049893256070464846,correlated,
88,1.0,False,1.6216999993048375,5000,10,pre_filter,0.05,0.05,0.049893256070464846,correlated,
89,1.0,False,1.3189999999667634,5000,10,pre_filter,0.05,0.05,0.049893256070464846,correlated,
90,1.0,False,1.3153999998394283,5000,10,pre_filter,0.05,0.05,0.049893256070464846,correlated,
91,1.0,False,1.4871000003040535,5000,10,pre_filter,0.05,0.05,0.049893256070464846,correlated,
92,1.0,False,1.2570999997478793,5000,10,pre_filter,0.05,0.05,0.049893256070464846,correlated,
93,1.0,False,1.131600000007893,5000,10,pre_filter,0.05,0.05,0.049893256070464846,correlated,
94,1.0,False,1.0644999993019155,5000,10,pre_filter,0.05,0.05,0.049893256070464846,correlated,
95,1.0,False,1.131099999838625,5000,10,pre_filter,0.05,0.05,0.049893256070464846,correlated,
96,1.0,False,1.02950000018609,5000,10,pre_filter,0.05,0.05,0.049893256070464846,correlated,
97,1.0,False,1.150999999481428,5000,10,pre_filter,0.05,0.05,0.049893256070464846,correlated,
98,1.0,False,1.0507000006327871,5000,10,pre_filter,0.05,0.05,0.049893256070464846,correlated,
99,1.0,False,1.2033000002702465,5000,10,pre_filter,0.05,0.05,0.049893256070464846,correlated,
100,1.0,False,1.1162000000695116,5000,10,pre_filter,0.05,0.05,0.049893256070464846,correlated,
101,1.0,False,1.0093000000779284,5000,10,pre_filter,0.05,0.05,0.049893256070464846,correlated,
102,1.0,False,1.1055000004489557,5000,10,pre_filter,0.05,0.05,0.049893256070464846,correlated,
103,1.0,False,0.9554999996908009,5000,10,pre_filter,0.05,0.05,0.049893256070464846,correlated,
104,1.0,False,1.0010999994847225,5000,10,pre_filter,0.05,0.05,0.049893256070464846,correlated,
105,1.0,False,0.9753000003911438,5000,10,pre_filter,0.05,0.05,0.049893256070464846,correlated,
106,1.0,False,0.9982000001400593,5000,10,pre_filter,0.05,0.05,0.049893256070464846,correlated,
107,1.0,False,1.2126999999964028,5000,10,pre_filter,0.05,0.05,0.049893256070464846,correlated,
108,1.0,False,1.3593999992735917,5000,10,pre_filter,0.05,0.05,0.049893256070464846,correlated,
109,1.0,False,1.0168999997404171,5000,10,pre_filter,0.05,0.05,0.049893256070464846,correlated,
110,1.0,False,1.1191000003236695,5000,10,pre_filter,0.05,0.05,0.049893256070464846,correlated,
111,1.0,False,1.053900000442809,5000,10,pre_filter,0.05,0.05,0.049893256070464846,correlated,
112,1.0,False,1.1681999994834769,5000,10,pre_filter,0.05,0.05,0.049893256070464846,correlated,
113,1.0,False,1.0935000000245054,5000,10,pre_filter,0.05,0.05,0.049893256070464846,correlated,
114,1.0,False,1.2035999998261104,5000,10,pre_filter,0.05,0.05,0.049893256070464846,correlated,
115,1.0,False,1.0572000001047854,5000,10,pre_filter,0.05,0.05,0.049893256070464846,correlated,
116,1.0,False,0.9410000002390007,5000,10,pre_filter,0.05,0.05,0.049893256070464846,correlated,
117,1.0,False,1.0549000007813447,5000,10,pre_filter,0.05,0.05,0.049893256070464846,correlated,
118,1.0,False,1.0527999993428239,5000,10,pre_filter,0.05,0.05,0.049893256070464846,correlated,
119,1.0,False,0.8981999999377877,5000,10,pre_filter,0.05,0.05,0.049893256070464846,correlated,
120,1.0,False,1.1260999999649357,5000,10,pre_filter,0.05,0.05,0.049893256070464846,correlated,
121,1.0,False,1.095099999474769,5000,10,pre_filter,0.05,0.05,0.049893256070464846,correlated,
122,1.0,False,1.1758000000554603,5000,10,pre_filter,0.05,0.05,0.049893256070464846,correlated,
123,1.0,False,1.1957000006077578,5000,10,pre_filter,0.05,0.05,0.049893256070464846,correlated,
124,1.0,False,1.3192999995226273,5000,10,pre_filter,0.05,0.05,0.049893256070464846,correlated,
125,1.0,False,0.9545000002617599,5000,10,pre_filter,0.05,0.05,0.049893256070464846,correlated,
126,1.0,False,1.0775000000649015,5000,10,pre_filter,0.05,0.05,0.049893256070464846,correlated,
127,1.0,False,1.0843000000022585,5000,10,pre_filter,0.05,0.05,0.049893256070464846,correlated,
128,1.0,False,0.9806000007301918,5000,10,pre_filter,0.05,0.05,0.049893256070464846,correlated,
129,1.0,False,1.0503999992579338,5000,10,pre_filter,0.05,0.05,0.049893256070464846,correlated,
130,1.0,False,1.0440000005473848,5000,10,pre_filter,0.05,0.05,0.049893256070464846,correlated,
131,1.0,False,1.2073999996573548,5000,10,pre_filter,0.05,0.05,0.049893256070464846,correlated,
132,1.0,False,1.258600000255683,5000,10,pre_filter,0.05,0.05,0.049893256070464846,correlated,
133,1.0,False,1.170000000456639,5000,10,pre_filter,0.05,0.05,0.049893256070464846,correlated,
134,1.0,False,1.0240999999950873,5000,10,pre_filter,0.05,0.05,0.049893256070464846,correlated,
135,1.0,False,1.302900000155205,5000,10,pre_filter,0.05,0.05,0.049893256070464846,correlated,
136,1.0,False,1.1691999998220126,5000,10,pre_filter,0.05,0.05,0.049893256070464846,correlated,
137,1.0,False,0.9725999998408952,5000,10,pre_filter,0.05,0.05,0.049893256070464846,correlated,
138,1.0,False,1.1172000004080473,5000,10,pre_filter,0.05,0.05,0.049893256070464846,correlated,
139,1.0,False,1.0651000002326327,5000,10,pre_filter,0.05,0.05,0.049893256070464846,correlated,
140,1.0,False,1.008700000056706,5000,10,pre_filter,0.05,0.05,0.049893256070464846,correlated,
141,1.0,False,1.0032999998657033,5000,10,pre_filter,0.05,0.05,0.049893256070464846,correlated,
142,1.0,False,0.9116000001085922,5000,10,pre_filter,0.05,0.05,0.049893256070464846,correlated,
143,1.0,False,1.0851999995793449,5000,10,pre_filter,0.05,0.05,0.049893256070464846,correlated,
144,1.0,False,0.9151000003839727,5000,10,pre_filter,0.05,0.05,0.049893256070464846,correlated,
145,1.0,False,1.0312999993402627,5000,10,pre_filter,0.05,0.05,0.049893256070464846,correlated,
146,1.0,False,1.1583999994400074,5000,10,pre_filter,0.05,0.05,0.049893256070464846,correlated,
147,1.0,False,1.2364999993224046,5000,10,pre_filter,0.05,0.05,0.049893256070464846,correlated,
148,1.0,False,1.1844999999084393,5000,10,pre_filter,0.05,0.05,0.049893256070464846,correlated,
149,1.0,False,1.0595000003377208,5000,10,pre_filter,0.05,0.05,0.049893256070464846,correlated,
150,1.0,False,1.1985000001004664,5000,10,pre_filter,0.05,0.05,0.049893256070464846,correlated,
151,1.0,False,1.1946000004172674,5000,10,pre_filter,0.05,0.05,0.049893256070464846,correlated,
152,1.0,False,1.292200000534649,5000,10,pre_filter,0.05,0.05,0.049893256070464846,correlated,
153,1.0,False,1.2254000002940302,5000,10,pre_filter,0.05,0.05,0.049893256070464846,correlated,
154,1.0,False,1.013500000226486,5000,10,pre_filter,0.05,0.05,0.049893256070464846,correlated,
155,1.0,False,0.8793999995759805,5000,10,pre_filter,0.05,0.05,0.049893256070464846,correlated,
156,1.0,False,1.0327999998480664,5000,10,pre_filter,0.05,0.05,0.049893256070464846,correlated,
157,1.0,False,1.22060000012425,5000,10,pre_filter,0.05,0.05,0.049893256070464846,correlated,
158,1.0,False,1.3693999999304651,5000,10,pre_filter,0.05,0.05,0.049893256070464846,correlated,
159,1.0,False,1.0789000007207505,5000,10,pre_filter,0.05,0.05,0.049893256070464846,correlated,
160,1.0,False,1.057800000126008,5000,10,pre_filter,0.05,0.05,0.049893256070464846,correlated,
161,1.0,False,1.1130000002594898,5000,10,pre_filter,0.05,0.05,0.049893256070464846,correlated,
162,1.0,False,1.0350000002290471,5000,10,pre_filter,0.05,0.05,0.049893256070464846,correlated,
163,1.0,False,1.0732000000643893,5000,10,pre_filter,0.05,0.05,0.049893256070464846,correlated,
164,1.0,False,1.162300000032701,5000,10,pre_filter,0.05,0.05,0.049893256070464846,correlated,
165,1.0,False,1.460399999814399,5000,10,pre_filter,0.05,0.05,0.049893256070464846,correlated,
166,1.0,False,1.1549000000741216,5000,10,pre_filter,0.05,0.05,0.049893256070464846,correlated,
167,1.0,False,1.0922999999820604,5000,10,pre_filter,0.05,0.05,0.049893256070464846,correlated,
168,1.0,False,1.0294000003341353,5000,10,pre_filter,0.05,0.05,0.049893256070464846,correlated,
169,1.0,False,1.1434999996708939,5000,10,pre_filter,0.05,0.05,0.049893256070464846,correlated,
170,1.0,False,1.1770000000979053,5000,10,pre_filter,0.05,0.05,0.049893256070464846,correlated,
171,1.0,False,0.9560000007695635,5000,10,pre_filter,0.05,0.05,0.049893256070464846,correlated,
172,1.0,False,1.0621000001265202,5000,10,pre_filter,0.05,0.05,0.049893256070464846,correlated,
173,1.0,False,1.231000000188942,5000,10,pre_filter,0.05,0.05,0.049893256070464846,correlated,
174,1.0,False,1.1518000001160544,5000,10,pre_filter,0.05,0.05,0.049893256070464846,correlated,
175,1.0,False,1.232799999343115,5000,10,pre_filter,0.05,0.05,0.049893256070464846,correlated,
176,1.0,False,1.103000000512111,5000,10,pre_filter,0.05,0.05,0.049893256070464846,correlated,
177,1.0,False,1.1155000001963344,5000,10,pre_filter,0.05,0.05,0.049893256070464846,correlated,
178,1.0,False,1.0126000006493996,5000,10,pre_filter,0.05,0.05,0.049893256070464846,correlated,
179,1.0,False,1.2991000003239606,5000,10,pre_filter,0.05,0.05,0.049893256070464846,correlated,
180,1.0,False,1.6042999995988794,5000,10,pre_filter,0.05,0.05,0.049893256070464846,correlated,
181,1.0,False,1.4301000001069042,5000,10,pre_filter,0.05,0.05,0.049893256070464846,correlated,
182,1.0,False,1.0663999992175377,5000,10,pre_filter,0.05,0.05,0.049893256070464846,correlated,
183,1.0,False,1.103099999454571,5000,10,pre_filter,0.05,0.05,0.049893256070464846,correlated,
184,1.0,False,1.2451000002329238,5000,10,pre_filter,0.05,0.05,0.049893256070464846,correlated,
185,1.0,False,0.9529999997539562,5000,10,pre_filter,0.05,0.05,0.049893256070464846,correlated,
186,1.0,False,1.0369000001446693,5000,10,pre_filter,0.05,0.05,0.049893256070464846,correlated,
187,1.0,False,1.0690999997677864,5000,10,pre_filter,0.05,0.05,0.049893256070464846,correlated,
188,1.0,False,1.1813000000984175,5000,10,pre_filter,0.05,0.05,0.049893256070464846,correlated,
189,1.0,False,1.123600000028091,5000,10,pre_filter,0.05,0.05,0.049893256070464846,correlated,
190,1.0,False,1.0848000001715263,5000,10,pre_filter,0.05,0.05,0.049893256070464846,correlated,
191,1.0,False,1.0673999995560735,5000,10,pre_filter,0.05,0.05,0.049893256070464846,correlated,
192,1.0,False,1.0787999999593012,5000,10,pre_filter,0.05,0.05,0.049893256070464846,correlated,
193,1.0,False,1.2202000007164315,5000,10,pre_filter,0.05,0.05,0.049893256070464846,correlated,
194,1.0,False,1.0729000005085254,5000,10,pre_filter,0.05,0.05,0.049893256070464846,correlated,
195,1.0,False,1.135200000135228,5000,10,pre_filter,0.05,0.05,0.049893256070464846,correlated,
196,1.0,False,1.046200000018871,5000,10,pre_filter,0.05,0.05,0.049893256070464846,correlated,
197,1.0,False,1.0517999999137828,5000,10,pre_filter,0.05,0.05,0.049893256070464846,correlated,
198,1.0,False,1.067000000148255,5000,10,pre_filter,0.05,0.05,0.049893256070464846,correlated,
199,1.0,False,0.9316999994553044,5000,10,pre_filter,0.05,0.05,0.049893256070464846,correlated,
20,1.0,False,9.39139999991312,4133,10,post_filter,0.05,0.05,0.049893256070464846,correlated,0.0
21,1.0,False,10.534500000176195,6260,10,post_filter,0.05,0.05,0.049893256070464846,correlated,0.0
22,1.0,False,9.909899999911431,5100,10,post_filter,0.05,0.05,0.049893256070464846,correlated,0.0
23,1.0,False,10.525200000301993,6221,10,post_filter,0.05,0.05,0.049893256070464846,correlated,0.0
24,1.0,False,10.943600000246079,6918,10,post_filter,0.05,0.05,0.049893256070464846,correlated,0.0
25,1.0,False,10.906999999861,7044,10,post_filter,0.05,0.05,0.049893256070464846,correlated,0.0
26,1.0,False,19.254199999522825,7219,10,post_filter,0.05,0.05,0.049893256070464846,correlated,0.0
27,1.0,False,10.860800000045856,6759,10,post_filter,0.05,0.05,0.049893256070464846,correlated,0.0
28,1.0,False,10.891700000684068,7057,10,post_filter,0.05,0.05,0.049893256070464846,correlated,0.0
29,1.0,False,8.275000000139698,3165,10,post_filter,0.05,0.05,0.049893256070464846,correlated,0.0
30,1.0,False,10.60819999929663,6307,10,post_filter,0.05,0.05,0.049893256070464846,correlated,0.0
31,1.0,False,11.506499999995867,7883,10,post_filter,0.05,0.05,0.049893256070464846,correlated,0.0
32,1.0,False,11.162400000102934,6846,10,post_filter,0.05,0.05,0.049893256070464846,correlated,0.0
33,1.0,False,10.903099999268306,6637,10,post_filter,0.05,0.05,0.049893256070464846,correlated,0.0
34,1.0,False,11.204899999938789,7554,10,post_filter,0.05,0.05,0.049893256070464846,correlated,0.0
35,1.0,False,11.530799999491137,8111,10,post_filter,0.05,0.05,0.049893256070464846,correlated,0.0
36,1.0,False,11.744399999770394,8843,10,post_filter,0.05,0.05,0.049893256070464846,correlated,0.0
37,1.0,False,10.328500000468921,5662,10,post_filter,0.05,0.05,0.049893256070464846,correlated,0.0
38,1.0,False,13.843899999301357,7165,10,post_filter,0.05,0.05,0.049893256070464846,correlated,0.0
39,1.0,False,9.53879999997298,4443,10,post_filter,0.05,0.05,0.049893256070464846,correlated,0.0
40,1.0,False,11.184699999830627,7779,10,post_filter,0.05,0.05,0.049893256070464846,correlated,0.0
41,1.0,False,12.142799999310228,3724,10,post_filter,0.05,0.05,0.049893256070464846,correlated,0.0
42,1.0,False,14.540099999976519,6926,10,post_filter,0.05,0.05,0.049893256070464846,correlated,0.0
43,1.0,False,12.599900000168418,8141,10,post_filter,0.05,0.05,0.049893256070464846,correlated,0.0
44,1.0,False,18.777700000100594,5275,10,post_filter,0.05,0.05,0.049893256070464846,correlated,0.0
45,1.0,False,26.143200000660727,6423,10,post_filter,0.05,0.05,0.049893256070464846,correlated,0.0
46,1.0,False,24.053799999819603,5198,10,post_filter,0.05,0.05,0.049893256070464846,correlated,0.0
47,1.0,False,27.847299999848474,8688,10,post_filter,0.05,0.05,0.049893256070464846,correlated,0.0
48,1.0,False,26.512600000387465,7159,10,post_filter,0.05,0.05,0.049893256070464846,correlated,0.0
49,1.0,False,24.854299999788054,5514,10,post_filter,0.05,0.05,0.049893256070464846,correlated,0.0
50,1.0,False,26.437999999870954,6904,10,post_filter,0.05,0.05,0.049893256070464846,correlated,0.0
51,1.0,False,24.19559999998455,5106,10,post_filter,0.05,0.05,0.049893256070464846,correlated,0.0
52,1.0,False,26.339000000007218,6739,10,post_filter,0.05,0.05,0.049893256070464846,correlated,0.0
53,1.0,False,24.325499999577005,7005,10,post_filter,0.05,0.05,0.049893256070464846,correlated,0.0
54,1.0,False,8.425600000009581,2849,10,post_filter,0.05,0.05,0.049893256070464846,correlated,0.0
55,1.0,False,9.274099999856844,4008,10,post_filter,0.05,0.05,0.049893256070464846,correlated,0.0
56,1.0,False,10.35649999994348,5833,10,post_filter,0.05,0.05,0.049893256070464846,correlated,0.0
57,1.0,False,10.979800000313844,7238,10,post_filter,0.05,0.05,0.049893256070464846,correlated,0.0
58,1.0,False,11.723600000550505,8275,10,post_filter,0.05,0.05,0.049893256070464846,correlated,0.0
59,1.0,False,8.393299999625015,2966,10,post_filter,0.05,0.05,0.049893256070464846,correlated,0.0
60,1.0,False,11.109500000202388,7464,10,post_filter,0.05,0.05,0.049893256070464846,correlated,0.0
61,1.0,False,14.826999999968393,5198,10,post_filter,0.05,0.05,0.049893256070464846,correlated,0.0
62,1.0,False,13.608999999632942,3272,10,post_filter,0.05,0.05,0.049893256070464846,correlated,0.0
63,1.0,False,24.269700000331795,4369,10,post_filter,0.05,0.05,0.049893256070464846,correlated,0.0
64,1.0,False,24.763999999777297,4905,10,post_filter,0.05,0.05,0.049893256070464846,correlated,0.0
65,1.0,False,22.53220000056899,4004,10,post_filter,0.05,0.05,0.049893256070464846,correlated,0.0
66,1.0,False,23.78919999955542,4743,10,post_filter,0.05,0.05,0.049893256070464846,correlated,0.0
67,1.0,False,22.191600000041944,4376,10,post_filter,0.05,0.05,0.049893256070464846,correlated,0.0
68,1.0,False,9.263599999940197,4221,10,post_filter,0.05,0.05,0.049893256070464846,correlated,0.0
69,1.0,False,10.736799999904179,7019,10,post_filter,0.05,0.05,0.049893256070464846,correlated,0.0
70,1.0,False,7.987299999513198,2889,10,post_filter,0.05,0.05,0.049893256070464846,correlated,0.0
71,1.0,False,9.786600000552426,5151,10,post_filter,0.05,0.05,0.049893256070464846,correlated,0.0
72,1.0,False,11.866899999404268,9316,10,post_filter,0.05,0.05,0.049893256070464846,correlated,0.0
73,1.0,False,10.280099999363301,6152,10,post_filter,0.05,0.05,0.049893256070464846,correlated,0.0
74,1.0,False,23.939400000017486,6633,10,post_filter,0.05,0.05,0.049893256070464846,correlated,0.0
75,1.0,False,26.93360000012035,7643,10,post_filter,0.05,0.05,0.049893256070464846,correlated,0.0
76,1.0,False,24.99919999991107,5581,10,post_filter,0.05,0.05,0.049893256070464846,correlated,0.0
77,1.0,False,23.070799999914016,6508,10,post_filter,0.05,0.05,0.049893256070464846,correlated,0.0
78,1.0,False,12.3622000000978,6983,10,post_filter,0.05,0.05,0.049893256070464846,correlated,0.0
79,1.0,False,8.474799999930838,3124,10,post_filter,0.05,0.05,0.049893256070464846,correlated,0.0
80,1.0,False,10.317100000065693,5819,10,post_filter,0.05,0.05,0.049893256070464846,correlated,0.0
81,1.0,False,11.359000000084052,8129,10,post_filter,0.05,0.05,0.049893256070464846,correlated,0.0
82,1.0,False,11.164600000483915,7765,10,post_filter,0.05,0.05,0.049893256070464846,correlated,0.0
83,1.0,False,10.392199999841978,6182,10,post_filter,0.05,0.05,0.049893256070464846,correlated,0.0
84,1.0,False,10.967999999593303,7468,10,post_filter,0.05,0.05,0.049893256070464846,correlated,0.0
85,1.0,False,9.874299999864888,5219,10,post_filter,0.05,0.05,0.049893256070464846,correlated,0.0
86,1.0,False,9.228199999597564,4338,10,post_filter,0.05,0.05,0.049893256070464846,correlated,0.0
87,1.0,False,9.258000000045286,3802,10,post_filter,0.05,0.05,0.049893256070464846,correlated,0.0
88,1.0,False,9.540799999740557,4425,10,post_filter,0.05,0.05,0.049893256070464846,correlated,0.0
89,1.0,False,8.951300000262563,3701,10,post_filter,0.05,0.05,0.049893256070464846,correlated,0.0
90,1.0,False,9.250500000234751,4417,10,post_filter,0.05,0.05,0.049893256070464846,correlated,0.0
91,1.0,False,12.85230000030424,5722,10,post_filter,0.05,0.05,0.049893256070464846,correlated,0.0
92,1.0,False,27.249400000073365,7831,10,post_filter,0.05,0.05,0.049893256070464846,correlated,0.0
93,1.0,False,19.147500000144646,5055,10,post_filter,0.05,0.05,0.049893256070464846,correlated,0.0
94,1.0,False,8.638799999971525,3730,10,post_filter,0.05,0.05,0.049893256070464846,correlated,0.0
95,1.0,False,10.631600000124308,6824,10,post_filter,0.05,0.05,0.049893256070464846,correlated,0.0
96,1.0,False,12.335399999756191,7655,10,post_filter,0.05,0.05,0.049893256070464846,correlated,0.0
97,1.0,False,10.30559999981051,5941,10,post_filter,0.05,0.05,0.049893256070464846,correlated,0.0
98,1.0,False,8.772399999543268,2867,10,post_filter,0.05,0.05,0.049893256070464846,correlated,0.0
99,1.0,False,10.88510000045062,6711,10,post_filter,0.05,0.05,0.049893256070464846,correlated,0.0
100,1.0,False,10.415400000056252,5871,10,post_filter,0.05,0.05,0.049893256070464846,correlated,0.0
101,1.0,False,10.113100000125996,5165,10,post_filter,0.05,0.05,0.049893256070464846,correlated,0.0
102,1.0,False,12.57900000018708,7474,10,post_filter,0.05,0.05,0.049893256070464846,correlated,0.0
103,1.0,False,15.454800000043178,6805,10,post_filter,0.05,0.05,0.049893256070464846,correlated,0.0
104,1.0,False,23.780100000294624,4268,10,post_filter,0.05,0.05,0.049893256070464846,correlated,0.0
105,1.0,False,25.109899999733898,5248,10,post_filter,0.05,0.05,0.049893256070464846,correlated,0.0
106,1.0,False,12.693499999841151,3516,10,post_filter,0.05,0.05,0.049893256070464846,correlated,0.0
107,1.0,False,9.055500000613392,3520,10,post_filter,0.05,0.05,0.049893256070464846,correlated,0.0
108,1.0,False,8.2711000004565,2934,10,post_filter,0.05,0.05,0.049893256070464846,correlated,0.0
109,1.0,False,10.280999999849882,5936,10,post_filter,0.05,0.05,0.049893256070464846,correlated,0.0
110,1.0,False,8.545900000171969,3729,10,post_filter,0.05,0.05,0.049893256070464846,correlated,0.0
111,1.0,False,10.906299999987823,7997,10,post_filter,0.05,0.05,0.049893256070464846,correlated,0.0
112,1.0,False,9.445199999390752,4060,10,post_filter,0.05,0.05,0.049893256070464846,correlated,0.0
113,1.0,False,10.770699999739008,6925,10,post_filter,0.05,0.05,0.049893256070464846,correlated,0.0
114,1.0,False,9.867599999779486,5077,10,post_filter,0.05,0.05,0.049893256070464846,correlated,0.0
115,1.0,False,11.104299999715295,7368,10,post_filter,0.05,0.05,0.049893256070464846,correlated,0.0
116,1.0,False,7.960799999636947,2707,10,post_filter,0.05,0.05,0.049893256070464846,correlated,0.0
117,1.0,False,11.93299999977171,9615,10,post_filter,0.05,0.05,0.049893256070464846,correlated,0.0
118,1.0,False,11.099899999862828,7380,10,post_filter,0.05,0.05,0.049893256070464846,correlated,0.0
119,1.0,False,8.43070000064472,3274,10,post_filter,0.05,0.05,0.049893256070464846,correlated,0.0
120,1.0,False,12.465499999962049,6260,10,post_filter,0.05,0.05,0.049893256070464846,correlated,0.0
121,1.0,False,24.352299999918614,5503,10,post_filter,0.05,0.05,0.049893256070464846,correlated,0.0
122,1.0,False,27.580099999795493,8054,10,post_filter,0.05,0.05,0.049893256070464846,correlated,0.0
123,1.0,False,24.777999999969325,5375,10,post_filter,0.05,0.05,0.049893256070464846,correlated,0.0
124,1.0,False,25.060299999495328,5960,10,post_filter,0.05,0.05,0.049893256070464846,correlated,0.0
125,1.0,False,26.40109999993001,6639,10,post_filter,0.05,0.05,0.049893256070464846,correlated,0.0
126,1.0,False,26.311599999644386,7560,10,post_filter,0.05,0.05,0.049893256070464846,correlated,0.0
127,1.0,False,10.674800000742835,6892,10,post_filter,0.05,0.05,0.049893256070464846,correlated,0.0
128,1.0,False,10.437899999487854,6239,10,post_filter,0.05,0.05,0.049893256070464846,correlated,0.0
129,1.0,False,10.358999999880325,5779,10,post_filter,0.05,0.05,0.049893256070464846,correlated,0.0
130,1.0,False,11.455699999714852,8457,10,post_filter,0.05,0.05,0.049893256070464846,correlated,0.0
131,1.0,False,20.254300000488,6213,10,post_filter,0.05,0.05,0.049893256070464846,correlated,0.0
132,1.0,False,27.423300000009476,8379,10,post_filter,0.05,0.05,0.049893256070464846,correlated,0.0
133,1.0,False,27.46949999982462,7979,10,post_filter,0.05,0.05,0.049893256070464846,correlated,0.0
134,1.0,False,19.35979999962001,3598,10,post_filter,0.05,0.05,0.049893256070464846,correlated,0.0
135,1.0,False,26.32999999968888,6829,10,post_filter,0.05,0.05,0.049893256070464846,correlated,0.0
136,1.0,False,26.61149999948975,7884,10,post_filter,0.05,0.05,0.049893256070464846,correlated,0.0
137,1.0,False,27.85149999999703,8071,10,post_filter,0.05,0.05,0.049893256070464846,correlated,0.0
138,1.0,False,25.68969999992987,6314,10,post_filter,0.05,0.05,0.049893256070464846,correlated,0.0
139,1.0,False,26.801899999554735,6710,10,post_filter,0.05,0.05,0.049893256070464846,correlated,0.0
140,1.0,False,27.31599999970058,7876,10,post_filter,0.05,0.05,0.049893256070464846,correlated,0.0
141,1.0,False,25.51989999938087,5613,10,post_filter,0.05,0.05,0.049893256070464846,correlated,0.0
142,1.0,False,27.035000000068976,7778,10,post_filter,0.05,0.05,0.049893256070464846,correlated,0.0
143,1.0,False,23.687900000368245,4755,10,post_filter,0.05,0.05,0.049893256070464846,correlated,0.0
144,1.0,False,25.555100000019593,6384,10,post_filter,0.05,0.05,0.049893256070464846,correlated,0.0
145,1.0,False,24.155699999937497,5003,10,post_filter,0.05,0.05,0.049893256070464846,correlated,0.0
146,1.0,False,26.631699999597913,7121,10,post_filter,0.05,0.05,0.049893256070464846,correlated,0.0
147,1.0,False,26.30219999991823,6998,10,post_filter,0.05,0.05,0.049893256070464846,correlated,0.0
148,1.0,False,26.18920000077196,6809,10,post_filter,0.05,0.05,0.049893256070464846,correlated,0.0
149,1.0,False,15.369200000350247,8025,10,post_filter,0.05,0.05,0.049893256070464846,correlated,0.0
150,1.0,False,10.833700000148383,7286,10,post_filter,0.05,0.05,0.049893256070464846,correlated,0.0
151,1.0,False,8.06879999981902,2853,10,post_filter,0.05,0.05,0.049893256070464846,correlated,0.0
152,1.0,False,10.713799999393814,7040,10,post_filter,0.05,0.05,0.049893256070464846,correlated,0.0
153,1.0,False,10.854099999960454,6404,10,post_filter,0.05,0.05,0.049893256070464846,correlated,0.0
154,1.0,False,11.145599999508704,7252,10,post_filter,0.05,0.05,0.049893256070464846,correlated,0.0
155,1.0,False,11.370000000169966,6609,10,post_filter,0.05,0.05,0.049893256070464846,correlated,0.0
156,1.0,False,11.23730000017531,7490,10,post_filter,0.05,0.05,0.049893256070464846,correlated,0.0
157,1.0,False,11.599200000091514,8529,10,post_filter,0.05,0.05,0.049893256070464846,correlated,0.0
158,1.0,False,11.046800000258372,7560,10,post_filter,0.05,0.05,0.049893256070464846,correlated,0.0
159,1.0,False,10.871500000575907,7191,10,post_filter,0.05,0.05,0.049893256070464846,correlated,0.0
160,1.0,False,10.658700000021781,7284,10,post_filter,0.05,0.05,0.049893256070464846,correlated,0.0
161,1.0,False,11.131499999464722,7358,10,post_filter,0.05,0.05,0.049893256070464846,correlated,0.0
162,1.0,False,20.126299999901676,8396,10,post_filter,0.05,0.05,0.049893256070464846,correlated,0.0
163,1.0,False,11.206799999854411,7234,10,post_filter,0.05,0.05,0.049893256070464846,correlated,0.0
164,1.0,False,13.259500000458502,6522,10,post_filter,0.05,0.05,0.049893256070464846,correlated,0.0
165,1.0,False,17.817799999647832,5996,10,post_filter,0.05,0.05,0.049893256070464846,correlated,0.0
166,1.0,False,10.77270000041608,6721,10,post_filter,0.05,0.05,0.049893256070464846,correlated,0.0
167,1.0,False,11.38619999983348,7731,10,post_filter,0.05,0.05,0.049893256070464846,correlated,0.0
168,1.0,False,10.61299999946641,6439,10,post_filter,0.05,0.05,0.049893256070464846,correlated,0.0
169,1.0,False,10.627800000293064,6346,10,post_filter,0.05,0.05,0.049893256070464846,correlated,0.0
170,1.0,False,10.896899999352172,6851,10,post_filter,0.05,0.05,0.049893256070464846,correlated,0.0
171,1.0,False,11.314800000036485,7133,10,post_filter,0.05,0.05,0.049893256070464846,correlated,0.0
172,1.0,False,11.682199999995646,7831,10,post_filter,0.05,0.05,0.049893256070464846,correlated,0.0
173,1.0,False,11.222799999814015,6742,10,post_filter,0.05,0.05,0.049893256070464846,correlated,0.0
174,1.0,False,21.17790000011155,6581,10,post_filter,0.05,0.05,0.049893256070464846,correlated,0.0
175,1.0,False,26.75900000031106,7321,10,post_filter,0.05,0.05,0.049893256070464846,correlated,0.0
176,1.0,False,23.384299999634095,8109,10,post_filter,0.05,0.05,0.049893256070464846,correlated,0.0
177,1.0,False,11.333299999932933,7283,10,post_filter,0.05,0.05,0.049893256070464846,correlated,0.0
178,1.0,False,21.72470000004978,6643,10,post_filter,0.05,0.05,0.049893256070464846,correlated,0.0
179,1.0,False,25.646099999903527,6452,10,post_filter,0.05,0.05,0.049893256070464846,correlated,0.0
180,1.0,False,21.19330000004993,5476,10,post_filter,0.05,0.05,0.049893256070464846,correlated,0.0
181,1.0,False,11.008099999344267,7232,10,post_filter,0.05,0.05,0.049893256070464846,correlated,0.0
182,1.0,False,10.61180000033346,6447,10,post_filter,0.05,0.05,0.049893256070464846,correlated,0.0
183,1.0,False,10.593099999823608,6436,10,post_filter,0.05,0.05,0.049893256070464846,correlated,0.0
184,1.0,False,11.193899999852874,7086,10,post_filter,0.05,0.05,0.049893256070464846,correlated,0.0
185,1.0,False,8.08000000051834,2780,10,post_filter,0.05,0.05,0.049893256070464846,correlated,0.0
186,1.0,False,10.41110000005574,5657,10,post_filter,0.05,0.05,0.049893256070464846,correlated,0.0
187,1.0,False,11.475700000119105,7928,10,post_filter,0.05,0.05,0.049893256070464846,correlated,0.0
188,1.0,False,10.896500000853848,6380,10,post_filter,0.05,0.05,0.049893256070464846,correlated,0.0
189,1.0,False,11.266299999988405,7739,10,post_filter,0.05,0.05,0.049893256070464846,correlated,0.0
190,1.0,False,10.451600000124017,6275,10,post_filter,0.05,0.05,0.049893256070464846,correlated,0.0
191,1.0,False,27.45709999999235,8163,10,post_filter,0.05,0.05,0.049893256070464846,correlated,0.0
192,1.0,False,28.033700000378303,8155,10,post_filter,0.05,0.05,0.049893256070464846,correlated,0.0
193,1.0,False,26.1529999997947,5857,10,post_filter,0.05,0.05,0.049893256070464846,correlated,0.0
194,1.0,False,28.197399999953632,7907,10,post_filter,0.05,0.05,0.049893256070464846,correlated,0.0
195,1.0,False,27.626799999779905,8384,10,post_filter,0.05,0.05,0.049893256070464846,correlated,0.0
196,1.0,False,27.670600000419654,8422,10,post_filter,0.05,0.05,0.049893256070464846,correlated,0.0
197,1.0,False,23.339600000326755,7260,10,post_filter,0.05,0.05,0.049893256070464846,correlated,0.0
198,1.0,False,8.579700000154844,3543,10,post_filter,0.05,0.05,0.049893256070464846,correlated,0.0
199,1.0,False,11.944700000640296,8980,10,post_filter,0.05,0.05,0.049893256070464846,correlated,0.0
20,1.0,False,2.4984000001495588,10000,10,pre_filter,0.1,0.1,0.09997364455521107,correlated,
21,1.0,False,2.073999999993248,10000,10,pre_filter,0.1,0.1,0.09997364455521107,correlated,
22,1.0,False,1.9809999994322425,10000,10,pre_filter,0.1,0.1,0.09997364455521107,correlated,
23,1.0,False,1.9649999994726386,10000,10,pre_filter,0.1,0.1,0.09997364455521107,correlated,
24,1.0,False,1.811999999517866,10000,10,pre_filter,0.1,0.1,0.09997364455521107,correlated,
25,1.0,False,1.8889000002673129,10000,10,pre_filter,0.1,0.1,0.09997364455521107,correlated,
26,1.0,False,2.1581000000878703,10000,10,pre_filter,0.1,0.1,0.09997364455521107,correlated,
27,1.0,False,2.528899999560963,10000,10,pre_filter,0.1,0.1,0.09997364455521107,correlated,
28,1.0,False,2.509699999791337,10000,10,pre_filter,0.1,0.1,0.09997364455521107,correlated,
29,1.0,False,2.407599999969534,10000,10,pre_filter,0.1,0.1,0.09997364455521107,correlated,
30,1.0,False,2.501299999494222,10000,10,pre_filter,0.1,0.1,0.09997364455521107,correlated,
31,1.0,False,2.6238000000375905,10000,10,pre_filter,0.1,0.1,0.09997364455521107,correlated,
32,1.0,False,2.1582999997917796,10000,10,pre_filter,0.1,0.1,0.09997364455521107,correlated,
33,1.0,False,2.4488999997629435,10000,10,pre_filter,0.1,0.1,0.09997364455521107,correlated,
34,1.0,False,1.9667000005938462,10000,10,pre_filter,0.1,0.1,0.09997364455521107,correlated,
35,1.0,False,2.1873999994568294,10000,10,pre_filter,0.1,0.1,0.09997364455521107,correlated,
36,1.0,False,2.28160000006028,10000,10,pre_filter,0.1,0.1,0.09997364455521107,correlated,
37,1.0,False,2.427499999612337,10000,10,pre_filter,0.1,0.1,0.09997364455521107,correlated,
38,1.0,False,2.044699999714794,10000,10,pre_filter,0.1,0.1,0.09997364455521107,correlated,
39,1.0,False,2.5645999994594604,10000,10,pre_filter,0.1,0.1,0.09997364455521107,correlated,
40,1.0,False,2.1316000002116198,10000,10,pre_filter,0.1,0.1,0.09997364455521107,correlated,
41,1.0,False,2.590299999610579,10000,10,pre_filter,0.1,0.1,0.09997364455521107,correlated,
42,1.0,False,2.6072999999087187,10000,10,pre_filter,0.1,0.1,0.09997364455521107,correlated,
43,1.0,False,1.9530999998096377,10000,10,pre_filter,0.1,0.1,0.09997364455521107,correlated,
44,1.0,False,2.6001000005635433,10000,10,pre_filter,0.1,0.1,0.09997364455521107,correlated,
45,1.0,False,2.574500000264379,10000,10,pre_filter,0.1,0.1,0.09997364455521107,correlated,
46,1.0,False,2.450199999657343,10000,10,pre_filter,0.1,0.1,0.09997364455521107,correlated,
47,1.0,False,2.455299999382987,10000,10,pre_filter,0.1,0.1,0.09997364455521107,correlated,
48,1.0,False,2.1542000004046713,10000,10,pre_filter,0.1,0.1,0.09997364455521107,correlated,
49,1.0,False,2.442199999677541,10000,10,pre_filter,0.1,0.1,0.09997364455521107,correlated,
50,1.0,False,2.169800000046962,10000,10,pre_filter,0.1,0.1,0.09997364455521107,correlated,
51,1.0,False,2.5373999997100327,10000,10,pre_filter,0.1,0.1,0.09997364455521107,correlated,
52,1.0,False,1.981299999897601,10000,10,pre_filter,0.1,0.1,0.09997364455521107,correlated,
53,1.0,False,2.023199999712233,10000,10,pre_filter,0.1,0.1,0.09997364455521107,correlated,
54,1.0,False,1.955400000042573,10000,10,pre_filter,0.1,0.1,0.09997364455521107,correlated,
55,1.0,False,2.2073999998610816,10000,10,pre_filter,0.1,0.1,0.09997364455521107,correlated,
56,1.0,False,2.4519999997210107,10000,10,pre_filter,0.1,0.1,0.09997364455521107,correlated,
57,1.0,False,2.0455000003494206,10000,10,pre_filter,0.1,0.1,0.09997364455521107,correlated,
58,1.0,False,2.0595000005414477,10000,10,pre_filter,0.1,0.1,0.09997364455521107,correlated,
59,1.0,False,2.0296000002417713,10000,10,pre_filter,0.1,0.1,0.09997364455521107,correlated,
60,1.0,False,1.8685000004552421,10000,10,pre_filter,0.1,0.1,0.09997364455521107,correlated,
61,1.0,False,1.9216000000596978,10000,10,pre_filter,0.1,0.1,0.09997364455521107,correlated,
62,1.0,False,2.1138000001883483,10000,10,pre_filter,0.1,0.1,0.09997364455521107,correlated,
63,1.0,False,2.483100000063132,10000,10,pre_filter,0.1,0.1,0.09997364455521107,correlated,
64,1.0,False,2.3620000001756125,10000,10,pre_filter,0.1,0.1,0.09997364455521107,correlated,
65,1.0,False,2.004300000407966,10000,10,pre_filter,0.1,0.1,0.09997364455521107,correlated,
66,1.0,False,2.6291000003766385,10000,10,pre_filter,0.1,0.1,0.09997364455521107,correlated,
67,1.0,False,2.7213000003030174,10000,10,pre_filter,0.1,0.1,0.09997364455521107,correlated,
68,1.0,False,2.136399999471905,10000,10,pre_filter,0.1,0.1,0.09997364455521107,correlated,
69,1.0,False,2.1919000000707456,10000,10,pre_filter,0.1,0.1,0.09997364455521107,correlated,
70,1.0,False,2.5996999993367353,10000,10,pre_filter,0.1,0.1,0.09997364455521107,correlated,
71,1.0,False,1.9222000000809203,10000,10,pre_filter,0.1,0.1,0.09997364455521107,correlated,
72,1.0,False,2.1009999991292716,10000,10,pre_filter,0.1,0.1,0.09997364455521107,correlated,
73,1.0,False,2.4955999997473555,10000,10,pre_filter,0.1,0.1,0.09997364455521107,correlated,
74,1.0,False,1.8534999999246793,10000,10,pre_filter,0.1,0.1,0.09997364455521107,correlated,
75,1.0,False,2.139299999726063,10000,10,pre_filter,0.1,0.1,0.09997364455521107,correlated,
76,1.0,False,2.456299999721523,10000,10,pre_filter,0.1,0.1,0.09997364455521107,correlated,
77,1.0,False,2.151100000446604,10000,10,pre_filter,0.1,0.1,0.09997364455521107,correlated,
78,1.0,False,2.06499999967491,10000,10,pre_filter,0.1,0.1,0.09997364455521107,correlated,
79,1.0,False,2.4495000006936607,10000,10,pre_filter,0.1,0.1,0.09997364455521107,correlated,
80,1.0,False,2.039199999671837,10000,10,pre_filter,0.1,0.1,0.09997364455521107,correlated,
81,1.0,False,1.9279999996797414,10000,10,pre_filter,0.1,0.1,0.09997364455521107,correlated,
82,1.0,False,2.1974999999656575,10000,10,pre_filter,0.1,0.1,0.09997364455521107,correlated,
83,1.0,False,2.2347000003719586,10000,10,pre_filter,0.1,0.1,0.09997364455521107,correlated,
84,1.0,False,1.92349999997532,10000,10,pre_filter,0.1,0.1,0.09997364455521107,correlated,
85,1.0,False,1.955400000042573,10000,10,pre_filter,0.1,0.1,0.09997364455521107,correlated,
86,1.0,False,1.865199999883771,10000,10,pre_filter,0.1,0.1,0.09997364455521107,correlated,
87,1.0,False,2.331900000172027,10000,10,pre_filter,0.1,0.1,0.09997364455521107,correlated,
88,1.0,False,2.103999999235384,10000,10,pre_filter,0.1,0.1,0.09997364455521107,correlated,
89,1.0,False,2.421600000161561,10000,10,pre_filter,0.1,0.1,0.09997364455521107,correlated,
90,1.0,False,2.2252999997363077,10000,10,pre_filter,0.1,0.1,0.09997364455521107,correlated,
91,1.0,False,2.360600000429258,10000,10,pre_filter,0.1,0.1,0.09997364455521107,correlated,
92,1.0,False,2.223000000412867,10000,10,pre_filter,0.1,0.1,0.09997364455521107,correlated,
93,1.0,False,2.474899999469926,10000,10,pre_filter,0.1,0.1,0.09997364455521107,correlated,
94,1.0,False,2.033599999776925,10000,10,pre_filter,0.1,0.1,0.09997364455521107,correlated,
95,1.0,False,2.068900000267604,10000,10,pre_filter,0.1,0.1,0.09997364455521107,correlated,
96,1.0,False,2.009600000747014,10000,10,pre_filter,0.1,0.1,0.09997364455521107,correlated,
97,1.0,False,1.9325000002936576,10000,10,pre_filter,0.1,0.1,0.09997364455521107,correlated,
98,1.0,False,1.7445000003135647,10000,10,pre_filter,0.1,0.1,0.09997364455521107,correlated,
99,1.0,False,1.8614999999044812,10000,10,pre_filter,0.1,0.1,0.09997364455521107,correlated,
100,1.0,False,2.0140000005994807,10000,10,pre_filter,0.1,0.1,0.09997364455521107,correlated,
101,1.0,False,2.4855999999999767,10000,10,pre_filter,0.1,0.1,0.09997364455521107,correlated,
102,1.0,False,2.090699999826029,10000,10,pre_filter,0.1,0.1,0.09997364455521107,correlated,
103,1.0,False,2.0883000006506336,10000,10,pre_filter,0.1,0.1,0.09997364455521107,correlated,
104,1.0,False,1.9921000002796063,10000,10,pre_filter,0.1,0.1,0.09997364455521107,correlated,
105,1.0,False,1.9214000003557885,10000,10,pre_filter,0.1,0.1,0.09997364455521107,correlated,
106,1.0,False,1.9306000003780355,10000,10,pre_filter,0.1,0.1,0.09997364455521107,correlated,
107,1.0,False,2.1202999996603467,10000,10,pre_filter,0.1,0.1,0.09997364455521107,correlated,
108,1.0,False,2.5175999999191845,10000,10,pre_filter,0.1,0.1,0.09997364455521107,correlated,
109,1.0,False,2.113100000315171,10000,10,pre_filter,0.1,0.1,0.09997364455521107,correlated,
110,1.0,False,1.9562999996196595,10000,10,pre_filter,0.1,0.1,0.09997364455521107,correlated,
111,1.0,False,1.9990999999208725,10000,10,pre_filter,0.1,0.1,0.09997364455521107,correlated,
112,1.0,False,2.077399999507179,10000,10,pre_filter,0.1,0.1,0.09997364455521107,correlated,
113,1.0,False,2.294199999596458,10000,10,pre_filter,0.1,0.1,0.09997364455521107,correlated,
114,1.0,False,2.020299999458075,10000,10,pre_filter,0.1,0.1,0.09997364455521107,correlated,
115,1.0,False,1.9653999997899518,10000,10,pre_filter,0.1,0.1,0.09997364455521107,correlated,
116,1.0,False,1.6869000000951928,10000,10,pre_filter,0.1,0.1,0.09997364455521107,correlated,
117,1.0,False,1.8974000004163827,10000,10,pre_filter,0.1,0.1,0.09997364455521107,correlated,
118,1.0,False,1.9857999996020226,10000,10,pre_filter,0.1,0.1,0.09997364455521107,correlated,
119,1.0,False,2.008699999350938,10000,10,pre_filter,0.1,0.1,0.09997364455521107,correlated,
120,1.0,False,2.047199999651639,10000,10,pre_filter,0.1,0.1,0.09997364455521107,correlated,
121,1.0,False,1.995599999645492,10000,10,pre_filter,0.1,0.1,0.09997364455521107,correlated,
122,1.0,False,1.98279999949591,10000,10,pre_filter,0.1,0.1,0.09997364455521107,correlated,
123,1.0,False,1.947900000232039,10000,10,pre_filter,0.1,0.1,0.09997364455521107,correlated,
124,1.0,False,1.9812000000456464,10000,10,pre_filter,0.1,0.1,0.09997364455521107,correlated,
125,1.0,False,2.0020000001750304,10000,10,pre_filter,0.1,0.1,0.09997364455521107,correlated,
126,1.0,False,1.981299999897601,10000,10,pre_filter,0.1,0.1,0.09997364455521107,correlated,
127,1.0,False,1.965599999493861,10000,10,pre_filter,0.1,0.1,0.09997364455521107,correlated,
128,1.0,False,1.8468000007487717,10000,10,pre_filter,0.1,0.1,0.09997364455521107,correlated,
129,1.0,False,2.0133000007263036,10000,10,pre_filter,0.1,0.1,0.09997364455521107,correlated,
130,1.0,False,2.6286000002073706,10000,10,pre_filter,0.1,0.1,0.09997364455521107,correlated,
131,1.0,False,2.3002000007181778,10000,10,pre_filter,0.1,0.1,0.09997364455521107,correlated,
132,1.0,False,2.570900000137044,10000,10,pre_filter,0.1,0.1,0.09997364455521107,correlated,
133,1.0,False,2.0532999997158186,10000,10,pre_filter,0.1,0.1,0.09997364455521107,correlated,
134,1.0,False,2.0469999999477295,10000,10,pre_filter,0.1,0.1,0.09997364455521107,correlated,
135,1.0,False,1.9635999997262843,10000,10,pre_filter,0.1,0.1,0.09997364455521107,correlated,
136,1.0,False,2.0920999995723832,10000,10,pre_filter,0.1,0.1,0.09997364455521107,correlated,
137,1.0,False,2.0736000005854294,10000,10,pre_filter,0.1,0.1,0.09997364455521107,correlated,
138,1.0,False,2.013199999964854,10000,10,pre_filter,0.1,0.1,0.09997364455521107,correlated,
139,1.0,False,1.8292999993718695,10000,10,pre_filter,0.1,0.1,0.09997364455521107,correlated,
140,1.0,False,1.9194999995306716,10000,10,pre_filter,0.1,0.1,0.09997364455521107,correlated,
141,1.0,False,2.0341999997981475,10000,10,pre_filter,0.1,0.1,0.09997364455521107,correlated,
142,1.0,False,2.00330000006943,10000,10,pre_filter,0.1,0.1,0.09997364455521107,correlated,
143,1.0,False,2.0377999999254826,10000,10,pre_filter,0.1,0.1,0.09997364455521107,correlated,
144,1.0,False,2.2152000001369743,10000,10,pre_filter,0.1,0.1,0.09997364455521107,correlated,
145,1.0,False,2.899000000070373,10000,10,pre_filter,0.1,0.1,0.09997364455521107,correlated,
146,1.0,False,2.3492000000260305,10000,10,pre_filter,0.1,0.1,0.09997364455521107,correlated,
147,1.0,False,2.5751000002856017,10000,10,pre_filter,0.1,0.1,0.09997364455521107,correlated,
148,1.0,False,2.1778999998787185,10000,10,pre_filter,0.1,0.1,0.09997364455521107,correlated,
149,1.0,False,2.17990000055579,10000,10,pre_filter,0.1,0.1,0.09997364455521107,correlated,
150,1.0,False,2.3196000001917128,10000,10,pre_filter,0.1,0.1,0.09997364455521107,correlated,
151,1.0,False,2.8652999999394524,10000,10,pre_filter,0.1,0.1,0.09997364455521107,correlated,
152,1.0,False,2.2192999995240825,10000,10,pre_filter,0.1,0.1,0.09997364455521107,correlated,
153,1.0,False,2.1517999994102865,10000,10,pre_filter,0.1,0.1,0.09997364455521107,correlated,
154,1.0,False,2.1426000002975343,10000,10,pre_filter,0.1,0.1,0.09997364455521107,correlated,
155,1.0,False,2.1708000003854977,10000,10,pre_filter,0.1,0.1,0.09997364455521107,correlated,
156,1.0,False,2.5968999998440268,10000,10,pre_filter,0.1,0.1,0.09997364455521107,correlated,
157,1.0,False,2.7307000000291737,10000,10,pre_filter,0.1,0.1,0.09997364455521107,correlated,
158,1.0,False,2.8327999998509767,10000,10,pre_filter,0.1,0.1,0.09997364455521107,correlated,
159,1.0,False,2.0464999997784616,10000,10,pre_filter,0.1,0.1,0.09997364455521107,correlated,
160,1.0,False,2.0967999998902087,10000,10,pre_filter,0.1,0.1,0.09997364455521107,correlated,
161,1.0,False,2.4377999998250743,10000,10,pre_filter,0.1,0.1,0.09997364455521107,correlated,
162,1.0,False,1.9681999992826604,10000,10,pre_filter,0.1,0.1,0.09997364455521107,correlated,
163,1.0,False,1.9453000004432397,10000,10,pre_filter,0.1,0.1,0.09997364455521107,correlated,
164,1.0,False,1.889899999696354,10000,10,pre_filter,0.1,0.1,0.09997364455521107,correlated,
165,1.0,False,2.0441999995455262,10000,10,pre_filter,0.1,0.1,0.09997364455521107,correlated,
166,1.0,False,1.9775999999183114,10000,10,pre_filter,0.1,0.1,0.09997364455521107,correlated,
167,1.0,False,1.9249999995736289,10000,10,pre_filter,0.1,0.1,0.09997364455521107,correlated,
168,1.0,False,2.007400000366033,10000,10,pre_filter,0.1,0.1,0.09997364455521107,correlated,
169,1.0,False,2.043099999355036,10000,10,pre_filter,0.1,0.1,0.09997364455521107,correlated,
170,1.0,False,2.100400000017544,10000,10,pre_filter,0.1,0.1,0.09997364455521107,correlated,
171,1.0,False,2.455799999552255,10000,10,pre_filter,0.1,0.1,0.09997364455521107,correlated,
172,1.0,False,2.3215999999592896,10000,10,pre_filter,0.1,0.1,0.09997364455521107,correlated,
173,1.0,False,2.7965999997832114,10000,10,pre_filter,0.1,0.1,0.09997364455521107,correlated,
174,1.0,False,2.6540999997450854,10000,10,pre_filter,0.1,0.1,0.09997364455521107,correlated,
175,1.0,False,2.0022999997308943,10000,10,pre_filter,0.1,0.1,0.09997364455521107,correlated,
176,1.0,False,2.2197999996933504,10000,10,pre_filter,0.1,0.1,0.09997364455521107,correlated,
177,1.0,False,2.144600000065111,10000,10,pre_filter,0.1,0.1,0.09997364455521107,correlated,
178,1.0,False,2.054399999906309,10000,10,pre_filter,0.1,0.1,0.09997364455521107,correlated,
179,1.0,False,2.116000000569329,10000,10,pre_filter,0.1,0.1,0.09997364455521107,correlated,
180,1.0,False,2.3682999999437016,10000,10,pre_filter,0.1,0.1,0.09997364455521107,correlated,
181,1.0,False,2.0555000000967993,10000,10,pre_filter,0.1,0.1,0.09997364455521107,correlated,
182,1.0,False,2.341399999750138,10000,10,pre_filter,0.1,0.1,0.09997364455521107,correlated,
183,1.0,False,1.9182000005457667,10000,10,pre_filter,0.1,0.1,0.09997364455521107,correlated,
184,1.0,False,1.9597000000430853,10000,10,pre_filter,0.1,0.1,0.09997364455521107,correlated,
185,1.0,False,1.8425999996907194,10000,10,pre_filter,0.1,0.1,0.09997364455521107,correlated,
186,1.0,False,1.9959000001108507,10000,10,pre_filter,0.1,0.1,0.09997364455521107,correlated,
187,1.0,False,2.224200000455312,10000,10,pre_filter,0.1,0.1,0.09997364455521107,correlated,
188,1.0,False,2.400699999270728,10000,10,pre_filter,0.1,0.1,0.09997364455521107,correlated,
189,1.0,False,1.8915000000561122,10000,10,pre_filter,0.1,0.1,0.09997364455521107,correlated,
190,1.0,False,1.9332000001668348,10000,10,pre_filter,0.1,0.1,0.09997364455521107,correlated,
191,1.0,False,1.9153000002916087,10000,10,pre_filter,0.1,0.1,0.09997364455521107,correlated,
192,1.0,False,1.9130000000586733,10000,10,pre_filter,0.1,0.1,0.09997364455521107,correlated,
193,1.0,False,1.9097000003966969,10000,10,pre_filter,0.1,0.1,0.09997364455521107,correlated,
194,1.0,False,2.0140000005994807,10000,10,pre_filter,0.1,0.1,0.09997364455521107,correlated,
195,1.0,False,2.1299999998518615,10000,10,pre_filter,0.1,0.1,0.09997364455521107,correlated,
196,1.0,False,2.385300000241841,10000,10,pre_filter,0.1,0.1,0.09997364455521107,correlated,
197,1.0,False,2.10010000046168,10000,10,pre_filter,0.1,0.1,0.09997364455521107,correlated,
198,1.0,False,2.2316000004138914,10000,10,pre_filter,0.1,0.1,0.09997364455521107,correlated,
199,1.0,False,2.4019000002226676,10000,10,pre_filter,0.1,0.1,0.09997364455521107,correlated,
20,1.0,False,5.073000000265893,2682,10,post_filter,0.1,0.1,0.09997364455521107,correlated,0.0
21,1.0,False,5.583000000115135,3924,10,post_filter,0.1,0.1,0.09997364455521107,correlated,0.0
22,1.0,False,5.270999999993364,3250,10,post_filter,0.1,0.1,0.09997364455521107,correlated,0.0
23,1.0,False,5.585500000051979,3885,10,post_filter,0.1,0.1,0.09997364455521107,correlated,0.0
24,1.0,False,5.690399999366491,4378,10,post_filter,0.1,0.1,0.09997364455521107,correlated,0.0
25,1.0,False,5.659999999807042,4155,10,post_filter,0.1,0.1,0.09997364455521107,correlated,0.0
26,1.0,False,5.81889999921259,4538,10,post_filter,0.1,0.1,0.09997364455521107,correlated,0.0
27,1.0,False,5.667399999765621,4281,10,post_filter,0.1,0.1,0.09997364455521107,correlated,0.0
28,1.0,False,5.74750000032509,4350,10,post_filter,0.1,0.1,0.09997364455521107,correlated,0.0
29,1.0,False,4.322599999795784,1776,10,post_filter,0.1,0.1,0.09997364455521107,correlated,0.0
30,1.0,False,5.623399999421963,4012,10,post_filter,0.1,0.1,0.09997364455521107,correlated,0.0
31,1.0,False,5.8770000005097245,4745,10,post_filter,0.1,0.1,0.09997364455521107,correlated,0.0
32,1.0,False,5.610500000329921,4091,10,post_filter,0.1,0.1,0.09997364455521107,correlated,0.0
33,1.0,False,5.5763000000297325,4066,10,post_filter,0.1,0.1,0.09997364455521107,correlated,0.0
34,1.0,False,5.809400000543974,4669,10,post_filter,0.1,0.1,0.09997364455521107,correlated,0.0
35,1.0,False,6.01249999999709,5018,10,post_filter,0.1,0.1,0.09997364455521107,correlated,0.0
36,1.0,False,6.162100000437931,5511,10,post_filter,0.1,0.1,0.09997364455521107,correlated,0.0
37,1.0,False,5.3907000001345295,3513,10,post_filter,0.1,0.1,0.09997364455521107,correlated,0.0
38,1.0,False,5.545199999687611,4257,10,post_filter,0.1,0.1,0.09997364455521107,correlated,0.0
39,1.0,False,5.168199999388889,2977,10,post_filter,0.1,0.1,0.09997364455521107,correlated,0.0
40,1.0,False,5.895799999962037,4617,10,post_filter,0.1,0.1,0.09997364455521107,correlated,0.0
41,1.0,False,4.494200000408455,2280,10,post_filter,0.1,0.1,0.09997364455521107,correlated,0.0
42,1.0,False,5.768199999693024,4240,10,post_filter,0.1,0.1,0.09997364455521107,correlated,0.0
43,1.0,False,6.06320000042615,4988,10,post_filter,0.1,0.1,0.09997364455521107,correlated,0.0
44,1.0,False,5.21389999994426,3217,10,post_filter,0.1,0.1,0.09997364455521107,correlated,0.0
45,1.0,False,5.577900000389491,3977,10,post_filter,0.1,0.1,0.09997364455521107,correlated,0.0
46,1.0,False,5.3999000001567765,3471,10,post_filter,0.1,0.1,0.09997364455521107,correlated,0.0
47,1.0,False,6.158700000014505,5231,10,post_filter,0.1,0.1,0.09997364455521107,correlated,0.0
48,1.0,False,5.883800000447081,4357,10,post_filter,0.1,0.1,0.09997364455521107,correlated,0.0
49,1.0,False,5.227799999374838,3195,10,post_filter,0.1,0.1,0.09997364455521107,correlated,0.0
50,1.0,False,5.729099999371101,4263,10,post_filter,0.1,0.1,0.09997364455521107,correlated,0.0
51,1.0,False,5.151999999725376,3185,10,post_filter,0.1,0.1,0.09997364455521107,correlated,0.0
52,1.0,False,5.76809999984107,4245,10,post_filter,0.1,0.1,0.09997364455521107,correlated,0.0
53,1.0,False,5.715199999940523,4302,10,post_filter,0.1,0.1,0.09997364455521107,correlated,0.0
54,1.0,False,4.331299999648763,1651,10,post_filter,0.1,0.1,0.09997364455521107,correlated,0.0
55,1.0,False,4.77590000082273,2582,10,post_filter,0.1,0.1,0.09997364455521107,correlated,0.0
56,1.0,False,5.548499999349588,3783,10,post_filter,0.1,0.1,0.09997364455521107,correlated,0.0
57,1.0,False,5.938700000115205,4563,10,post_filter,0.1,0.1,0.09997364455521107,correlated,0.0
58,1.0,False,5.876100000023143,4981,10,post_filter,0.1,0.1,0.09997364455521107,correlated,0.0
59,1.0,False,4.557399999612244,1862,10,post_filter,0.1,0.1,0.09997364455521107,correlated,0.0
60,1.0,False,5.8148000007349765,4683,10,post_filter,0.1,0.1,0.09997364455521107,correlated,0.0
61,1.0,False,5.159000000276137,3135,10,post_filter,0.1,0.1,0.09997364455521107,correlated,0.0
62,1.0,False,4.60190000012517,1977,10,post_filter,0.1,0.1,0.09997364455521107,correlated,0.0
63,1.0,False,5.029199999626144,2728,10,post_filter,0.1,0.1,0.09997364455521107,correlated,0.0
64,1.0,False,8.363599999938742,3012,10,post_filter,0.1,0.1,0.09997364455521107,correlated,0.0
65,1.0,False,11.124800000288815,2681,10,post_filter,0.1,0.1,0.09997364455521107,correlated,0.0
66,1.0,False,4.966000000422355,2876,10,post_filter,0.1,0.1,0.09997364455521107,correlated,0.0
67,1.0,False,4.920700000184297,2622,10,post_filter,0.1,0.1,0.09997364455521107,correlated,0.0
68,1.0,False,5.191499999455118,2633,10,post_filter,0.1,0.1,0.09997364455521107,correlated,0.0
69,1.0,False,13.630100000227685,4218,10,post_filter,0.1,0.1,0.09997364455521107,correlated,0.0
70,1.0,False,10.774300000775838,1625,10,post_filter,0.1,0.1,0.09997364455521107,correlated,0.0
71,1.0,False,13.057699999990291,3098,10,post_filter,0.1,0.1,0.09997364455521107,correlated,0.0
72,1.0,False,14.904599999681523,5568,10,post_filter,0.1,0.1,0.09997364455521107,correlated,0.0
73,1.0,False,13.516600000002654,3826,10,post_filter,0.1,0.1,0.09997364455521107,correlated,0.0
74,1.0,False,13.872599999558588,4120,10,post_filter,0.1,0.1,0.09997364455521107,correlated,0.0
75,1.0,False,13.960900000711263,4663,10,post_filter,0.1,0.1,0.09997364455521107,correlated,0.0
76,1.0,False,13.178399999560497,3551,10,post_filter,0.1,0.1,0.09997364455521107,correlated,0.0
77,1.0,False,13.78870000007737,4049,10,post_filter,0.1,0.1,0.09997364455521107,correlated,0.0
78,1.0,False,14.007800000399584,4324,10,post_filter,0.1,0.1,0.09997364455521107,correlated,0.0
79,1.0,False,9.649800000261166,2097,10,post_filter,0.1,0.1,0.09997364455521107,correlated,0.0
80,1.0,False,5.833399999573885,3778,10,post_filter,0.1,0.1,0.09997364455521107,correlated,0.0
81,1.0,False,6.0347999997247825,5005,10,post_filter,0.1,0.1,0.09997364455521107,correlated,0.0
82,1.0,False,6.022399999892514,4894,10,post_filter,0.1,0.1,0.09997364455521107,correlated,0.0
83,1.0,False,5.680999999640335,3854,10,post_filter,0.1,0.1,0.09997364455521107,correlated,0.0
84,1.0,False,6.141400000160502,4697,10,post_filter,0.1,0.1,0.09997364455521107,correlated,0.0
85,1.0,False,4.9736000000848435,2971,10,post_filter,0.1,0.1,0.09997364455521107,correlated,0.0
86,1.0,False,4.963899999893329,2686,10,post_filter,0.1,0.1,0.09997364455521107,correlated,0.0
87,1.0,False,4.768000000694883,2203,10,post_filter,0.1,0.1,0.09997364455521107,correlated,0.0
88,1.0,False,5.971599999611499,2567,10,post_filter,0.1,0.1,0.09997364455521107,correlated,0.0
89,1.0,False,5.396800000198709,2337,10,post_filter,0.1,0.1,0.09997364455521107,correlated,0.0
90,1.0,False,5.576200000177778,2816,10,post_filter,0.1,0.1,0.09997364455521107,correlated,0.0
91,1.0,False,9.672399999544723,3419,10,post_filter,0.1,0.1,0.09997364455521107,correlated,0.0
92,1.0,False,6.074599999919883,4593,10,post_filter,0.1,0.1,0.09997364455521107,correlated,0.0
93,1.0,False,5.587999999988824,3249,10,post_filter,0.1,0.1,0.09997364455521107,correlated,0.0
94,1.0,False,4.57040000037523,2141,10,post_filter,0.1,0.1,0.09997364455521107,correlated,0.0
95,1.0,False,5.93140000000858,4210,10,post_filter,0.1,0.1,0.09997364455521107,correlated,0.0
96,1.0,False,6.142500000350992,4744,10,post_filter,0.1,0.1,0.09997364455521107,correlated,0.0
97,1.0,False,5.685500000254251,3775,10,post_filter,0.1,0.1,0.09997364455521107,correlated,0.0
98,1.0,False,4.231400000207941,1802,10,post_filter,0.1,0.1,0.09997364455521107,correlated,0.0
99,1.0,False,5.7084000000031665,4141,10,post_filter,0.1,0.1,0.09997364455521107,correlated,0.0
100,1.0,False,5.850399999872025,3374,10,post_filter,0.1,0.1,0.09997364455521107,correlated,0.0
101,1.0,False,8.942700000261539,3102,10,post_filter,0.1,0.1,0.09997364455521107,correlated,0.0
102,1.0,False,8.705299999746785,4671,10,post_filter,0.1,0.1,0.09997364455521107,correlated,0.0
103,1.0,False,5.8496999999988475,4379,10,post_filter,0.1,0.1,0.09997364455521107,correlated,0.0
104,1.0,False,5.121999999573745,2730,10,post_filter,0.1,0.1,0.09997364455521107,correlated,0.0
105,1.0,False,5.411900000581227,3320,10,post_filter,0.1,0.1,0.09997364455521107,correlated,0.0
106,1.0,False,4.694100000051549,2297,10,post_filter,0.1,0.1,0.09997364455521107,correlated,0.0
107,1.0,False,4.548400000203401,2067,10,post_filter,0.1,0.1,0.09997364455521107,correlated,0.0
108,1.0,False,4.128399999899557,1463,10,post_filter,0.1,0.1,0.09997364455521107,correlated,0.0
109,1.0,False,5.451300000459014,3544,10,post_filter,0.1,0.1,0.09997364455521107,correlated,0.0
110,1.0,False,4.6595999992860015,2243,10,post_filter,0.1,0.1,0.09997364455521107,correlated,0.0
111,1.0,False,6.008999999721709,4898,10,post_filter,0.1,0.1,0.09997364455521107,correlated,0.0
112,1.0,False,4.865699999754725,2382,10,post_filter,0.1,0.1,0.09997364455521107,correlated,0.0
113,1.0,False,5.718100000194681,4346,10,post_filter,0.1,0.1,0.09997364455521107,correlated,0.0
114,1.0,False,5.021800000577059,2915,10,post_filter,0.1,0.1,0.09997364455521107,correlated,0.0
115,1.0,False,5.981199999951059,4733,10,post_filter,0.1,0.1,0.09997364455521107,correlated,0.0
116,1.0,False,4.078400000253168,1478,10,post_filter,0.1,0.1,0.09997364455521107,correlated,0.0
117,1.0,False,6.330500000331085,5853,10,post_filter,0.1,0.1,0.09997364455521107,correlated,0.0
118,1.0,False,5.890099999305676,4552,10,post_filter,0.1,0.1,0.09997364455521107,correlated,0.0
119,1.0,False,4.293599999982689,1758,10,post_filter,0.1,0.1,0.09997364455521107,correlated,0.0
120,1.0,False,5.6851999997888925,3961,10,post_filter,0.1,0.1,0.09997364455521107,correlated,0.0
121,1.0,False,5.503299999872979,3407,10,post_filter,0.1,0.1,0.09997364455521107,correlated,0.0
122,1.0,False,6.198000000040338,4822,10,post_filter,0.1,0.1,0.09997364455521107,correlated,0.0
123,1.0,False,5.450399999972433,3155,10,post_filter,0.1,0.1,0.09997364455521107,correlated,0.0
124,1.0,False,5.459099999825412,3603,10,post_filter,0.1,0.1,0.09997364455521107,correlated,0.0
125,1.0,False,5.750399999669753,4233,10,post_filter,0.1,0.1,0.09997364455521107,correlated,0.0
126,1.0,False,14.364600000590144,4895,10,post_filter,0.1,0.1,0.09997364455521107,correlated,0.0
127,1.0,False,6.67650000013964,4375,10,post_filter,0.1,0.1,0.09997364455521107,correlated,0.0
128,1.0,False,5.648000000292086,3827,10,post_filter,0.1,0.1,0.09997364455521107,correlated,0.0
129,1.0,False,5.4504999998243875,3301,10,post_filter,0.1,0.1,0.09997364455521107,correlated,0.0
130,1.0,False,5.96880000011879,5224,10,post_filter,0.1,0.1,0.09997364455521107,correlated,0.0
131,1.0,False,5.678800000168849,3927,10,post_filter,0.1,0.1,0.09997364455521107,correlated,0.0
132,1.0,False,6.087199999456061,5250,10,post_filter,0.1,0.1,0.09997364455521107,correlated,0.0
133,1.0,False,6.064999999580323,4984,10,post_filter,0.1,0.1,0.09997364455521107,correlated,0.0
134,1.0,False,4.6535000001313165,2149,10,post_filter,0.1,0.1,0.09997364455521107,correlated,0.0
135,1.0,False,5.793600000288279,4319,10,post_filter,0.1,0.1,0.09997364455521107,correlated,0.0
136,1.0,False,6.226999999853433,4917,10,post_filter,0.1,0.1,0.09997364455521107,correlated,0.0
137,1.0,False,6.16009999976086,4936,10,post_filter,0.1,0.1,0.09997364455521107,correlated,0.0
138,1.0,False,5.632400000649795,3972,10,post_filter,0.1,0.1,0.09997364455521107,correlated,0.0
139,1.0,False,5.710399999770743,4148,10,post_filter,0.1,0.1,0.09997364455521107,correlated,0.0
140,1.0,False,5.991099999846483,4757,10,post_filter,0.1,0.1,0.09997364455521107,correlated,0.0
141,1.0,False,5.276500000036322,3437,10,post_filter,0.1,0.1,0.09997364455521107,correlated,0.0
142,1.0,False,6.020900000294205,4854,10,post_filter,0.1,0.1,0.09997364455521107,correlated,0.0
143,1.0,False,5.0459999993108795,2836,10,post_filter,0.1,0.1,0.09997364455521107,correlated,0.0
144,1.0,False,5.541900000025635,3857,10,post_filter,0.1,0.1,0.09997364455521107,correlated,0.0
145,1.0,False,5.1654999997481355,2979,10,post_filter,0.1,0.1,0.09997364455521107,correlated,0.0
146,1.0,False,5.684200000359851,4402,10,post_filter,0.1,0.1,0.09997364455521107,correlated,0.0
147,1.0,False,5.82970000050409,4485,10,post_filter,0.1,0.1,0.09997364455521107,correlated,0.0
148,1.0,False,5.724300000110816,4177,10,post_filter,0.1,0.1,0.09997364455521107,correlated,0.0
149,1.0,False,5.851500000062515,4625,10,post_filter,0.1,0.1,0.09997364455521107,correlated,0.0
150,1.0,False,5.799499999739055,4481,10,post_filter,0.1,0.1,0.09997364455521107,correlated,0.0
151,1.0,False,4.360699999779172,1766,10,post_filter,0.1,0.1,0.09997364455521107,correlated,0.0
152,1.0,False,6.548899999870628,4331,10,post_filter,0.1,0.1,0.09997364455521107,correlated,0.0
153,1.0,False,10.722600000008242,3961,10,post_filter,0.1,0.1,0.09997364455521107,correlated,0.0
154,1.0,False,6.0014000000592205,4303,10,post_filter,0.1,0.1,0.09997364455521107,correlated,0.0
155,1.0,False,6.241800000680087,4221,10,post_filter,0.1,0.1,0.09997364455521107,correlated,0.0
156,1.0,False,5.931799999416398,4740,10,post_filter,0.1,0.1,0.09997364455521107,correlated,0.0
157,1.0,False,6.24840000000404,5455,10,post_filter,0.1,0.1,0.09997364455521107,correlated,0.0
158,1.0,False,5.8990000006815535,4652,10,post_filter,0.1,0.1,0.09997364455521107,correlated,0.0
159,1.0,False,5.825899999763351,4506,10,post_filter,0.1,0.1,0.09997364455521107,correlated,0.0
160,1.0,False,5.835099999785598,4590,10,post_filter,0.1,0.1,0.09997364455521107,correlated,0.0
161,1.0,False,6.053699999938544,4586,10,post_filter,0.1,0.1,0.09997364455521107,correlated,0.0
162,1.0,False,6.3706000000820495,5246,10,post_filter,0.1,0.1,0.09997364455521107,correlated,0.0
163,1.0,False,5.976399999781279,4534,10,post_filter,0.1,0.1,0.09997364455521107,correlated,0.0
164,1.0,False,5.62770000033197,4053,10,post_filter,0.1,0.1,0.09997364455521107,correlated,0.0
165,1.0,False,5.566499999986263,3811,10,post_filter,0.1,0.1,0.09997364455521107,correlated,0.0
166,1.0,False,5.871800000022631,4209,10,post_filter,0.1,0.1,0.09997364455521107,correlated,0.0
167,1.0,False,6.028199999491335,4827,10,post_filter,0.1,0.1,0.09997364455521107,correlated,0.0
168,1.0,False,5.690100000720122,4081,10,post_filter,0.1,0.1,0.09997364455521107,correlated,0.0
169,1.0,False,5.602299999736715,3981,10,post_filter,0.1,0.1,0.09997364455521107,correlated,0.0
170,1.0,False,5.948799999714538,4342,10,post_filter,0.1,0.1,0.09997364455521107,correlated,0.0
171,1.0,False,5.763799999840558,4462,10,post_filter,0.1,0.1,0.09997364455521107,correlated,0.0
172,1.0,False,6.0038000001441105,4842,10,post_filter,0.1,0.1,0.09997364455521107,correlated,0.0
173,1.0,False,5.76439999986178,4207,10,post_filter,0.1,0.1,0.09997364455521107,correlated,0.0
174,1.0,False,5.7096000000456115,4137,10,post_filter,0.1,0.1,0.09997364455521107,correlated,0.0
175,1.0,False,5.818399999952817,4598,10,post_filter,0.1,0.1,0.09997364455521107,correlated,0.0
176,1.0,False,6.017500000780274,4997,10,post_filter,0.1,0.1,0.09997364455521107,correlated,0.0
177,1.0,False,6.663899999693967,4555,10,post_filter,0.1,0.1,0.09997364455521107,correlated,0.0
178,1.0,False,6.283099999564001,4204,10,post_filter,0.1,0.1,0.09997364455521107,correlated,0.0
179,1.0,False,7.1637000000919215,4150,10,post_filter,0.1,0.1,0.09997364455521107,correlated,0.0
180,1.0,False,13.021800000387884,3470,10,post_filter,0.1,0.1,0.09997364455521107,correlated,0.0
181,1.0,False,14.020599999639671,4590,10,post_filter,0.1,0.1,0.09997364455521107,correlated,0.0
182,1.0,False,13.523200000236102,4041,10,post_filter,0.1,0.1,0.09997364455521107,correlated,0.0
183,1.0,False,13.702900000680529,4117,10,post_filter,0.1,0.1,0.09997364455521107,correlated,0.0
184,1.0,False,9.124899999733316,4460,10,post_filter,0.1,0.1,0.09997364455521107,correlated,0.0
185,1.0,False,4.368900000372378,1542,10,post_filter,0.1,0.1,0.09997364455521107,correlated,0.0
186,1.0,False,5.33850000010716,3289,10,post_filter,0.1,0.1,0.09997364455521107,correlated,0.0
187,1.0,False,11.767699999836623,4941,10,post_filter,0.1,0.1,0.09997364455521107,correlated,0.0
188,1.0,False,13.508200000615034,3874,10,post_filter,0.1,0.1,0.09997364455521107,correlated,0.0
189,1.0,False,14.103699999395758,4675,10,post_filter,0.1,0.1,0.09997364455521107,correlated,0.0
190,1.0,False,13.094699999783188,3536,10,post_filter,0.1,0.1,0.09997364455521107,correlated,0.0
191,1.0,False,14.421900000343157,5084,10,post_filter,0.1,0.1,0.09997364455521107,correlated,0.0
192,1.0,False,14.328899999782152,5242,10,post_filter,0.1,0.1,0.09997364455521107,correlated,0.0
193,1.0,False,13.605899999674875,3810,10,post_filter,0.1,0.1,0.09997364455521107,correlated,0.0
194,1.0,False,14.35459999993327,4805,10,post_filter,0.1,0.1,0.09997364455521107,correlated,0.0
195,1.0,False,14.847499999632419,4996,10,post_filter,0.1,0.1,0.09997364455521107,correlated,0.0
196,1.0,False,14.392800000678108,5119,10,post_filter,0.1,0.1,0.09997364455521107,correlated,0.0
197,1.0,False,14.299500000561238,4661,10,post_filter,0.1,0.1,0.09997364455521107,correlated,0.0
198,1.0,False,11.741399999664281,2237,10,post_filter,0.1,0.1,0.09997364455521107,correlated,0.0
199,1.0,False,15.047099999719649,5509,10,post_filter,0.1,0.1,0.09997364455521107,correlated,0.0
20,1.0,False,4.4276999997237,25000,10,pre_filter,0.25,0.25,0.24998597183287144,correlated,
21,1.0,False,4.256600000189792,25000,10,pre_filter,0.25,0.25,0.24998597183287144,correlated,
22,1.0,False,4.3280999998387415,25000,10,pre_filter,0.25,0.25,0.24998597183287144,correlated,
23,1.0,False,4.314900000281341,25000,10,pre_filter,0.25,0.25,0.24998597183287144,correlated,
24,1.0,False,4.2257000004610745,25000,10,pre_filter,0.25,0.25,0.24998597183287144,correlated,
25,1.0,False,4.215200000544428,25000,10,pre_filter,0.25,0.25,0.24998597183287144,correlated,
26,1.0,False,4.417099999955099,25000,10,pre_filter,0.25,0.25,0.24998597183287144,correlated,
27,1.0,False,4.546500000287779,25000,10,pre_filter,0.25,0.25,0.24998597183287144,correlated,
28,1.0,False,5.578500000410713,25000,10,pre_filter,0.25,0.25,0.24998597183287144,correlated,
29,1.0,False,4.7591000002285,25000,10,pre_filter,0.25,0.25,0.24998597183287144,correlated,
30,1.0,False,5.220300000473799,25000,10,pre_filter,0.25,0.25,0.24998597183287144,correlated,
31,1.0,False,4.196199999569217,25000,10,pre_filter,0.25,0.25,0.24998597183287144,correlated,
32,1.0,False,4.17840000045544,25000,10,pre_filter,0.25,0.25,0.24998597183287144,correlated,
33,1.0,False,5.1937999996880535,25000,10,pre_filter,0.25,0.25,0.24998597183287144,correlated,
34,1.0,False,5.165800000213494,25000,10,pre_filter,0.25,0.25,0.24998597183287144,correlated,
35,1.0,False,4.651100000046426,25000,10,pre_filter,0.25,0.25,0.24998597183287144,correlated,
36,1.0,False,5.34700000025623,25000,10,pre_filter,0.25,0.25,0.24998597183287144,correlated,
37,1.0,False,4.462400000193156,25000,10,pre_filter,0.25,0.25,0.24998597183287144,correlated,
38,1.0,False,5.185900000469701,25000,10,pre_filter,0.25,0.25,0.24998597183287144,correlated,
39,1.0,False,4.580700000587967,25000,10,pre_filter,0.25,0.25,0.24998597183287144,correlated,
40,1.0,False,4.286500000489468,25000,10,pre_filter,0.25,0.25,0.24998597183287144,correlated,
41,1.0,False,4.3046000000686035,25000,10,pre_filter,0.25,0.25,0.24998597183287144,correlated,
42,1.0,False,4.775599999447877,25000,10,pre_filter,0.25,0.25,0.24998597183287144,correlated,
43,1.0,False,5.283600000439037,25000,10,pre_filter,0.25,0.25,0.24998597183287144,correlated,
44,1.0,False,4.297899999983201,25000,10,pre_filter,0.25,0.25,0.24998597183287144,correlated,
45,1.0,False,4.302600000301027,25000,10,pre_filter,0.25,0.25,0.24998597183287144,correlated,
46,1.0,False,4.495900000620168,25000,10,pre_filter,0.25,0.25,0.24998597183287144,correlated,
47,1.0,False,4.385899999761023,25000,10,pre_filter,0.25,0.25,0.24998597183287144,correlated,
48,1.0,False,4.884400000264577,25000,10,pre_filter,0.25,0.25,0.24998597183287144,correlated,
49,1.0,False,5.219700000452576,25000,10,pre_filter,0.25,0.25,0.24998597183287144,correlated,
50,1.0,False,4.489200000534765,25000,10,pre_filter,0.25,0.25,0.24998597183287144,correlated,
51,1.0,False,5.6929000002128305,25000,10,pre_filter,0.25,0.25,0.24998597183287144,correlated,
52,1.0,False,5.708599999707076,25000,10,pre_filter,0.25,0.25,0.24998597183287144,correlated,
53,1.0,False,5.653700000038953,25000,10,pre_filter,0.25,0.25,0.24998597183287144,correlated,
54,1.0,False,5.233099999713886,25000,10,pre_filter,0.25,0.25,0.24998597183287144,correlated,
55,1.0,False,4.4720999994751764,25000,10,pre_filter,0.25,0.25,0.24998597183287144,correlated,
56,1.0,False,4.76630000048317,25000,10,pre_filter,0.25,0.25,0.24998597183287144,correlated,
57,1.0,False,5.331100000148581,25000,10,pre_filter,0.25,0.25,0.24998597183287144,correlated,
58,1.0,False,4.413800000293122,25000,10,pre_filter,0.25,0.25,0.24998597183287144,correlated,
59,1.0,False,4.569499999888649,25000,10,pre_filter,0.25,0.25,0.24998597183287144,correlated,
60,1.0,False,5.223899999691639,25000,10,pre_filter,0.25,0.25,0.24998597183287144,correlated,
61,1.0,False,5.713399999876856,25000,10,pre_filter,0.25,0.25,0.24998597183287144,correlated,
62,1.0,False,6.23619999987568,25000,10,pre_filter,0.25,0.25,0.24998597183287144,correlated,
63,1.0,False,5.85030000002007,25000,10,pre_filter,0.25,0.25,0.24998597183287144,correlated,
64,1.0,False,5.976399999781279,25000,10,pre_filter,0.25,0.25,0.24998597183287144,correlated,
65,1.0,False,5.2847000006295275,25000,10,pre_filter,0.25,0.25,0.24998597183287144,correlated,
66,1.0,False,4.315499999393069,25000,10,pre_filter,0.25,0.25,0.24998597183287144,correlated,
67,1.0,False,4.465600000003178,25000,10,pre_filter,0.25,0.25,0.24998597183287144,correlated,
68,1.0,False,4.32120000004943,25000,10,pre_filter,0.25,0.25,0.24998597183287144,correlated,
69,1.0,False,4.418900000018766,25000,10,pre_filter,0.25,0.25,0.24998597183287144,correlated,
70,1.0,False,5.044599999564525,25000,10,pre_filter,0.25,0.25,0.24998597183287144,correlated,
71,1.0,False,6.047699999726319,25000,10,pre_filter,0.25,0.25,0.24998597183287144,correlated,
72,1.0,False,5.455299999994168,25000,10,pre_filter,0.25,0.25,0.24998597183287144,correlated,
73,1.0,False,4.915700000310608,25000,10,pre_filter,0.25,0.25,0.24998597183287144,correlated,
74,1.0,False,5.740499999774329,25000,10,pre_filter,0.25,0.25,0.24998597183287144,correlated,
75,1.0,False,5.649900000207708,25000,10,pre_filter,0.25,0.25,0.24998597183287144,correlated,
76,1.0,False,5.838600000060978,25000,10,pre_filter,0.25,0.25,0.24998597183287144,correlated,
77,1.0,False,5.660400000124355,25000,10,pre_filter,0.25,0.25,0.24998597183287144,correlated,
78,1.0,False,5.771300000560586,25000,10,pre_filter,0.25,0.25,0.24998597183287144,correlated,
79,1.0,False,4.479899999751069,25000,10,pre_filter,0.25,0.25,0.24998597183287144,correlated,
80,1.0,False,4.258000000845641,25000,10,pre_filter,0.25,0.25,0.24998597183287144,correlated,
81,1.0,False,4.279299999325303,25000,10,pre_filter,0.25,0.25,0.24998597183287144,correlated,
82,1.0,False,4.2567000000417465,25000,10,pre_filter,0.25,0.25,0.24998597183287144,correlated,
83,1.0,False,4.09490000038204,25000,10,pre_filter,0.25,0.25,0.24998597183287144,correlated,
84,1.0,False,4.314700000577432,25000,10,pre_filter,0.25,0.25,0.24998597183287144,correlated,
85,1.0,False,4.18560000071011,25000,10,pre_filter,0.25,0.25,0.24998597183287144,correlated,
86,1.0,False,4.229799999848183,25000,10,pre_filter,0.25,0.25,0.24998597183287144,correlated,
87,1.0,False,4.135199999836914,25000,10,pre_filter,0.25,0.25,0.24998597183287144,correlated,
88,1.0,False,4.606400000739086,25000,10,pre_filter,0.25,0.25,0.24998597183287144,correlated,
89,1.0,False,6.062299999939569,25000,10,pre_filter,0.25,0.25,0.24998597183287144,correlated,
90,1.0,False,5.8392999999341555,25000,10,pre_filter,0.25,0.25,0.24998597183287144,correlated,
91,1.0,False,5.28539999959321,25000,10,pre_filter,0.25,0.25,0.24998597183287144,correlated,
92,1.0,False,5.523800000446499,25000,10,pre_filter,0.25,0.25,0.24998597183287144,correlated,
93,1.0,False,5.340200000318873,25000,10,pre_filter,0.25,0.25,0.24998597183287144,correlated,
94,1.0,False,4.366199999822129,25000,10,pre_filter,0.25,0.25,0.24998597183287144,correlated,
95,1.0,False,4.285699999854842,25000,10,pre_filter,0.25,0.25,0.24998597183287144,correlated,
96,1.0,False,4.193200000372599,25000,10,pre_filter,0.25,0.25,0.24998597183287144,correlated,
97,1.0,False,4.264999999577412,25000,10,pre_filter,0.25,0.25,0.24998597183287144,correlated,
98,1.0,False,4.310600000280829,25000,10,pre_filter,0.25,0.25,0.24998597183287144,correlated,
99,1.0,False,4.676300000028277,25000,10,pre_filter,0.25,0.25,0.24998597183287144,correlated,
100,1.0,False,5.623400000331458,25000,10,pre_filter,0.25,0.25,0.24998597183287144,correlated,
101,1.0,False,5.282500000248547,25000,10,pre_filter,0.25,0.25,0.24998597183287144,correlated,
102,1.0,False,4.380000000310247,25000,10,pre_filter,0.25,0.25,0.24998597183287144,correlated,
103,1.0,False,4.562199999782024,25000,10,pre_filter,0.25,0.25,0.24998597183287144,correlated,
104,1.0,False,5.545700000766374,25000,10,pre_filter,0.25,0.25,0.24998597183287144,correlated,
105,1.0,False,4.44340000012744,25000,10,pre_filter,0.25,0.25,0.24998597183287144,correlated,
106,1.0,False,4.741099999591825,25000,10,pre_filter,0.25,0.25,0.24998597183287144,correlated,
107,1.0,False,5.445000000690925,25000,10,pre_filter,0.25,0.25,0.24998597183287144,correlated,
108,1.0,False,4.32360000013432,25000,10,pre_filter,0.25,0.25,0.24998597183287144,correlated,
109,1.0,False,4.509000000325614,25000,10,pre_filter,0.25,0.25,0.24998597183287144,correlated,
110,1.0,False,5.115399999340298,25000,10,pre_filter,0.25,0.25,0.24998597183287144,correlated,
111,1.0,False,4.365699999652861,25000,10,pre_filter,0.25,0.25,0.24998597183287144,correlated,
112,1.0,False,4.422100000738283,25000,10,pre_filter,0.25,0.25,0.24998597183287144,correlated,
113,1.0,False,4.32730000011361,25000,10,pre_filter,0.25,0.25,0.24998597183287144,correlated,
114,1.0,False,4.714000000603846,25000,10,pre_filter,0.25,0.25,0.24998597183287144,correlated,
115,1.0,False,5.960700000287034,25000,10,pre_filter,0.25,0.25,0.24998597183287144,correlated,
116,1.0,False,5.48380000054749,25000,10,pre_filter,0.25,0.25,0.24998597183287144,correlated,
117,1.0,False,4.823299999770825,25000,10,pre_filter,0.25,0.25,0.24998597183287144,correlated,
118,1.0,False,5.7212000001527485,25000,10,pre_filter,0.25,0.25,0.24998597183287144,correlated,
119,1.0,False,5.271600000014587,25000,10,pre_filter,0.25,0.25,0.24998597183287144,correlated,
120,1.0,False,4.734300000563962,25000,10,pre_filter,0.25,0.25,0.24998597183287144,correlated,
121,1.0,False,6.080399999518704,25000,10,pre_filter,0.25,0.25,0.24998597183287144,correlated,
122,1.0,False,5.311499999152147,25000,10,pre_filter,0.25,0.25,0.24998597183287144,correlated,
123,1.0,False,5.535100000088278,25000,10,pre_filter,0.25,0.25,0.24998597183287144,correlated,
124,1.0,False,5.176800000299409,25000,10,pre_filter,0.25,0.25,0.24998597183287144,correlated,
125,1.0,False,5.2133000008325325,25000,10,pre_filter,0.25,0.25,0.24998597183287144,correlated,
126,1.0,False,5.048899999565037,25000,10,pre_filter,0.25,0.25,0.24998597183287144,correlated,
127,1.0,False,4.568499999550113,25000,10,pre_filter,0.25,0.25,0.24998597183287144,correlated,
128,1.0,False,4.550700000436336,25000,10,pre_filter,0.25,0.25,0.24998597183287144,correlated,
129,1.0,False,4.3917000002693385,25000,10,pre_filter,0.25,0.25,0.24998597183287144,correlated,
130,1.0,False,4.580199999509205,25000,10,pre_filter,0.25,0.25,0.24998597183287144,correlated,
131,1.0,False,4.160600000432169,25000,10,pre_filter,0.25,0.25,0.24998597183287144,correlated,
132,1.0,False,4.370999999991909,25000,10,pre_filter,0.25,0.25,0.24998597183287144,correlated,
133,1.0,False,4.517700000178593,25000,10,pre_filter,0.25,0.25,0.24998597183287144,correlated,
134,1.0,False,4.59580000006099,25000,10,pre_filter,0.25,0.25,0.24998597183287144,correlated,
135,1.0,False,4.158700000516546,25000,10,pre_filter,0.25,0.25,0.24998597183287144,correlated,
136,1.0,False,4.360599999927217,25000,10,pre_filter,0.25,0.25,0.24998597183287144,correlated,
137,1.0,False,4.6639000001960085,25000,10,pre_filter,0.25,0.25,0.24998597183287144,correlated,
138,1.0,False,5.462400000396883,25000,10,pre_filter,0.25,0.25,0.24998597183287144,correlated,
139,1.0,False,5.294700000376906,25000,10,pre_filter,0.25,0.25,0.24998597183287144,correlated,
140,1.0,False,4.546999999547552,25000,10,pre_filter,0.25,0.25,0.24998597183287144,correlated,
141,1.0,False,5.48629999957484,25000,10,pre_filter,0.25,0.25,0.24998597183287144,correlated,
142,1.0,False,5.1134999994246755,25000,10,pre_filter,0.25,0.25,0.24998597183287144,correlated,
143,1.0,False,5.512000000635453,25000,10,pre_filter,0.25,0.25,0.24998597183287144,correlated,
144,1.0,False,5.738899999414571,25000,10,pre_filter,0.25,0.25,0.24998597183287144,correlated,
145,1.0,False,5.2535000004354515,25000,10,pre_filter,0.25,0.25,0.24998597183287144,correlated,
146,1.0,False,4.598000000441971,25000,10,pre_filter,0.25,0.25,0.24998597183287144,correlated,
147,1.0,False,5.3636000002370565,25000,10,pre_filter,0.25,0.25,0.24998597183287144,correlated,
148,1.0,False,4.214399999909801,25000,10,pre_filter,0.25,0.25,0.24998597183287144,correlated,
149,1.0,False,4.410900000038964,25000,10,pre_filter,0.25,0.25,0.24998597183287144,correlated,
150,1.0,False,4.239599999891652,25000,10,pre_filter,0.25,0.25,0.24998597183287144,correlated,
151,1.0,False,4.179300000032526,25000,10,pre_filter,0.25,0.25,0.24998597183287144,correlated,
152,1.0,False,4.239100000631879,25000,10,pre_filter,0.25,0.25,0.24998597183287144,correlated,
153,1.0,False,4.1430000001128064,25000,10,pre_filter,0.25,0.25,0.24998597183287144,correlated,
154,1.0,False,4.897499999970023,25000,10,pre_filter,0.25,0.25,0.24998597183287144,correlated,
155,1.0,False,5.826999999953841,25000,10,pre_filter,0.25,0.25,0.24998597183287144,correlated,
156,1.0,False,5.9118999997735955,25000,10,pre_filter,0.25,0.25,0.24998597183287144,correlated,
157,1.0,False,5.233099999713886,25000,10,pre_filter,0.25,0.25,0.24998597183287144,correlated,
158,1.0,False,4.7490999995716265,25000,10,pre_filter,0.25,0.25,0.24998597183287144,correlated,
159,1.0,False,5.345199999283068,25000,10,pre_filter,0.25,0.25,0.24998597183287144,correlated,
160,1.0,False,4.712099999778729,25000,10,pre_filter,0.25,0.25,0.24998597183287144,correlated,
161,1.0,False,5.243300000074669,25000,10,pre_filter,0.25,0.25,0.24998597183287144,correlated,
162,1.0,False,4.389999999148131,25000,10,pre_filter,0.25,0.25,0.24998597183287144,correlated,
163,1.0,False,4.367200000160665,25000,10,pre_filter,0.25,0.25,0.24998597183287144,correlated,
164,1.0,False,4.288099999939732,25000,10,pre_filter,0.25,0.25,0.24998597183287144,correlated,
165,1.0,False,4.391299999952025,25000,10,pre_filter,0.25,0.25,0.24998597183287144,correlated,
166,1.0,False,4.210500000226602,25000,10,pre_filter,0.25,0.25,0.24998597183287144,correlated,
167,1.0,False,4.654899999877671,25000,10,pre_filter,0.25,0.25,0.24998597183287144,correlated,
168,1.0,False,5.419300000539806,25000,10,pre_filter,0.25,0.25,0.24998597183287144,correlated,
169,1.0,False,5.282600000100501,25000,10,pre_filter,0.25,0.25,0.24998597183287144,correlated,
170,1.0,False,5.654900000081398,25000,10,pre_filter,0.25,0.25,0.24998597183287144,correlated,
171,1.0,False,5.353500000637723,25000,10,pre_filter,0.25,0.25,0.24998597183287144,correlated,
172,1.0,False,5.450799999380251,25000,10,pre_filter,0.25,0.25,0.24998597183287144,correlated,
173,1.0,False,5.425100000138627,25000,10,pre_filter,0.25,0.25,0.24998597183287144,correlated,
174,1.0,False,5.015900000216789,25000,10,pre_filter,0.25,0.25,0.24998597183287144,correlated,
175,1.0,False,4.9462999995739665,25000,10,pre_filter,0.25,0.25,0.24998597183287144,correlated,
176,1.0,False,5.663899999490241,25000,10,pre_filter,0.25,0.25,0.24998597183287144,correlated,
177,1.0,False,5.595399999947404,25000,10,pre_filter,0.25,0.25,0.24998597183287144,correlated,
178,1.0,False,4.798599999958242,25000,10,pre_filter,0.25,0.25,0.24998597183287144,correlated,
179,1.0,False,4.396000000269851,25000,10,pre_filter,0.25,0.25,0.24998597183287144,correlated,
180,1.0,False,4.806500000086089,25000,10,pre_filter,0.25,0.25,0.24998597183287144,correlated,
181,1.0,False,5.1316000008228,25000,10,pre_filter,0.25,0.25,0.24998597183287144,correlated,
182,1.0,False,4.358300000603776,25000,10,pre_filter,0.25,0.25,0.24998597183287144,correlated,
183,1.0,False,4.35990000005404,25000,10,pre_filter,0.25,0.25,0.24998597183287144,correlated,
184,1.0,False,4.756199999974342,25000,10,pre_filter,0.25,0.25,0.24998597183287144,correlated,
185,1.0,False,5.121799999869836,25000,10,pre_filter,0.25,0.25,0.24998597183287144,correlated,
186,1.0,False,4.325300000346033,25000,10,pre_filter,0.25,0.25,0.24998597183287144,correlated,
187,1.0,False,4.2189999994661775,25000,10,pre_filter,0.25,0.25,0.24998597183287144,correlated,
188,1.0,False,4.665000000386499,25000,10,pre_filter,0.25,0.25,0.24998597183287144,correlated,
189,1.0,False,5.100999999740452,25000,10,pre_filter,0.25,0.25,0.24998597183287144,correlated,
190,1.0,False,4.567299999507668,25000,10,pre_filter,0.25,0.25,0.24998597183287144,correlated,
191,1.0,False,4.583099999763363,25000,10,pre_filter,0.25,0.25,0.24998597183287144,correlated,
192,1.0,False,4.336300000431947,25000,10,pre_filter,0.25,0.25,0.24998597183287144,correlated,
193,1.0,False,4.3578000004345085,25000,10,pre_filter,0.25,0.25,0.24998597183287144,correlated,
194,1.0,False,4.451599999811151,25000,10,pre_filter,0.25,0.25,0.24998597183287144,correlated,
195,1.0,False,4.551400000309513,25000,10,pre_filter,0.25,0.25,0.24998597183287144,correlated,
196,1.0,False,4.378300000098534,25000,10,pre_filter,0.25,0.25,0.24998597183287144,correlated,
197,1.0,False,5.59140000041225,25000,10,pre_filter,0.25,0.25,0.24998597183287144,correlated,
198,1.0,False,6.495599999652768,25000,10,pre_filter,0.25,0.25,0.24998597183287144,correlated,
199,1.0,False,5.47290000031353,25000,10,pre_filter,0.25,0.25,0.24998597183287144,correlated,
20,1.0,False,2.2683999995933846,1478,10,post_filter,0.25,0.25,0.24998597183287144,correlated,0.0
21,1.0,False,2.4880999999368214,2022,10,post_filter,0.25,0.25,0.24998597183287144,correlated,0.0
22,1.0,False,2.3664000000280794,1796,10,post_filter,0.25,0.25,0.24998597183287144,correlated,0.0
23,1.0,False,2.4554000001444365,2013,10,post_filter,0.25,0.25,0.24998597183287144,correlated,0.0
24,1.0,False,2.5894999998854473,2310,10,post_filter,0.25,0.25,0.24998597183287144,correlated,0.0
25,1.0,False,2.3602999999638996,2041,10,post_filter,0.25,0.25,0.24998597183287144,correlated,0.0
26,1.0,False,2.621999999973923,2393,10,post_filter,0.25,0.25,0.24998597183287144,correlated,0.0
27,1.0,False,2.6184999996985425,2281,10,post_filter,0.25,0.25,0.24998597183287144,correlated,0.0
28,1.0,False,2.5033000001712935,2135,10,post_filter,0.25,0.25,0.24998597183287144,correlated,0.0
29,1.0,False,1.9286000006104587,919,10,post_filter,0.25,0.25,0.24998597183287144,correlated,0.0
30,1.0,False,2.471700000569399,2058,10,post_filter,0.25,0.25,0.24998597183287144,correlated,0.0
31,1.0,False,2.606500000183587,2364,10,post_filter,0.25,0.25,0.24998597183287144,correlated,0.0
32,1.0,False,2.478000000337488,2092,10,post_filter,0.25,0.25,0.24998597183287144,correlated,0.0
33,1.0,False,2.456499999425432,1970,10,post_filter,0.25,0.25,0.24998597183287144,correlated,0.0
34,1.0,False,2.575999999862688,2412,10,post_filter,0.25,0.25,0.24998597183287144,correlated,0.0
35,1.0,False,2.617199999804143,2470,10,post_filter,0.25,0.25,0.24998597183287144,correlated,0.0
36,1.0,False,2.6804000008269213,2731,10,post_filter,0.25,0.25,0.24998597183287144,correlated,0.0
37,1.0,False,6.2724999997954,1824,10,post_filter,0.25,0.25,0.24998597183287144,correlated,0.0
38,1.0,False,5.811299999550101,2123,10,post_filter,0.25,0.25,0.24998597183287144,correlated,0.0
39,1.0,False,5.702400000700436,1709,10,post_filter,0.25,0.25,0.24998597183287144,correlated,0.0
40,1.0,False,6.189099999573955,2385,10,post_filter,0.25,0.25,0.24998597183287144,correlated,0.0
41,1.0,False,5.279899999550253,1343,10,post_filter,0.25,0.25,0.24998597183287144,correlated,0.0
42,1.0,False,4.159200000685814,2199,10,post_filter,0.25,0.25,0.24998597183287144,correlated,0.0
43,1.0,False,2.702799999497074,2486,10,post_filter,0.25,0.25,0.24998597183287144,correlated,0.0
44,1.0,False,2.4235000000771834,1781,10,post_filter,0.25,0.25,0.24998597183287144,correlated,0.0
45,1.0,False,2.5509000006422866,2070,10,post_filter,0.25,0.25,0.24998597183287144,correlated,0.0
46,1.0,False,2.5170999997499166,1973,10,post_filter,0.25,0.25,0.24998597183287144,correlated,0.0
47,1.0,False,2.752200000031735,2554,10,post_filter,0.25,0.25,0.24998597183287144,correlated,0.0
48,1.0,False,2.5206999998772517,2143,10,post_filter,0.25,0.25,0.24998597183287144,correlated,0.0
49,1.0,False,2.2756999997000094,1563,10,post_filter,0.25,0.25,0.24998597183287144,correlated,0.0
50,1.0,False,2.48120000014751,2103,10,post_filter,0.25,0.25,0.24998597183287144,correlated,0.0
51,1.0,False,2.280599999721744,1606,10,post_filter,0.25,0.25,0.24998597183287144,correlated,0.0
52,1.0,False,2.5623999999879743,2236,10,post_filter,0.25,0.25,0.24998597183287144,correlated,0.0
53,1.0,False,2.5190000005750335,2228,10,post_filter,0.25,0.25,0.24998597183287144,correlated,0.0
54,1.0,False,1.9706000002770452,917,10,post_filter,0.25,0.25,0.24998597183287144,correlated,0.0
55,1.0,False,1.9561999997677049,1268,10,post_filter,0.25,0.25,0.24998597183287144,correlated,0.0
56,1.0,False,2.4953000001914916,2146,10,post_filter,0.25,0.25,0.24998597183287144,correlated,0.0
57,1.0,False,2.5760999997146428,2356,10,post_filter,0.25,0.25,0.24998597183287144,correlated,0.0
58,1.0,False,2.637400000821799,2463,10,post_filter,0.25,0.25,0.24998597183287144,correlated,0.0
59,1.0,False,2.0438999999896623,1052,10,post_filter,0.25,0.25,0.24998597183287144,correlated,0.0
60,1.0,False,2.58639999992738,2393,10,post_filter,0.25,0.25,0.24998597183287144,correlated,0.0
61,1.0,False,2.3201000003609806,1601,10,post_filter,0.25,0.25,0.24998597183287144,correlated,0.0
62,1.0,False,2.0428999996511266,1069,10,post_filter,0.25,0.25,0.24998597183287144,correlated,0.0
63,1.0,False,2.295399999638903,1528,10,post_filter,0.25,0.25,0.24998597183287144,correlated,0.0
64,1.0,False,2.2751000005882815,1543,10,post_filter,0.25,0.25,0.24998597183287144,correlated,0.0
65,1.0,False,2.2427000003517605,1521,10,post_filter,0.25,0.25,0.24998597183287144,correlated,0.0
66,1.0,False,2.2202000000106636,1430,10,post_filter,0.25,0.25,0.24998597183287144,correlated,0.0
67,1.0,False,2.222500000243599,1416,10,post_filter,0.25,0.25,0.24998597183287144,correlated,0.0
68,1.0,False,2.1901999998590327,1493,10,post_filter,0.25,0.25,0.24998597183287144,correlated,0.0
69,1.0,False,2.2768999997424544,2066,10,post_filter,0.25,0.25,0.24998597183287144,correlated,0.0
70,1.0,False,1.8723000002864865,888,10,post_filter,0.25,0.25,0.24998597183287144,correlated,0.0
71,1.0,False,2.2638000000370084,1571,10,post_filter,0.25,0.25,0.24998597183287144,correlated,0.0
72,1.0,False,2.6688999996622442,2672,10,post_filter,0.25,0.25,0.24998597183287144,correlated,0.0
73,1.0,False,2.470000000357686,2035,10,post_filter,0.25,0.25,0.24998597183287144,correlated,0.0
74,1.0,False,2.4994999994305545,2121,10,post_filter,0.25,0.25,0.24998597183287144,correlated,0.0
75,1.0,False,2.4167000001398264,2296,10,post_filter,0.25,0.25,0.24998597183287144,correlated,0.0
76,1.0,False,2.3669000001973473,1909,10,post_filter,0.25,0.25,0.24998597183287144,correlated,0.0
77,1.0,False,2.484599999661441,2106,10,post_filter,0.25,0.25,0.24998597183287144,correlated,0.0
78,1.0,False,2.526899999793386,2254,10,post_filter,0.25,0.25,0.24998597183287144,correlated,0.0
79,1.0,False,2.059200000076089,1137,10,post_filter,0.25,0.25,0.24998597183287144,correlated,0.0
80,1.0,False,2.468300000145973,2037,10,post_filter,0.25,0.25,0.24998597183287144,correlated,0.0
81,1.0,False,2.842400000190537,2445,10,post_filter,0.25,0.25,0.24998597183287144,correlated,0.0
82,1.0,False,2.5664999993750826,2521,10,post_filter,0.25,0.25,0.24998597183287144,correlated,0.0
83,1.0,False,2.4539000005461276,2010,10,post_filter,0.25,0.25,0.24998597183287144,correlated,0.0
84,1.0,False,2.6487999994060374,2516,10,post_filter,0.25,0.25,0.24998597183287144,correlated,0.0
85,1.0,False,2.219899999545305,1406,10,post_filter,0.25,0.25,0.24998597183287144,correlated,0.0
86,1.0,False,2.205800000410818,1419,10,post_filter,0.25,0.25,0.24998597183287144,correlated,0.0
87,1.0,False,2.050799999778974,1064,10,post_filter,0.25,0.25,0.24998597183287144,correlated,0.0
88,1.0,False,2.1422999998321757,1238,10,post_filter,0.25,0.25,0.24998597183287144,correlated,0.0
89,1.0,False,2.0088000001123874,1339,10,post_filter,0.25,0.25,0.24998597183287144,correlated,0.0
90,1.0,False,2.269900000101188,1506,10,post_filter,0.25,0.25,0.24998597183287144,correlated,0.0
91,1.0,False,2.29120000039984,1630,10,post_filter,0.25,0.25,0.24998597183287144,correlated,0.0
92,1.0,False,2.5673999998616637,2284,10,post_filter,0.25,0.25,0.24998597183287144,correlated,0.0
93,1.0,False,2.335799999855226,1683,10,post_filter,0.25,0.25,0.24998597183287144,correlated,0.0
94,1.0,False,2.038200000242796,1127,10,post_filter,0.25,0.25,0.24998597183287144,correlated,0.0
95,1.0,False,2.718599999752769,2188,10,post_filter,0.25,0.25,0.24998597183287144,correlated,0.0
96,1.0,False,2.780200000415789,2374,10,post_filter,0.25,0.25,0.24998597183287144,correlated,0.0
97,1.0,False,2.5666999999884865,2016,10,post_filter,0.25,0.25,0.24998597183287144,correlated,0.0
98,1.0,False,1.991900000575697,950,10,post_filter,0.25,0.25,0.24998597183287144,correlated,0.0
99,1.0,False,2.4684999998498824,2044,10,post_filter,0.25,0.25,0.24998597183287144,correlated,0.0
100,1.0,False,2.3297999996430008,1680,10,post_filter,0.25,0.25,0.24998597183287144,correlated,0.0
101,1.0,False,2.3279000006368733,1581,10,post_filter,0.25,0.25,0.24998597183287144,correlated,0.0
102,1.0,False,2.7309000006425777,2332,10,post_filter,0.25,0.25,0.24998597183287144,correlated,0.0
103,1.0,False,2.431300000353076,2237,10,post_filter,0.25,0.25,0.24998597183287144,correlated,0.0
104,1.0,False,2.2663999998258078,1501,10,post_filter,0.25,0.25,0.24998597183287144,correlated,0.0
105,1.0,False,2.4634000001242384,1877,10,post_filter,0.25,0.25,0.24998597183287144,correlated,0.0
106,1.0,False,2.168099999835249,1306,10,post_filter,0.25,0.25,0.24998597183287144,correlated,0.0
107,1.0,False,2.122300000337418,1228,10,post_filter,0.25,0.25,0.24998597183287144,correlated,0.0
108,1.0,False,1.9851000006383401,690,10,post_filter,0.25,0.25,0.24998597183287144,correlated,0.0
109,1.0,False,2.2180000005391776,1733,10,post_filter,0.25,0.25,0.24998597183287144,correlated,0.0
110,1.0,False,2.11699999999837,1332,10,post_filter,0.25,0.25,0.24998597183287144,correlated,0.0
111,1.0,False,2.5437999993300764,2445,10,post_filter,0.25,0.25,0.24998597183287144,correlated,0.0
112,1.0,False,2.1231999999145046,1271,10,post_filter,0.25,0.25,0.24998597183287144,correlated,0.0
113,1.0,False,2.5345000003653695,2219,10,post_filter,0.25,0.25,0.24998597183287144,correlated,0.0
114,1.0,False,2.257199999803561,1550,10,post_filter,0.25,0.25,0.24998597183287144,correlated,0.0
115,1.0,False,2.6530000004640897,2450,10,post_filter,0.25,0.25,0.24998597183287144,correlated,0.0
116,1.0,False,1.810499999919557,762,10,post_filter,0.25,0.25,0.24998597183287144,correlated,0.0
117,1.0,False,2.7786999999079853,2928,10,post_filter,0.25,0.25,0.24998597183287144,correlated,0.0
118,1.0,False,2.5548000003254856,2328,10,post_filter,0.25,0.25,0.24998597183287144,correlated,0.0
119,1.0,False,1.818700000512763,806,10,post_filter,0.25,0.25,0.24998597183287144,correlated,0.0
120,1.0,False,2.458699999806413,2024,10,post_filter,0.25,0.25,0.24998597183287144,correlated,0.0
121,1.0,False,2.335999999559135,1794,10,post_filter,0.25,0.25,0.24998597183287144,correlated,0.0
122,1.0,False,4.148300000451854,2438,10,post_filter,0.25,0.25,0.24998597183287144,correlated,0.0
123,1.0,False,3.910699999323697,1618,10,post_filter,0.25,0.25,0.24998597183287144,correlated,0.0
124,1.0,False,4.1456000008111005,1900,10,post_filter,0.25,0.25,0.24998597183287144,correlated,0.0
125,1.0,False,4.475200000342738,2296,10,post_filter,0.25,0.25,0.24998597183287144,correlated,0.0
126,1.0,False,4.5767999999952735,2564,10,post_filter,0.25,0.25,0.24998597183287144,correlated,0.0
127,1.0,False,4.431499999554944,2336,10,post_filter,0.25,0.25,0.24998597183287144,correlated,0.0
128,1.0,False,4.185400000096706,1979,10,post_filter,0.25,0.25,0.24998597183287144,correlated,0.0
129,1.0,False,5.239600000095379,1639,10,post_filter,0.25,0.25,0.24998597183287144,correlated,0.0
130,1.0,False,6.0817000003225985,2480,10,post_filter,0.25,0.25,0.24998597183287144,correlated,0.0
131,1.0,False,5.8705000001282315,2079,10,post_filter,0.25,0.25,0.24998597183287144,correlated,0.0
132,1.0,False,6.915799999660521,2612,10,post_filter,0.25,0.25,0.24998597183287144,correlated,0.0
133,1.0,False,3.0704000000696396,2541,10,post_filter,0.25,0.25,0.24998597183287144,correlated,0.0
134,1.0,False,2.2315999995043967,1233,10,post_filter,0.25,0.25,0.24998597183287144,correlated,0.0
135,1.0,False,2.871400000003632,2314,10,post_filter,0.25,0.25,0.24998597183287144,correlated,0.0
136,1.0,False,2.53800000064075,2508,10,post_filter,0.25,0.25,0.24998597183287144,correlated,0.0
137,1.0,False,2.5400000004083267,2542,10,post_filter,0.25,0.25,0.24998597183287144,correlated,0.0
138,1.0,False,2.4997000000439584,2037,10,post_filter,0.25,0.25,0.24998597183287144,correlated,0.0
139,1.0,False,2.8746999996656086,2114,10,post_filter,0.25,0.25,0.24998597183287144,correlated,0.0
140,1.0,False,2.6271999995515216,2307,10,post_filter,0.25,0.25,0.24998597183287144,correlated,0.0
141,1.0,False,2.377800000431307,1679,10,post_filter,0.25,0.25,0.24998597183287144,correlated,0.0
142,1.0,False,2.6760999999169144,2470,10,post_filter,0.25,0.25,0.24998597183287144,correlated,0.0
143,1.0,False,2.25250000039523,1466,10,post_filter,0.25,0.25,0.24998597183287144,correlated,0.0
144,1.0,False,2.429300000585499,1929,10,post_filter,0.25,0.25,0.24998597183287144,correlated,0.0
145,1.0,False,2.304999999978463,1624,10,post_filter,0.25,0.25,0.24998597183287144,correlated,0.0
146,1.0,False,2.566600000136532,2292,10,post_filter,0.25,0.25,0.24998597183287144,correlated,0.0
147,1.0,False,2.6436999996803934,2355,10,post_filter,0.25,0.25,0.24998597183287144,correlated,0.0
148,1.0,False,2.4524999998902786,2025,10,post_filter,0.25,0.25,0.24998597183287144,correlated,0.0
149,1.0,False,2.4987999995573773,2128,10,post_filter,0.25,0.25,0.24998597183287144,correlated,0.0
150,1.0,False,2.585900000667607,2323,10,post_filter,0.25,0.25,0.24998597183287144,correlated,0.0
151,1.0,False,1.9926000004488742,969,10,post_filter,0.25,0.25,0.24998597183287144,correlated,0.0
152,1.0,False,2.539999999498832,2188,10,post_filter,0.25,0.25,0.24998597183287144,correlated,0.0
153,1.0,False,2.741799999967043,2027,10,post_filter,0.25,0.25,0.24998597183287144,correlated,0.0
154,1.0,False,2.4672999998074374,2109,10,post_filter,0.25,0.25,0.24998597183287144,correlated,0.0
155,1.0,False,2.6664000006348942,2264,10,post_filter,0.25,0.25,0.24998597183287144,correlated,0.0
156,1.0,False,2.6119000003745896,2488,10,post_filter,0.25,0.25,0.24998597183287144,correlated,0.0
157,0.9,False,2.6930000003630994,2664,10,post_filter,0.25,0.25,0.24998597183287144,correlated,0.0
158,1.0,False,2.572399999735353,2376,10,post_filter,0.25,0.25,0.24998597183287144,correlated,0.0
159,1.0,False,2.690900000743568,2355,10,post_filter,0.25,0.25,0.24998597183287144,correlated,0.0
160,1.0,False,2.423100000669365,2489,10,post_filter,0.25,0.25,0.24998597183287144,correlated,0.0
161,1.0,False,2.6204000005236594,2348,10,post_filter,0.25,0.25,0.24998597183287144,correlated,0.0
162,1.0,False,2.7085000001534354,2709,10,post_filter,0.25,0.25,0.24998597183287144,correlated,0.0
163,0.9,False,2.5681999995867955,2350,10,post_filter,0.25,0.25,0.24998597183287144,correlated,0.0
164,0.9,False,2.4946000003183144,2147,10,post_filter,0.25,0.25,0.24998597183287144,correlated,0.0
165,1.0,False,2.493500000127824,2063,10,post_filter,0.25,0.25,0.24998597183287144,correlated,0.0
166,1.0,False,2.3925999994389713,2172,10,post_filter,0.25,0.25,0.24998597183287144,correlated,0.0
167,1.0,False,2.537000000302214,2484,10,post_filter,0.25,0.25,0.24998597183287144,correlated,0.0
168,1.0,False,2.5372000000061234,2184,10,post_filter,0.25,0.25,0.24998597183287144,correlated,0.0
169,1.0,False,2.5394000003871042,2086,10,post_filter,0.25,0.25,0.24998597183287144,correlated,0.0
170,1.0,False,2.515599999242113,2241,10,post_filter,0.25,0.25,0.24998597183287144,correlated,0.0
171,1.0,False,2.5661999998192186,2271,10,post_filter,0.25,0.25,0.24998597183287144,correlated,0.0
172,1.0,False,2.605300000141142,2443,10,post_filter,0.25,0.25,0.24998597183287144,correlated,0.0
173,1.0,False,2.5568000000930624,2155,10,post_filter,0.25,0.25,0.24998597183287144,correlated,0.0
174,1.0,False,2.524999999877764,2139,10,post_filter,0.25,0.25,0.24998597183287144,correlated,0.0
175,1.0,False,2.5654999999460415,2363,10,post_filter,0.25,0.25,0.24998597183287144,correlated,0.0
176,1.0,False,2.55139999990206,2455,10,post_filter,0.25,0.25,0.24998597183287144,correlated,0.0
177,1.0,False,2.5802000000112457,2376,10,post_filter,0.25,0.25,0.24998597183287144,correlated,0.0
178,1.0,False,2.4508999995305203,2191,10,post_filter,0.25,0.25,0.24998597183287144,correlated,0.0
179,1.0,False,2.446299999974144,2188,10,post_filter,0.25,0.25,0.24998597183287144,correlated,0.0
180,1.0,False,2.443200000016077,1923,10,post_filter,0.25,0.25,0.24998597183287144,correlated,0.0
181,1.0,False,2.6201999999102554,2383,10,post_filter,0.25,0.25,0.24998597183287144,correlated,0.0
182,1.0,False,2.504899999621557,2143,10,post_filter,0.25,0.25,0.24998597183287144,correlated,0.0
183,1.0,False,2.5200000000040745,2261,10,post_filter,0.25,0.25,0.24998597183287144,correlated,0.0
184,1.0,False,2.6802000002135173,2281,10,post_filter,0.25,0.25,0.24998597183287144,correlated,0.0
185,1.0,False,1.8092000000251574,780,10,post_filter,0.25,0.25,0.24998597183287144,correlated,0.0
186,1.0,False,2.310400000169466,1660,10,post_filter,0.25,0.25,0.24998597183287144,correlated,0.0
187,1.0,False,2.586600000540784,2542,10,post_filter,0.25,0.25,0.24998597183287144,correlated,0.0
188,1.0,False,2.4561999998695683,2065,10,post_filter,0.25,0.25,0.24998597183287144,correlated,0.0
189,1.0,False,2.5241999992431374,2231,10,post_filter,0.25,0.25,0.24998597183287144,correlated,0.0
190,1.0,False,2.240200000414916,1629,10,post_filter,0.25,0.25,0.24998597183287144,correlated,0.0
191,1.0,False,2.5815999997576,2598,10,post_filter,0.25,0.25,0.24998597183287144,correlated,0.0
192,0.9,False,2.7907000003324356,2840,10,post_filter,0.25,0.25,0.24998597183287144,correlated,0.0
193,1.0,False,2.516499999728694,2013,10,post_filter,0.25,0.25,0.24998597183287144,correlated,0.0
194,1.0,False,2.5972000003093854,2400,10,post_filter,0.25,0.25,0.24998597183287144,correlated,0.0
195,1.0,False,2.6791999998749816,2504,10,post_filter,0.25,0.25,0.24998597183287144,correlated,0.0
196,1.0,False,2.6656999998522224,2607,10,post_filter,0.25,0.25,0.24998597183287144,correlated,0.0
197,1.0,False,2.633300000525196,2528,10,post_filter,0.25,0.25,0.24998597183287144,correlated,0.0
198,1.0,False,2.163799999834737,1277,10,post_filter,0.25,0.25,0.24998597183287144,correlated,0.0
199,1.0,False,2.7663000000757165,2771,10,post_filter,0.25,0.25,0.24998597183287144,correlated,0.0
20,1.0,False,9.882700000162004,50000,10,pre_filter,0.5,0.5,0.500011067584157,correlated,
21,1.0,False,9.377499999573047,50000,10,pre_filter,0.5,0.5,0.500011067584157,correlated,
22,1.0,False,9.674800000539108,50000,10,pre_filter,0.5,0.5,0.500011067584157,correlated,
23,1.0,False,10.100399999828369,50000,10,pre_filter,0.5,0.5,0.500011067584157,correlated,
24,1.0,False,10.21149999996851,50000,10,pre_filter,0.5,0.5,0.500011067584157,correlated,
25,1.0,False,10.042100000646315,50000,10,pre_filter,0.5,0.5,0.500011067584157,correlated,
26,1.0,False,8.962699999756296,50000,10,pre_filter,0.5,0.5,0.500011067584157,correlated,
27,1.0,False,7.913299999927403,50000,10,pre_filter,0.5,0.5,0.500011067584157,correlated,
28,1.0,False,8.953700000347453,50000,10,pre_filter,0.5,0.5,0.500011067584157,correlated,
29,1.0,False,8.872700000210898,50000,10,pre_filter,0.5,0.5,0.500011067584157,correlated,
30,1.0,False,9.817000000111875,50000,10,pre_filter,0.5,0.5,0.500011067584157,correlated,
31,1.0,False,10.02619999962917,50000,10,pre_filter,0.5,0.5,0.500011067584157,correlated,
32,1.0,False,10.206300000390911,50000,10,pre_filter,0.5,0.5,0.500011067584157,correlated,
33,1.0,False,10.70849999996426,50000,10,pre_filter,0.5,0.5,0.500011067584157,correlated,
34,1.0,False,9.806799999751092,50000,10,pre_filter,0.5,0.5,0.500011067584157,correlated,
35,1.0,False,9.845699999459612,50000,10,pre_filter,0.5,0.5,0.500011067584157,correlated,
36,1.0,False,8.851000000504428,50000,10,pre_filter,0.5,0.5,0.500011067584157,correlated,
37,1.0,False,10.203300000284798,50000,10,pre_filter,0.5,0.5,0.500011067584157,correlated,
38,1.0,False,10.36850000036793,50000,10,pre_filter,0.5,0.5,0.500011067584157,correlated,
39,1.0,False,9.628699999666424,50000,10,pre_filter,0.5,0.5,0.500011067584157,correlated,
40,1.0,False,10.020300000178395,50000,10,pre_filter,0.5,0.5,0.500011067584157,correlated,
41,1.0,False,10.024000000157685,50000,10,pre_filter,0.5,0.5,0.500011067584157,correlated,
42,1.0,False,9.472499999901629,50000,10,pre_filter,0.5,0.5,0.500011067584157,correlated,
43,1.0,False,9.28840000051423,50000,10,pre_filter,0.5,0.5,0.500011067584157,correlated,
44,1.0,False,9.63419999970938,50000,10,pre_filter,0.5,0.5,0.500011067584157,correlated,
45,1.0,False,9.417900000698864,50000,10,pre_filter,0.5,0.5,0.500011067584157,correlated,
46,1.0,False,9.515599999758706,50000,10,pre_filter,0.5,0.5,0.500011067584157,correlated,
47,1.0,False,9.837300000071991,50000,10,pre_filter,0.5,0.5,0.500011067584157,correlated,
48,1.0,False,9.659800000008545,50000,10,pre_filter,0.5,0.5,0.500011067584157,correlated,
49,1.0,False,9.964900000341004,50000,10,pre_filter,0.5,0.5,0.500011067584157,correlated,
50,1.0,False,10.225400000308582,50000,10,pre_filter,0.5,0.5,0.500011067584157,correlated,
51,1.0,False,10.13409999995929,50000,10,pre_filter,0.5,0.5,0.500011067584157,correlated,
52,1.0,False,9.267200000067533,50000,10,pre_filter,0.5,0.5,0.500011067584157,correlated,
53,1.0,False,7.721500000116066,50000,10,pre_filter,0.5,0.5,0.500011067584157,correlated,
54,1.0,False,9.965299999748822,50000,10,pre_filter,0.5,0.5,0.500011067584157,correlated,
55,1.0,False,10.990800000399759,50000,10,pre_filter,0.5,0.5,0.500011067584157,correlated,
56,1.0,False,9.670500000538595,50000,10,pre_filter,0.5,0.5,0.500011067584157,correlated,
57,1.0,False,9.7141999995074,50000,10,pre_filter,0.5,0.5,0.500011067584157,correlated,
58,1.0,False,9.970699999939825,50000,10,pre_filter,0.5,0.5,0.500011067584157,correlated,
59,1.0,False,10.159899999962363,50000,10,pre_filter,0.5,0.5,0.500011067584157,correlated,
60,1.0,False,10.025400000813534,50000,10,pre_filter,0.5,0.5,0.500011067584157,correlated,
61,1.0,False,9.678499999608903,50000,10,pre_filter,0.5,0.5,0.500011067584157,correlated,
62,1.0,False,9.662600000410748,50000,10,pre_filter,0.5,0.5,0.500011067584157,correlated,
63,1.0,False,9.53990000016347,50000,10,pre_filter,0.5,0.5,0.500011067584157,correlated,
64,1.0,False,9.946199999831151,50000,10,pre_filter,0.5,0.5,0.500011067584157,correlated,
65,1.0,False,9.72870000077819,50000,10,pre_filter,0.5,0.5,0.500011067584157,correlated,
66,1.0,False,9.13970000055997,50000,10,pre_filter,0.5,0.5,0.500011067584157,correlated,
67,1.0,False,10.46680000035849,50000,10,pre_filter,0.5,0.5,0.500011067584157,correlated,
68,1.0,False,10.144100000616163,50000,10,pre_filter,0.5,0.5,0.500011067584157,correlated,
69,1.0,False,10.121100000105798,50000,10,pre_filter,0.5,0.5,0.500011067584157,correlated,
70,1.0,False,10.134799999832467,50000,10,pre_filter,0.5,0.5,0.500011067584157,correlated,
71,1.0,False,9.998999999879743,50000,10,pre_filter,0.5,0.5,0.500011067584157,correlated,
72,1.0,False,9.896200000184763,50000,10,pre_filter,0.5,0.5,0.500011067584157,correlated,
73,1.0,False,10.180100000070524,50000,10,pre_filter,0.5,0.5,0.500011067584157,correlated,
74,1.0,False,9.074700000383018,50000,10,pre_filter,0.5,0.5,0.500011067584157,correlated,
75,1.0,False,8.77409999975498,50000,10,pre_filter,0.5,0.5,0.500011067584157,correlated,
76,1.0,False,9.72509999974136,50000,10,pre_filter,0.5,0.5,0.500011067584157,correlated,
77,1.0,False,8.750800000598247,50000,10,pre_filter,0.5,0.5,0.500011067584157,correlated,
78,1.0,False,10.577399999419868,50000,10,pre_filter,0.5,0.5,0.500011067584157,correlated,
79,1.0,False,9.746099999574653,50000,10,pre_filter,0.5,0.5,0.500011067584157,correlated,
80,1.0,False,10.123400000338734,50000,10,pre_filter,0.5,0.5,0.500011067584157,correlated,
81,1.0,False,10.776800000712683,50000,10,pre_filter,0.5,0.5,0.500011067584157,correlated,
82,1.0,False,9.203300000081072,50000,10,pre_filter,0.5,0.5,0.500011067584157,correlated,
83,1.0,False,8.675500000208558,50000,10,pre_filter,0.5,0.5,0.500011067584157,correlated,
84,1.0,False,10.122800000317511,50000,10,pre_filter,0.5,0.5,0.500011067584157,correlated,
85,1.0,False,9.857000000010885,50000,10,pre_filter,0.5,0.5,0.500011067584157,correlated,
86,1.0,False,10.277299999870593,50000,10,pre_filter,0.5,0.5,0.500011067584157,correlated,
87,1.0,False,9.635000000344007,50000,10,pre_filter,0.5,0.5,0.500011067584157,correlated,
88,1.0,False,9.340100000372331,50000,10,pre_filter,0.5,0.5,0.500011067584157,correlated,
89,1.0,False,9.878199999548087,50000,10,pre_filter,0.5,0.5,0.500011067584157,correlated,
90,1.0,False,9.58849999915401,50000,10,pre_filter,0.5,0.5,0.500011067584157,correlated,
91,1.0,False,9.313399999882677,50000,10,pre_filter,0.5,0.5,0.500011067584157,correlated,
92,1.0,False,9.818900000027497,50000,10,pre_filter,0.5,0.5,0.500011067584157,correlated,
93,1.0,False,9.660599999733677,50000,10,pre_filter,0.5,0.5,0.500011067584157,correlated,
94,1.0,False,9.790999999495398,50000,10,pre_filter,0.5,0.5,0.500011067584157,correlated,
95,1.0,False,9.588799999619368,50000,10,pre_filter,0.5,0.5,0.500011067584157,correlated,
96,1.0,False,9.807600000385719,50000,10,pre_filter,0.5,0.5,0.500011067584157,correlated,
97,1.0,False,10.162599999603117,50000,10,pre_filter,0.5,0.5,0.500011067584157,correlated,
98,1.0,False,9.94540000010602,50000,10,pre_filter,0.5,0.5,0.500011067584157,correlated,
99,1.0,False,10.056600000098115,50000,10,pre_filter,0.5,0.5,0.500011067584157,correlated,
100,1.0,False,9.751399999913701,50000,10,pre_filter,0.5,0.5,0.500011067584157,correlated,
101,1.0,False,9.942300000147952,50000,10,pre_filter,0.5,0.5,0.500011067584157,correlated,
102,1.0,False,9.928800000125193,50000,10,pre_filter,0.5,0.5,0.500011067584157,correlated,
103,1.0,False,9.377099999255734,50000,10,pre_filter,0.5,0.5,0.500011067584157,correlated,
104,1.0,False,8.047600000281818,50000,10,pre_filter,0.5,0.5,0.500011067584157,correlated,
105,1.0,False,9.18309999997291,50000,10,pre_filter,0.5,0.5,0.500011067584157,correlated,
106,1.0,False,9.167999999590393,50000,10,pre_filter,0.5,0.5,0.500011067584157,correlated,
107,1.0,False,9.00770000043849,50000,10,pre_filter,0.5,0.5,0.500011067584157,correlated,
108,1.0,False,10.01650000034715,50000,10,pre_filter,0.5,0.5,0.500011067584157,correlated,
109,1.0,False,11.304000000563974,50000,10,pre_filter,0.5,0.5,0.500011067584157,correlated,
110,1.0,False,9.886300000289339,50000,10,pre_filter,0.5,0.5,0.500011067584157,correlated,
111,1.0,False,10.127700000339246,50000,10,pre_filter,0.5,0.5,0.500011067584157,correlated,
112,1.0,False,10.418900000331632,50000,10,pre_filter,0.5,0.5,0.500011067584157,correlated,
113,1.0,False,10.33700000061799,50000,10,pre_filter,0.5,0.5,0.500011067584157,correlated,
114,1.0,False,9.946900000613823,50000,10,pre_filter,0.5,0.5,0.500011067584157,correlated,
115,1.0,False,10.92160000007425,50000,10,pre_filter,0.5,0.5,0.500011067584157,correlated,
116,1.0,False,10.785000000396394,50000,10,pre_filter,0.5,0.5,0.500011067584157,correlated,
117,1.0,False,10.110499999427702,50000,10,pre_filter,0.5,0.5,0.500011067584157,correlated,
118,1.0,False,9.897499999169668,50000,10,pre_filter,0.5,0.5,0.500011067584157,correlated,
119,1.0,False,10.482900000170048,50000,10,pre_filter,0.5,0.5,0.500011067584157,correlated,
120,1.0,False,9.808099999645492,50000,10,pre_filter,0.5,0.5,0.500011067584157,correlated,
121,1.0,False,9.858599999461148,50000,10,pre_filter,0.5,0.5,0.500011067584157,correlated,
122,1.0,False,9.896599999592581,50000,10,pre_filter,0.5,0.5,0.500011067584157,correlated,
123,1.0,False,10.127900000043155,50000,10,pre_filter,0.5,0.5,0.500011067584157,correlated,
124,1.0,False,9.878899999421265,50000,10,pre_filter,0.5,0.5,0.500011067584157,correlated,
125,1.0,False,10.069400000247697,50000,10,pre_filter,0.5,0.5,0.500011067584157,correlated,
126,1.0,False,9.957399999620975,50000,10,pre_filter,0.5,0.5,0.500011067584157,correlated,
127,1.0,False,10.076300000037008,50000,10,pre_filter,0.5,0.5,0.500011067584157,correlated,
128,1.0,False,9.134200000517012,50000,10,pre_filter,0.5,0.5,0.500011067584157,correlated,
129,1.0,False,8.192500000404834,50000,10,pre_filter,0.5,0.5,0.500011067584157,correlated,
130,1.0,False,8.610299999418203,50000,10,pre_filter,0.5,0.5,0.500011067584157,correlated,
131,1.0,False,8.565799999814772,50000,10,pre_filter,0.5,0.5,0.500011067584157,correlated,
132,1.0,False,9.681600000476465,50000,10,pre_filter,0.5,0.5,0.500011067584157,correlated,
133,1.0,False,9.975699999813514,50000,10,pre_filter,0.5,0.5,0.500011067584157,correlated,
134,1.0,False,9.455800000068848,50000,10,pre_filter,0.5,0.5,0.500011067584157,correlated,
135,1.0,False,10.06630000028963,50000,10,pre_filter,0.5,0.5,0.500011067584157,correlated,
136,1.0,False,9.857399999418703,50000,10,pre_filter,0.5,0.5,0.500011067584157,correlated,
137,1.0,False,10.405500000160828,50000,10,pre_filter,0.5,0.5,0.500011067584157,correlated,
138,1.0,False,9.22179999997752,50000,10,pre_filter,0.5,0.5,0.500011067584157,correlated,
139,1.0,False,8.214599999519123,50000,10,pre_filter,0.5,0.5,0.500011067584157,correlated,
140,1.0,False,8.599699999649602,50000,10,pre_filter,0.5,0.5,0.500011067584157,correlated,
141,1.0,False,8.662600000207021,50000,10,pre_filter,0.5,0.5,0.500011067584157,correlated,
142,1.0,False,9.157000000413973,50000,10,pre_filter,0.5,0.5,0.500011067584157,correlated,
143,1.0,False,10.104599999976926,50000,10,pre_filter,0.5,0.5,0.500011067584157,correlated,
144,1.0,False,10.038299999905576,50000,10,pre_filter,0.5,0.5,0.500011067584157,correlated,
145,1.0,False,9.662099999331986,50000,10,pre_filter,0.5,0.5,0.500011067584157,correlated,
146,1.0,False,9.801700000025448,50000,10,pre_filter,0.5,0.5,0.500011067584157,correlated,
147,1.0,False,10.121600000275066,50000,10,pre_filter,0.5,0.5,0.500011067584157,correlated,
148,1.0,False,9.947400000783091,50000,10,pre_filter,0.5,0.5,0.500011067584157,correlated,
149,1.0,False,9.699199999886332,50000,10,pre_filter,0.5,0.5,0.500011067584157,correlated,
150,1.0,False,9.671499999967637,50000,10,pre_filter,0.5,0.5,0.500011067584157,correlated,
151,1.0,False,9.884000000056403,50000,10,pre_filter,0.5,0.5,0.500011067584157,correlated,
152,1.0,False,10.230099999716913,50000,10,pre_filter,0.5,0.5,0.500011067584157,correlated,
153,1.0,False,9.634299999561335,50000,10,pre_filter,0.5,0.5,0.500011067584157,correlated,
154,1.0,False,9.88469999992958,50000,10,pre_filter,0.5,0.5,0.500011067584157,correlated,
155,1.0,False,10.46070000029431,50000,10,pre_filter,0.5,0.5,0.500011067584157,correlated,
156,1.0,False,9.871499999462685,50000,10,pre_filter,0.5,0.5,0.500011067584157,correlated,
157,1.0,False,9.6161999999822,50000,10,pre_filter,0.5,0.5,0.500011067584157,correlated,
158,1.0,False,10.050299999420531,50000,10,pre_filter,0.5,0.5,0.500011067584157,correlated,
159,1.0,False,9.932699999808392,50000,10,pre_filter,0.5,0.5,0.500011067584157,correlated,
160,1.0,False,10.113299999829906,50000,10,pre_filter,0.5,0.5,0.500011067584157,correlated,
161,1.0,False,10.009399999944435,50000,10,pre_filter,0.5,0.5,0.500011067584157,correlated,
162,1.0,False,9.974599999623024,50000,10,pre_filter,0.5,0.5,0.500011067584157,correlated,
163,1.0,False,11.270599999988917,50000,10,pre_filter,0.5,0.5,0.500011067584157,correlated,
164,1.0,False,10.716900000261376,50000,10,pre_filter,0.5,0.5,0.500011067584157,correlated,
165,1.0,False,10.184200000367127,50000,10,pre_filter,0.5,0.5,0.500011067584157,correlated,
166,1.0,False,10.341199999857054,50000,10,pre_filter,0.5,0.5,0.500011067584157,correlated,
167,1.0,False,10.11350000044331,50000,10,pre_filter,0.5,0.5,0.500011067584157,correlated,
168,1.0,False,10.806500000398955,50000,10,pre_filter,0.5,0.5,0.500011067584157,correlated,
169,1.0,False,10.24539999980334,50000,10,pre_filter,0.5,0.5,0.500011067584157,correlated,
170,1.0,False,10.789199999635457,50000,10,pre_filter,0.5,0.5,0.500011067584157,correlated,
171,1.0,False,10.29960000050778,50000,10,pre_filter,0.5,0.5,0.500011067584157,correlated,
172,1.0,False,9.970500000235916,50000,10,pre_filter,0.5,0.5,0.500011067584157,correlated,
173,1.0,False,10.076200000185054,50000,10,pre_filter,0.5,0.5,0.500011067584157,correlated,
174,1.0,False,10.076999999910186,50000,10,pre_filter,0.5,0.5,0.500011067584157,correlated,
175,1.0,False,9.640899999794783,50000,10,pre_filter,0.5,0.5,0.500011067584157,correlated,
176,1.0,False,9.875499999907333,50000,10,pre_filter,0.5,0.5,0.500011067584157,correlated,
177,1.0,False,9.94049999917479,50000,10,pre_filter,0.5,0.5,0.500011067584157,correlated,
178,1.0,False,9.626800000660296,50000,10,pre_filter,0.5,0.5,0.500011067584157,correlated,
179,1.0,False,10.047399999166373,50000,10,pre_filter,0.5,0.5,0.500011067584157,correlated,
180,1.0,False,9.877800000140269,50000,10,pre_filter,0.5,0.5,0.500011067584157,correlated,
181,1.0,False,9.932300000400573,50000,10,pre_filter,0.5,0.5,0.500011067584157,correlated,
182,1.0,False,9.982300000046962,50000,10,pre_filter,0.5,0.5,0.500011067584157,correlated,
183,1.0,False,9.827599999880476,50000,10,pre_filter,0.5,0.5,0.500011067584157,correlated,
184,1.0,False,10.465000000294822,50000,10,pre_filter,0.5,0.5,0.500011067584157,correlated,
185,1.0,False,9.600399999726505,50000,10,pre_filter,0.5,0.5,0.500011067584157,correlated,
186,1.0,False,10.566699999799312,50000,10,pre_filter,0.5,0.5,0.500011067584157,correlated,
187,1.0,False,10.791700000481796,50000,10,pre_filter,0.5,0.5,0.500011067584157,correlated,
188,1.0,False,9.738800000377523,50000,10,pre_filter,0.5,0.5,0.500011067584157,correlated,
189,1.0,False,9.81930000034481,50000,10,pre_filter,0.5,0.5,0.500011067584157,correlated,
190,1.0,False,10.494999999536958,50000,10,pre_filter,0.5,0.5,0.500011067584157,correlated,
191,1.0,False,9.975799999665469,50000,10,pre_filter,0.5,0.5,0.500011067584157,correlated,
192,1.0,False,9.729700000207231,50000,10,pre_filter,0.5,0.5,0.500011067584157,correlated,
193,1.0,False,9.907300000122632,50000,10,pre_filter,0.5,0.5,0.500011067584157,correlated,
194,1.0,False,10.062999999718159,50000,10,pre_filter,0.5,0.5,0.500011067584157,correlated,
195,1.0,False,9.769499999492837,50000,10,pre_filter,0.5,0.5,0.500011067584157,correlated,
196,1.0,False,9.998099999393162,50000,10,pre_filter,0.5,0.5,0.500011067584157,correlated,
197,1.0,False,9.99119999960385,50000,10,pre_filter,0.5,0.5,0.500011067584157,correlated,
198,1.0,False,10.255399999550718,50000,10,pre_filter,0.5,0.5,0.500011067584157,correlated,
199,1.0,False,8.957800000644056,50000,10,pre_filter,0.5,0.5,0.500011067584157,correlated,
20,1.0,False,1.5849000001253444,932,10,post_filter,0.5,0.5,0.500011067584157,correlated,0.0
21,1.0,False,1.7751000004864181,1238,10,post_filter,0.5,0.5,0.500011067584157,correlated,0.0
22,0.9,False,1.2931000001117354,1095,10,post_filter,0.5,0.5,0.500011067584157,correlated,0.0
23,0.9,False,1.3908999999330263,1237,10,post_filter,0.5,0.5,0.500011067584157,correlated,0.0
24,1.0,False,1.4860000001135631,1421,10,post_filter,0.5,0.5,0.500011067584157,correlated,0.0
25,1.0,False,1.323200000115321,1175,10,post_filter,0.5,0.5,0.500011067584157,correlated,0.0
26,1.0,False,1.40209999972285,1337,10,post_filter,0.5,0.5,0.500011067584157,correlated,0.0
27,1.0,False,1.4194000004863483,1367,10,post_filter,0.5,0.5,0.500011067584157,correlated,0.0
28,1.0,False,1.3215999997555627,1269,10,post_filter,0.5,0.5,0.500011067584157,correlated,0.0
29,1.0,False,1.087500000721775,579,10,post_filter,0.5,0.5,0.500011067584157,correlated,0.0
30,1.0,False,1.3429999999061693,1247,10,post_filter,0.5,0.5,0.500011067584157,correlated,0.0
31,1.0,False,1.4807999996264698,1330,10,post_filter,0.5,0.5,0.500011067584157,correlated,0.0
32,1.0,False,1.1706000004778616,1229,10,post_filter,0.5,0.5,0.500011067584157,correlated,0.0
33,0.9,False,1.2734000001728418,1055,10,post_filter,0.5,0.5,0.500011067584157,correlated,0.0
34,1.0,False,1.330000000052678,1317,10,post_filter,0.5,0.5,0.500011067584157,correlated,0.0
35,1.0,False,1.3781999996353989,1377,10,post_filter,0.5,0.5,0.500011067584157,correlated,0.0
36,1.0,False,1.4510000000882428,1562,10,post_filter,0.5,0.5,0.500011067584157,correlated,0.0
37,1.0,False,1.2845999999626656,1094,10,post_filter,0.5,0.5,0.500011067584157,correlated,0.0
38,1.0,False,1.2858000000051106,1186,10,post_filter,0.5,0.5,0.500011067584157,correlated,0.0
39,1.0,False,1.4068000000406755,1078,10,post_filter,0.5,0.5,0.500011067584157,correlated,0.0
40,1.0,False,1.4479999999821302,1407,10,post_filter,0.5,0.5,0.500011067584157,correlated,0.0
41,1.0,False,1.1549999999260763,779,10,post_filter,0.5,0.5,0.500011067584157,correlated,0.0
42,0.9,False,1.4164000003802357,1356,10,post_filter,0.5,0.5,0.500011067584157,correlated,0.0
43,1.0,False,1.495999999860942,1402,10,post_filter,0.5,0.5,0.500011067584157,correlated,0.0
44,1.0,False,1.2574999991556979,1002,10,post_filter,0.5,0.5,0.500011067584157,correlated,0.0
45,1.0,False,1.3281999999890104,1178,10,post_filter,0.5,0.5,0.500011067584157,correlated,0.0
46,1.0,False,1.3557000002037967,1218,10,post_filter,0.5,0.5,0.500011067584157,correlated,0.0
47,1.0,False,1.4375000000654836,1464,10,post_filter,0.5,0.5,0.500011067584157,correlated,0.0
48,1.0,False,1.1905000001206645,1237,10,post_filter,0.5,0.5,0.500011067584157,correlated,0.0
49,1.0,False,1.1975999996138853,919,10,post_filter,0.5,0.5,0.500011067584157,correlated,0.0
50,1.0,False,1.2838000002375338,1158,10,post_filter,0.5,0.5,0.500011067584157,correlated,0.0
51,1.0,False,1.2176000000181375,938,10,post_filter,0.5,0.5,0.500011067584157,correlated,0.0
52,1.0,False,1.3521999999284162,1351,10,post_filter,0.5,0.5,0.500011067584157,correlated,0.0
53,1.0,False,1.299000000472006,1294,10,post_filter,0.5,0.5,0.500011067584157,correlated,0.0
54,1.0,False,1.0714999998526764,576,10,post_filter,0.5,0.5,0.500011067584157,correlated,0.0
55,1.0,False,1.110799999878509,679,10,post_filter,0.5,0.5,0.500011067584157,correlated,0.0
56,1.0,False,1.2370000004011672,1292,10,post_filter,0.5,0.5,0.500011067584157,correlated,0.0
57,1.0,False,1.3637000001835986,1386,10,post_filter,0.5,0.5,0.500011067584157,correlated,0.0
58,1.0,False,1.4158000003590132,1421,10,post_filter,0.5,0.5,0.500011067584157,correlated,0.0
59,1.0,False,1.1315000001559383,684,10,post_filter,0.5,0.5,0.500011067584157,correlated,0.0
60,1.0,False,1.3618999992104364,1369,10,post_filter,0.5,0.5,0.500011067584157,correlated,0.0
61,1.0,False,1.2486000005083042,954,10,post_filter,0.5,0.5,0.500011067584157,correlated,0.0
62,1.0,False,1.0889999994105892,635,10,post_filter,0.5,0.5,0.500011067584157,correlated,0.0
63,1.0,False,1.247700000021723,966,10,post_filter,0.5,0.5,0.500011067584157,correlated,0.0
64,1.0,False,1.197900000079244,881,10,post_filter,0.5,0.5,0.500011067584157,correlated,0.0
65,1.0,False,1.1803999996118364,903,10,post_filter,0.5,0.5,0.500011067584157,correlated,0.0
66,1.0,False,1.1805000003732857,828,10,post_filter,0.5,0.5,0.500011067584157,correlated,0.0
67,1.0,False,1.2382999993860722,952,10,post_filter,0.5,0.5,0.500011067584157,correlated,0.0
68,1.0,False,1.21820000003936,947,10,post_filter,0.5,0.5,0.500011067584157,correlated,0.0
69,1.0,False,1.32469999971363,1258,10,post_filter,0.5,0.5,0.500011067584157,correlated,0.0
70,1.0,False,1.051500000357919,600,10,post_filter,0.5,0.5,0.500011067584157,correlated,0.0
71,1.0,False,1.2096999998902902,914,10,post_filter,0.5,0.5,0.500011067584157,correlated,0.0
72,1.0,False,1.429400000233727,1504,10,post_filter,0.5,0.5,0.500011067584157,correlated,0.0
73,1.0,False,1.3329000003068359,1217,10,post_filter,0.5,0.5,0.500011067584157,correlated,0.0
74,1.0,False,1.3605000003735768,1273,10,post_filter,0.5,0.5,0.500011067584157,correlated,0.0
75,1.0,False,1.3722999992751284,1335,10,post_filter,0.5,0.5,0.500011067584157,correlated,0.0
76,1.0,False,1.30650000028254,1131,10,post_filter,0.5,0.5,0.500011067584157,correlated,0.0
77,1.0,False,1.3295000007929048,1223,10,post_filter,0.5,0.5,0.500011067584157,correlated,0.0
78,1.0,False,1.3487000005625305,1337,10,post_filter,0.5,0.5,0.500011067584157,correlated,0.0
79,1.0,False,1.107800000681891,738,10,post_filter,0.5,0.5,0.500011067584157,correlated,0.0
80,1.0,False,1.3435000000754371,1194,10,post_filter,0.5,0.5,0.500011067584157,correlated,0.0
81,1.0,False,1.3426000004983507,1506,10,post_filter,0.5,0.5,0.500011067584157,correlated,0.0
82,1.0,False,1.4892999997755396,1585,10,post_filter,0.5,0.5,0.500011067584157,correlated,0.0
83,1.0,False,1.301199999943492,1152,10,post_filter,0.5,0.5,0.500011067584157,correlated,0.0
84,0.9,False,1.4075000008233474,1443,10,post_filter,0.5,0.5,0.500011067584157,correlated,0.0
85,1.0,False,1.1993999996775528,874,10,post_filter,0.5,0.5,0.500011067584157,correlated,0.0
86,1.0,False,1.1838000000352622,850,10,post_filter,0.5,0.5,0.500011067584157,correlated,0.0
87,1.0,False,1.0717999994085403,628,10,post_filter,0.5,0.5,0.500011067584157,correlated,0.0
88,1.0,False,1.0912999996435246,652,10,post_filter,0.5,0.5,0.500011067584157,correlated,0.0
89,1.0,False,1.201000000037311,864,10,post_filter,0.5,0.5,0.500011067584157,correlated,0.0
90,1.0,False,1.231000000188942,951,10,post_filter,0.5,0.5,0.500011067584157,correlated,0.0
91,1.0,False,1.218700000208628,958,10,post_filter,0.5,0.5,0.500011067584157,correlated,0.0
92,1.0,False,1.4024000001882087,1361,10,post_filter,0.5,0.5,0.500011067584157,correlated,0.0
93,1.0,False,1.1219000007258728,1013,10,post_filter,0.5,0.5,0.500011067584157,correlated,0.0
94,1.0,False,1.1023999995813938,681,10,post_filter,0.5,0.5,0.500011067584157,correlated,0.0
95,1.0,False,1.3533000001189066,1258,10,post_filter,0.5,0.5,0.500011067584157,correlated,0.0
96,1.0,False,1.4016000004630769,1344,10,post_filter,0.5,0.5,0.500011067584157,correlated,0.0
97,1.0,False,1.4107999995758291,1191,10,post_filter,0.5,0.5,0.500011067584157,correlated,0.0
98,1.0,False,1.0724000003392575,611,10,post_filter,0.5,0.5,0.500011067584157,correlated,0.0
99,1.0,False,1.310100000409875,1170,10,post_filter,0.5,0.5,0.500011067584157,correlated,0.0
100,1.0,False,1.2641000002986402,1032,10,post_filter,0.5,0.5,0.500011067584157,correlated,0.0
101,1.0,False,1.2976999996681116,1002,10,post_filter,0.5,0.5,0.500011067584157,correlated,0.0
102,1.0,False,1.4074999999138527,1356,10,post_filter,0.5,0.5,0.500011067584157,correlated,0.0
103,1.0,False,1.409800000146788,1357,10,post_filter,0.5,0.5,0.500011067584157,correlated,0.0
104,1.0,False,1.462799999899289,899,10,post_filter,0.5,0.5,0.500011067584157,correlated,0.0
105,1.0,False,3.7053000005471404,1158,10,post_filter,0.5,0.5,0.500011067584157,correlated,0.0
106,1.0,False,3.099800000200048,786,10,post_filter,0.5,0.5,0.500011067584157,correlated,0.0
107,1.0,False,2.941300000202318,841,10,post_filter,0.5,0.5,0.500011067584157,correlated,0.0
108,1.0,False,2.4407000000792323,410,10,post_filter,0.5,0.5,0.500011067584157,correlated,0.0
109,1.0,False,3.39339999936783,1047,10,post_filter,0.5,0.5,0.500011067584157,correlated,0.0
110,1.0,False,3.0627000005551963,896,10,post_filter,0.5,0.5,0.500011067584157,correlated,0.0
111,0.9,False,3.2748000003266498,1359,10,post_filter,0.5,0.5,0.500011067584157,correlated,0.0
112,1.0,False,2.8539000004457193,752,10,post_filter,0.5,0.5,0.500011067584157,correlated,0.0
113,1.0,False,3.2802999994601123,1339,10,post_filter,0.5,0.5,0.500011067584157,correlated,0.0
114,1.0,False,3.005999999913911,886,10,post_filter,0.5,0.5,0.500011067584157,correlated,0.0
115,1.0,False,3.234400000110327,1393,10,post_filter,0.5,0.5,0.500011067584157,correlated,0.0
116,1.0,False,2.6024999997389386,528,10,post_filter,0.5,0.5,0.500011067584157,correlated,0.0
117,1.0,False,3.4589999995660037,1620,10,post_filter,0.5,0.5,0.500011067584157,correlated,0.0
118,1.0,False,3.841699999611592,1387,10,post_filter,0.5,0.5,0.500011067584157,correlated,0.0
119,1.0,False,2.811700000165729,499,10,post_filter,0.5,0.5,0.500011067584157,correlated,0.0
120,1.0,False,3.159199999572593,1229,10,post_filter,0.5,0.5,0.500011067584157,correlated,0.0
121,1.0,False,3.128899999865098,1120,10,post_filter,0.5,0.5,0.500011067584157,correlated,0.0
122,1.0,False,3.2869000006030547,1394,10,post_filter,0.5,0.5,0.500011067584157,correlated,0.0
123,1.0,False,3.0554999993910315,963,10,post_filter,0.5,0.5,0.500011067584157,correlated,0.0
124,1.0,False,3.1154999996942934,1116,10,post_filter,0.5,0.5,0.500011067584157,correlated,0.0
125,1.0,False,3.302799999801209,1362,10,post_filter,0.5,0.5,0.500011067584157,correlated,0.0
126,1.0,False,3.2818999998198706,1478,10,post_filter,0.5,0.5,0.500011067584157,correlated,0.0
127,1.0,False,3.1759000003148685,1333,10,post_filter,0.5,0.5,0.500011067584157,correlated,0.0
128,1.0,False,3.224699999918812,1158,10,post_filter,0.5,0.5,0.500011067584157,correlated,0.0
129,1.0,False,2.952499999992142,928,10,post_filter,0.5,0.5,0.500011067584157,correlated,0.0
130,1.0,False,3.300399999716319,1461,10,post_filter,0.5,0.5,0.500011067584157,correlated,0.0
131,1.0,False,3.1919999992169323,1258,10,post_filter,0.5,0.5,0.500011067584157,correlated,0.0
132,1.0,False,3.2754000003478723,1483,10,post_filter,0.5,0.5,0.500011067584157,correlated,0.0
133,0.9,False,3.388999999515363,1505,10,post_filter,0.5,0.5,0.500011067584157,correlated,0.0
134,1.0,False,2.7515000001585577,688,10,post_filter,0.5,0.5,0.500011067584157,correlated,0.0
135,1.0,False,3.3005999994202284,1410,10,post_filter,0.5,0.5,0.500011067584157,correlated,0.0
136,1.0,False,3.2275000003210152,1449,10,post_filter,0.5,0.5,0.500011067584157,correlated,0.0
137,1.0,False,3.391100000044389,1515,10,post_filter,0.5,0.5,0.500011067584157,correlated,0.0
138,1.0,False,2.0044000002599205,1177,10,post_filter,0.5,0.5,0.500011067584157,correlated,0.0
139,1.0,False,1.2093999994249316,1242,10,post_filter,0.5,0.5,0.500011067584157,correlated,0.0
140,1.0,False,1.3433000003715279,1239,10,post_filter,0.5,0.5,0.500011067584157,correlated,0.0
141,1.0,False,1.201000000037311,916,10,post_filter,0.5,0.5,0.500011067584157,correlated,0.0
142,1.0,False,1.45169999996142,1517,10,post_filter,0.5,0.5,0.500011067584157,correlated,0.0
143,1.0,False,1.2302999994062702,905,10,post_filter,0.5,0.5,0.500011067584157,correlated,0.0
144,0.9,False,1.270499999918684,1124,10,post_filter,0.5,0.5,0.500011067584157,correlated,0.0
145,1.0,False,1.2294999996811384,932,10,post_filter,0.5,0.5,0.500011067584157,correlated,0.0
146,1.0,False,1.3791999999739346,1331,10,post_filter,0.5,0.5,0.500011067584157,correlated,0.0
147,0.9,False,1.4145999994070735,1431,10,post_filter,0.5,0.5,0.500011067584157,correlated,0.0
148,1.0,False,1.3318000001163455,1185,10,post_filter,0.5,0.5,0.500011067584157,correlated,0.0
149,1.0,False,1.279199999771663,1104,10,post_filter,0.5,0.5,0.500011067584157,correlated,0.0
150,1.0,False,1.4271000000007916,1318,10,post_filter,0.5,0.5,0.500011067584157,correlated,0.0
151,1.0,False,1.1339999991832883,684,10,post_filter,0.5,0.5,0.500011067584157,correlated,0.0
152,1.0,False,1.3501000003088848,1305,10,post_filter,0.5,0.5,0.500011067584157,correlated,0.0
153,1.0,False,1.3364999995246762,1236,10,post_filter,0.5,0.5,0.500011067584157,correlated,0.0
154,1.0,False,1.3108000002830522,1221,10,post_filter,0.5,0.5,0.500011067584157,correlated,0.0
155,1.0,False,1.376199999867822,1342,10,post_filter,0.5,0.5,0.500011067584157,correlated,0.0
156,1.0,False,1.3991000005262322,1478,10,post_filter,0.5,0.5,0.500011067584157,correlated,0.0
157,0.9,False,1.4699000003020046,1556,10,post_filter,0.5,0.5,0.500011067584157,correlated,0.0
158,1.0,False,1.393399999869871,1381,10,post_filter,0.5,0.5,0.500011067584157,correlated,0.0
159,0.9,False,1.374999999825377,1394,10,post_filter,0.5,0.5,0.500011067584157,correlated,0.0
160,1.0,False,1.419000000169035,1472,10,post_filter,0.5,0.5,0.500011067584157,correlated,0.0
161,1.0,False,1.5928000002531917,1358,10,post_filter,0.5,0.5,0.500011067584157,correlated,0.0
162,1.0,False,1.3343000000531902,1542,10,post_filter,0.5,0.5,0.500011067584157,correlated,0.0
163,1.0,False,1.3967000004413421,1408,10,post_filter,0.5,0.5,0.500011067584157,correlated,0.0
164,1.0,False,1.3024999998378917,1259,10,post_filter,0.5,0.5,0.500011067584157,correlated,0.0
165,1.0,False,1.3384000003497931,1244,10,post_filter,0.5,0.5,0.500011067584157,correlated,0.0
166,1.0,False,1.3497999998435262,1331,10,post_filter,0.5,0.5,0.500011067584157,correlated,0.0
167,1.0,False,1.4496000003418885,1473,10,post_filter,0.5,0.5,0.500011067584157,correlated,0.0
168,1.0,False,1.32460000077117,1306,10,post_filter,0.5,0.5,0.500011067584157,correlated,0.0
169,1.0,False,1.3550000003306195,1290,10,post_filter,0.5,0.5,0.500011067584157,correlated,0.0
170,1.0,False,1.292500000090513,1308,10,post_filter,0.5,0.5,0.500011067584157,correlated,0.0
171,1.0,False,1.3693999999304651,1329,10,post_filter,0.5,0.5,0.500011067584157,correlated,0.0
172,1.0,False,1.4443999998547952,1437,10,post_filter,0.5,0.5,0.500011067584157,correlated,0.0
173,1.0,False,1.2082000002919813,1283,10,post_filter,0.5,0.5,0.500011067584157,correlated,0.0
174,1.0,False,1.3158000001567416,1336,10,post_filter,0.5,0.5,0.500011067584157,correlated,0.0
175,1.0,False,1.375999999254418,1400,10,post_filter,0.5,0.5,0.500011067584157,correlated,0.0
176,1.0,False,1.323400000728725,1393,10,post_filter,0.5,0.5,0.500011067584157,correlated,0.0
177,1.0,False,1.393399999869871,1395,10,post_filter,0.5,0.5,0.500011067584157,correlated,0.0
178,1.0,False,1.352999999653548,1294,10,post_filter,0.5,0.5,0.500011067584157,correlated,0.0
179,1.0,False,1.2984000004507834,1314,10,post_filter,0.5,0.5,0.500011067584157,correlated,0.0
180,1.0,False,1.325600000200211,1139,10,post_filter,0.5,0.5,0.500011067584157,correlated,0.0
181,1.0,False,1.3810000000376021,1386,10,post_filter,0.5,0.5,0.500011067584157,correlated,0.0
182,1.0,False,1.3602000008177129,1272,10,post_filter,0.5,0.5,0.500011067584157,correlated,0.0
183,1.0,False,1.3497999998435262,1336,10,post_filter,0.5,0.5,0.500011067584157,correlated,0.0
184,1.0,False,1.4176000004226808,1296,10,post_filter,0.5,0.5,0.500011067584157,correlated,0.0
185,1.0,False,0.8917000004657893,469,10,post_filter,0.5,0.5,0.500011067584157,correlated,0.0
186,1.0,False,1.2332000005699228,997,10,post_filter,0.5,0.5,0.500011067584157,correlated,0.0
187,1.0,False,1.4087999998082523,1463,10,post_filter,0.5,0.5,0.500011067584157,correlated,0.0
188,1.0,False,1.3209999997343402,1275,10,post_filter,0.5,0.5,0.500011067584157,correlated,0.0
189,1.0,False,1.357099999950151,1244,10,post_filter,0.5,0.5,0.500011067584157,correlated,0.0
190,1.0,False,1.219400000081805,904,10,post_filter,0.5,0.5,0.500011067584157,correlated,0.0
191,1.0,False,1.4545000003636233,1585,10,post_filter,0.5,0.5,0.500011067584157,correlated,0.0
192,0.9,False,1.4816000002610963,1614,10,post_filter,0.5,0.5,0.500011067584157,correlated,0.0
193,1.0,False,1.3293000001795008,1203,10,post_filter,0.5,0.5,0.500011067584157,correlated,0.0
194,1.0,False,1.402599999892118,1366,10,post_filter,0.5,0.5,0.500011067584157,correlated,0.0
195,1.0,False,1.4431999998123501,1433,10,post_filter,0.5,0.5,0.500011067584157,correlated,0.0
196,1.0,False,1.4184999999997672,1512,10,post_filter,0.5,0.5,0.500011067584157,correlated,0.0
197,1.0,False,1.4247999997678562,1487,10,post_filter,0.5,0.5,0.500011067584157,correlated,0.0
198,1.0,False,1.1868000001413748,807,10,post_filter,0.5,0.5,0.500011067584157,correlated,0.0
199,1.0,False,1.4459000003625988,1579,10,post_filter,0.5,0.5,0.500011067584157,correlated,0.0
20,1.0,False,16.058600000178558,100000,10,pre_filter,1.0,1.0,1.0,correlated,
21,1.0,False,15.98779999949329,100000,10,pre_filter,1.0,1.0,1.0,correlated,
22,1.0,False,15.261199999258679,100000,10,pre_filter,1.0,1.0,1.0,correlated,
23,1.0,False,15.536199999587552,100000,10,pre_filter,1.0,1.0,1.0,correlated,
24,1.0,False,15.930500000649772,100000,10,pre_filter,1.0,1.0,1.0,correlated,
25,1.0,False,16.011599999728787,100000,10,pre_filter,1.0,1.0,1.0,correlated,
26,1.0,False,16.062400000009802,100000,10,pre_filter,1.0,1.0,1.0,correlated,
27,1.0,False,15.779000000293308,100000,10,pre_filter,1.0,1.0,1.0,correlated,
28,1.0,False,16.670699999849603,100000,10,pre_filter,1.0,1.0,1.0,correlated,
29,1.0,False,16.810199999781616,100000,10,pre_filter,1.0,1.0,1.0,correlated,
30,1.0,False,15.627700000550249,100000,10,pre_filter,1.0,1.0,1.0,correlated,
31,1.0,False,15.919700000267767,100000,10,pre_filter,1.0,1.0,1.0,correlated,
32,1.0,False,16.620200000033947,100000,10,pre_filter,1.0,1.0,1.0,correlated,
33,1.0,False,19.738599999982398,100000,10,pre_filter,1.0,1.0,1.0,correlated,
34,1.0,False,16.530500000044412,100000,10,pre_filter,1.0,1.0,1.0,correlated,
35,1.0,False,19.99619999969582,100000,10,pre_filter,1.0,1.0,1.0,correlated,
36,1.0,False,16.811699999379925,100000,10,pre_filter,1.0,1.0,1.0,correlated,
37,1.0,False,17.01099999991129,100000,10,pre_filter,1.0,1.0,1.0,correlated,
38,1.0,False,19.865799999934097,100000,10,pre_filter,1.0,1.0,1.0,correlated,
39,1.0,False,16.088900000795547,100000,10,pre_filter,1.0,1.0,1.0,correlated,
40,1.0,False,16.365800000130548,100000,10,pre_filter,1.0,1.0,1.0,correlated,
41,1.0,False,17.28869999988092,100000,10,pre_filter,1.0,1.0,1.0,correlated,
42,1.0,False,17.736499999955413,100000,10,pre_filter,1.0,1.0,1.0,correlated,
43,1.0,False,17.29040000009263,100000,10,pre_filter,1.0,1.0,1.0,correlated,
44,1.0,False,16.12959999965824,100000,10,pre_filter,1.0,1.0,1.0,correlated,
45,1.0,False,16.45879999978206,100000,10,pre_filter,1.0,1.0,1.0,correlated,
46,1.0,False,16.27360000020417,100000,10,pre_filter,1.0,1.0,1.0,correlated,
47,1.0,False,16.01680000021588,100000,10,pre_filter,1.0,1.0,1.0,correlated,
48,1.0,False,16.002100000150676,100000,10,pre_filter,1.0,1.0,1.0,correlated,
49,1.0,False,15.831300000172632,100000,10,pre_filter,1.0,1.0,1.0,correlated,
50,1.0,False,15.78109999991284,100000,10,pre_filter,1.0,1.0,1.0,correlated,
51,1.0,False,15.790100000231178,100000,10,pre_filter,1.0,1.0,1.0,correlated,
52,1.0,False,16.45230000031006,100000,10,pre_filter,1.0,1.0,1.0,correlated,
53,1.0,False,16.26010000018141,100000,10,pre_filter,1.0,1.0,1.0,correlated,
54,1.0,False,17.744499999935215,100000,10,pre_filter,1.0,1.0,1.0,correlated,
55,1.0,False,16.093799999907787,100000,10,pre_filter,1.0,1.0,1.0,correlated,
56,1.0,False,16.307299999425595,100000,10,pre_filter,1.0,1.0,1.0,correlated,
57,1.0,False,15.97589999983029,100000,10,pre_filter,1.0,1.0,1.0,correlated,
58,1.0,False,15.703799999755574,100000,10,pre_filter,1.0,1.0,1.0,correlated,
59,1.0,False,17.760800000360177,100000,10,pre_filter,1.0,1.0,1.0,correlated,
60,1.0,False,16.48410000052536,100000,10,pre_filter,1.0,1.0,1.0,correlated,
61,1.0,False,16.235000000051514,100000,10,pre_filter,1.0,1.0,1.0,correlated,
62,1.0,False,16.190700000151992,100000,10,pre_filter,1.0,1.0,1.0,correlated,
63,1.0,False,16.561800000090443,100000,10,pre_filter,1.0,1.0,1.0,correlated,
64,1.0,False,15.664000000469969,100000,10,pre_filter,1.0,1.0,1.0,correlated,
65,1.0,False,19.762099999752536,100000,10,pre_filter,1.0,1.0,1.0,correlated,
66,1.0,False,18.226099999992584,100000,10,pre_filter,1.0,1.0,1.0,correlated,
67,1.0,False,16.784800000095856,100000,10,pre_filter,1.0,1.0,1.0,correlated,
68,1.0,False,15.921900000648748,100000,10,pre_filter,1.0,1.0,1.0,correlated,
69,1.0,False,15.956700000060664,100000,10,pre_filter,1.0,1.0,1.0,correlated,
70,1.0,False,15.96010000048409,100000,10,pre_filter,1.0,1.0,1.0,correlated,
71,1.0,False,16.661099999510043,100000,10,pre_filter,1.0,1.0,1.0,correlated,
72,1.0,False,17.87250000052154,100000,10,pre_filter,1.0,1.0,1.0,correlated,
73,1.0,False,19.98699999967357,100000,10,pre_filter,1.0,1.0,1.0,correlated,
74,1.0,False,17.684899999949266,100000,10,pre_filter,1.0,1.0,1.0,correlated,
75,1.0,False,17.49050000034913,100000,10,pre_filter,1.0,1.0,1.0,correlated,
76,1.0,False,16.197900000406662,100000,10,pre_filter,1.0,1.0,1.0,correlated,
77,1.0,False,16.184699999939767,100000,10,pre_filter,1.0,1.0,1.0,correlated,
78,1.0,False,16.329600000062783,100000,10,pre_filter,1.0,1.0,1.0,correlated,
79,1.0,False,16.038100000514532,100000,10,pre_filter,1.0,1.0,1.0,correlated,
80,1.0,False,16.605599999820697,100000,10,pre_filter,1.0,1.0,1.0,correlated,
81,1.0,False,15.869199999542616,100000,10,pre_filter,1.0,1.0,1.0,correlated,
82,1.0,False,15.823699999600649,100000,10,pre_filter,1.0,1.0,1.0,correlated,
83,1.0,False,16.619899999568588,100000,10,pre_filter,1.0,1.0,1.0,correlated,
84,1.0,False,15.82330000019283,100000,10,pre_filter,1.0,1.0,1.0,correlated,
85,1.0,False,16.555700000026263,100000,10,pre_filter,1.0,1.0,1.0,correlated,
86,1.0,False,16.24549999996816,100000,10,pre_filter,1.0,1.0,1.0,correlated,
87,1.0,False,16.512400000465277,100000,10,pre_filter,1.0,1.0,1.0,correlated,
88,1.0,False,15.077199999723234,100000,10,pre_filter,1.0,1.0,1.0,correlated,
89,1.0,False,15.249099999891769,100000,10,pre_filter,1.0,1.0,1.0,correlated,
90,1.0,False,16.44609999948443,100000,10,pre_filter,1.0,1.0,1.0,correlated,
91,1.0,False,20.180200000140758,100000,10,pre_filter,1.0,1.0,1.0,correlated,
92,1.0,False,16.353199999684875,100000,10,pre_filter,1.0,1.0,1.0,correlated,
93,1.0,False,16.162099999746715,100000,10,pre_filter,1.0,1.0,1.0,correlated,
94,1.0,False,18.37599999998929,100000,10,pre_filter,1.0,1.0,1.0,correlated,
95,1.0,False,17.030500000146276,100000,10,pre_filter,1.0,1.0,1.0,correlated,
96,1.0,False,17.012899999826914,100000,10,pre_filter,1.0,1.0,1.0,correlated,
97,1.0,False,15.400700000100187,100000,10,pre_filter,1.0,1.0,1.0,correlated,
98,1.0,False,17.81620000019757,100000,10,pre_filter,1.0,1.0,1.0,correlated,
99,1.0,False,16.718300000320596,100000,10,pre_filter,1.0,1.0,1.0,correlated,
100,1.0,False,15.673299999434676,100000,10,pre_filter,1.0,1.0,1.0,correlated,
101,1.0,False,15.867799999796262,100000,10,pre_filter,1.0,1.0,1.0,correlated,
102,1.0,False,16.875899999831745,100000,10,pre_filter,1.0,1.0,1.0,correlated,
103,1.0,False,19.455399999969814,100000,10,pre_filter,1.0,1.0,1.0,correlated,
104,1.0,False,16.06809999975667,100000,10,pre_filter,1.0,1.0,1.0,correlated,
105,1.0,False,16.989200000352866,100000,10,pre_filter,1.0,1.0,1.0,correlated,
106,1.0,False,16.426399999545538,100000,10,pre_filter,1.0,1.0,1.0,correlated,
107,1.0,False,15.912199999547738,100000,10,pre_filter,1.0,1.0,1.0,correlated,
108,1.0,False,16.297000000122353,100000,10,pre_filter,1.0,1.0,1.0,correlated,
109,1.0,False,16.86989999961952,100000,10,pre_filter,1.0,1.0,1.0,correlated,
110,1.0,False,19.036400000004505,100000,10,pre_filter,1.0,1.0,1.0,correlated,
111,1.0,False,15.851500000280794,100000,10,pre_filter,1.0,1.0,1.0,correlated,
112,1.0,False,16.148799999427865,100000,10,pre_filter,1.0,1.0,1.0,correlated,
113,1.0,False,17.180100000587117,100000,10,pre_filter,1.0,1.0,1.0,correlated,
114,1.0,False,15.92499999969732,100000,10,pre_filter,1.0,1.0,1.0,correlated,
115,1.0,False,16.59730000028503,100000,10,pre_filter,1.0,1.0,1.0,correlated,
116,1.0,False,16.995300000417046,100000,10,pre_filter,1.0,1.0,1.0,correlated,
117,1.0,False,16.109500000311527,100000,10,pre_filter,1.0,1.0,1.0,correlated,
118,1.0,False,16.018700000131503,100000,10,pre_filter,1.0,1.0,1.0,correlated,
119,1.0,False,15.86310000038793,100000,10,pre_filter,1.0,1.0,1.0,correlated,
120,1.0,False,16.096899999865855,100000,10,pre_filter,1.0,1.0,1.0,correlated,
121,1.0,False,16.14510000035807,100000,10,pre_filter,1.0,1.0,1.0,correlated,
122,1.0,False,16.55029999983526,100000,10,pre_filter,1.0,1.0,1.0,correlated,
123,1.0,False,18.099500000062108,100000,10,pre_filter,1.0,1.0,1.0,correlated,
124,1.0,False,19.750200000089535,100000,10,pre_filter,1.0,1.0,1.0,correlated,
125,1.0,False,16.05169999947975,100000,10,pre_filter,1.0,1.0,1.0,correlated,
126,1.0,False,16.913600000407314,100000,10,pre_filter,1.0,1.0,1.0,correlated,
127,1.0,False,19.534400000338792,100000,10,pre_filter,1.0,1.0,1.0,correlated,
128,1.0,False,17.509700000118755,100000,10,pre_filter,1.0,1.0,1.0,correlated,
129,1.0,False,17.278100000112318,100000,10,pre_filter,1.0,1.0,1.0,correlated,
130,1.0,False,17.19740000044112,100000,10,pre_filter,1.0,1.0,1.0,correlated,
131,1.0,False,19.4588999993357,100000,10,pre_filter,1.0,1.0,1.0,correlated,
132,1.0,False,16.298500000630156,100000,10,pre_filter,1.0,1.0,1.0,correlated,
133,1.0,False,18.764200000077835,100000,10,pre_filter,1.0,1.0,1.0,correlated,
134,1.0,False,15.16300000002957,100000,10,pre_filter,1.0,1.0,1.0,correlated,
135,1.0,False,15.58149999982561,100000,10,pre_filter,1.0,1.0,1.0,correlated,
136,1.0,False,20.85819999956584,100000,10,pre_filter,1.0,1.0,1.0,correlated,
137,1.0,False,16.709699999410077,100000,10,pre_filter,1.0,1.0,1.0,correlated,
138,1.0,False,16.480700000101933,100000,10,pre_filter,1.0,1.0,1.0,correlated,
139,1.0,False,15.895200000159093,100000,10,pre_filter,1.0,1.0,1.0,correlated,
140,1.0,False,15.895100000307139,100000,10,pre_filter,1.0,1.0,1.0,correlated,
141,1.0,False,15.568999999231892,100000,10,pre_filter,1.0,1.0,1.0,correlated,
142,1.0,False,15.796100000443403,100000,10,pre_filter,1.0,1.0,1.0,correlated,
143,1.0,False,15.734900000097696,100000,10,pre_filter,1.0,1.0,1.0,correlated,
144,1.0,False,19.789500000115368,100000,10,pre_filter,1.0,1.0,1.0,correlated,
145,1.0,False,16.520300000593124,100000,10,pre_filter,1.0,1.0,1.0,correlated,
146,1.0,False,16.01909999953932,100000,10,pre_filter,1.0,1.0,1.0,correlated,
147,1.0,False,19.160699999702047,100000,10,pre_filter,1.0,1.0,1.0,correlated,
148,1.0,False,19.34479999999894,100000,10,pre_filter,1.0,1.0,1.0,correlated,
149,1.0,False,17.420799999854353,100000,10,pre_filter,1.0,1.0,1.0,correlated,
150,1.0,False,18.187599999691884,100000,10,pre_filter,1.0,1.0,1.0,correlated,
151,1.0,False,17.640099999880476,100000,10,pre_filter,1.0,1.0,1.0,correlated,
152,1.0,False,16.779299999143404,100000,10,pre_filter,1.0,1.0,1.0,correlated,
153,1.0,False,16.262499999356805,100000,10,pre_filter,1.0,1.0,1.0,correlated,
154,1.0,False,15.782299999955285,100000,10,pre_filter,1.0,1.0,1.0,correlated,
155,1.0,False,15.991000000212807,100000,10,pre_filter,1.0,1.0,1.0,correlated,
156,1.0,False,16.318100000717095,100000,10,pre_filter,1.0,1.0,1.0,correlated,
157,1.0,False,15.909199999441626,100000,10,pre_filter,1.0,1.0,1.0,correlated,
158,1.0,False,15.929499999401742,100000,10,pre_filter,1.0,1.0,1.0,correlated,
159,1.0,False,15.967899999850488,100000,10,pre_filter,1.0,1.0,1.0,correlated,
160,1.0,False,16.183400000045367,100000,10,pre_filter,1.0,1.0,1.0,correlated,
161,1.0,False,16.79150000018126,100000,10,pre_filter,1.0,1.0,1.0,correlated,
162,1.0,False,16.06770000034885,100000,10,pre_filter,1.0,1.0,1.0,correlated,
163,1.0,False,16.638699999930395,100000,10,pre_filter,1.0,1.0,1.0,correlated,
164,1.0,False,16.010399999686342,100000,10,pre_filter,1.0,1.0,1.0,correlated,
165,1.0,False,16.61659999990661,100000,10,pre_filter,1.0,1.0,1.0,correlated,
166,1.0,False,16.59659999950236,100000,10,pre_filter,1.0,1.0,1.0,correlated,
167,1.0,False,17.01630000025034,100000,10,pre_filter,1.0,1.0,1.0,correlated,
168,1.0,False,17.263799999454932,100000,10,pre_filter,1.0,1.0,1.0,correlated,
169,1.0,False,16.30849999946804,100000,10,pre_filter,1.0,1.0,1.0,correlated,
170,1.0,False,15.786599999955797,100000,10,pre_filter,1.0,1.0,1.0,correlated,
171,1.0,False,16.542400000616908,100000,10,pre_filter,1.0,1.0,1.0,correlated,
172,1.0,False,16.809599999760394,100000,10,pre_filter,1.0,1.0,1.0,correlated,
173,1.0,False,15.745600000627746,100000,10,pre_filter,1.0,1.0,1.0,correlated,
174,1.0,False,16.47030000003724,100000,10,pre_filter,1.0,1.0,1.0,correlated,
175,1.0,False,15.751500000078522,100000,10,pre_filter,1.0,1.0,1.0,correlated,
176,1.0,False,16.29620000039722,100000,10,pre_filter,1.0,1.0,1.0,correlated,
177,1.0,False,19.46510000016133,100000,10,pre_filter,1.0,1.0,1.0,correlated,
178,1.0,False,15.837699999792676,100000,10,pre_filter,1.0,1.0,1.0,correlated,
179,1.0,False,16.529600000467326,100000,10,pre_filter,1.0,1.0,1.0,correlated,
180,1.0,False,16.25430000058259,100000,10,pre_filter,1.0,1.0,1.0,correlated,
181,1.0,False,16.179600000214123,100000,10,pre_filter,1.0,1.0,1.0,correlated,
182,1.0,False,15.964299999723153,100000,10,pre_filter,1.0,1.0,1.0,correlated,
183,1.0,False,16.708899999684945,100000,10,pre_filter,1.0,1.0,1.0,correlated,
184,1.0,False,15.925000000606815,100000,10,pre_filter,1.0,1.0,1.0,correlated,
185,1.0,False,16.38249999996333,100000,10,pre_filter,1.0,1.0,1.0,correlated,
186,1.0,False,17.824499999733234,100000,10,pre_filter,1.0,1.0,1.0,correlated,
187,1.0,False,17.29709999926854,100000,10,pre_filter,1.0,1.0,1.0,correlated,
188,1.0,False,16.302099999847997,100000,10,pre_filter,1.0,1.0,1.0,correlated,
189,1.0,False,16.277400000035414,100000,10,pre_filter,1.0,1.0,1.0,correlated,
190,1.0,False,16.499400000611786,100000,10,pre_filter,1.0,1.0,1.0,correlated,
191,1.0,False,16.265499999462918,100000,10,pre_filter,1.0,1.0,1.0,correlated,
192,1.0,False,15.997299999980896,100000,10,pre_filter,1.0,1.0,1.0,correlated,
193,1.0,False,16.319600000315404,100000,10,pre_filter,1.0,1.0,1.0,correlated,
194,1.0,False,16.203000000132306,100000,10,pre_filter,1.0,1.0,1.0,correlated,
195,1.0,False,16.519499999958498,100000,10,pre_filter,1.0,1.0,1.0,correlated,
196,1.0,False,16.23139999992418,100000,10,pre_filter,1.0,1.0,1.0,correlated,
197,1.0,False,15.606500000103551,100000,10,pre_filter,1.0,1.0,1.0,correlated,
198,1.0,False,16.401099999711732,100000,10,pre_filter,1.0,1.0,1.0,correlated,
199,1.0,False,16.830399999889778,100000,10,pre_filter,1.0,1.0,1.0,correlated,
20,1.0,False,1.875800000561867,588,10,post_filter,1.0,1.0,1.0,correlated,0.0
21,1.0,False,2.0629999999073334,772,10,post_filter,1.0,1.0,1.0,correlated,0.0
22,0.9,False,1.716899999337329,718,10,post_filter,1.0,1.0,1.0,correlated,0.0
23,0.9,False,1.8749000000752858,738,10,post_filter,1.0,1.0,1.0,correlated,0.0
24,1.0,False,2.0193999998809886,855,10,post_filter,1.0,1.0,1.0,correlated,0.0
25,1.0,False,1.7490000000179862,645,10,post_filter,1.0,1.0,1.0,correlated,0.0
26,1.0,False,1.9227000002501882,837,10,post_filter,1.0,1.0,1.0,correlated,0.0
27,0.9,False,1.9664999999804422,851,10,post_filter,1.0,1.0,1.0,correlated,0.0
28,1.0,False,1.7889000000650412,759,10,post_filter,1.0,1.0,1.0,correlated,0.0
29,1.0,False,1.6458000000056927,415,10,post_filter,1.0,1.0,1.0,correlated,0.0
30,0.8,False,1.8588999992061872,708,10,post_filter,1.0,1.0,1.0,correlated,0.0
31,1.0,False,1.8614999999044812,804,10,post_filter,1.0,1.0,1.0,correlated,0.0
32,1.0,False,1.803000000109023,712,10,post_filter,1.0,1.0,1.0,correlated,0.0
33,1.0,False,1.7941999994945945,647,10,post_filter,1.0,1.0,1.0,correlated,0.0
34,1.0,False,1.8036000001302455,775,10,post_filter,1.0,1.0,1.0,correlated,0.0
35,1.0,False,1.857199999903969,800,10,post_filter,1.0,1.0,1.0,correlated,0.0
36,1.0,False,1.9725000001926674,946,10,post_filter,1.0,1.0,1.0,correlated,0.0
37,1.0,False,1.8225999992864672,699,10,post_filter,1.0,1.0,1.0,correlated,0.0
38,1.0,False,1.774199999999837,732,10,post_filter,1.0,1.0,1.0,correlated,0.0
39,1.0,False,1.875099999779195,690,10,post_filter,1.0,1.0,1.0,correlated,0.0
40,1.0,False,1.9440999994913,835,10,post_filter,1.0,1.0,1.0,correlated,0.0
41,1.0,False,1.6841000006024842,515,10,post_filter,1.0,1.0,1.0,correlated,0.0
42,1.0,False,1.9044999999096035,785,10,post_filter,1.0,1.0,1.0,correlated,0.0
43,1.0,False,1.8028000004051137,794,10,post_filter,1.0,1.0,1.0,correlated,0.0
44,1.0,False,1.792099999875063,647,10,post_filter,1.0,1.0,1.0,correlated,0.0
45,1.0,False,1.7904000005728449,695,10,post_filter,1.0,1.0,1.0,correlated,0.0
46,1.0,False,1.8706999999267282,736,10,post_filter,1.0,1.0,1.0,correlated,0.0
47,1.0,False,1.941100000294682,808,10,post_filter,1.0,1.0,1.0,correlated,0.0
48,1.0,False,1.7619000000195228,741,10,post_filter,1.0,1.0,1.0,correlated,0.0
49,1.0,False,1.7090000001189765,575,10,post_filter,1.0,1.0,1.0,correlated,0.0
50,1.0,False,1.7546999997648527,638,10,post_filter,1.0,1.0,1.0,correlated,0.0
51,1.0,False,1.7632999997658771,584,10,post_filter,1.0,1.0,1.0,correlated,0.0
52,0.9,False,1.8652999997357256,774,10,post_filter,1.0,1.0,1.0,correlated,0.0
53,1.0,False,1.7924000003404217,712,10,post_filter,1.0,1.0,1.0,correlated,0.0
54,1.0,False,1.584099999490718,382,10,post_filter,1.0,1.0,1.0,correlated,0.0
55,1.0,False,1.6501999998581596,377,10,post_filter,1.0,1.0,1.0,correlated,0.0
56,1.0,False,1.9852999994327547,796,10,post_filter,1.0,1.0,1.0,correlated,0.0
57,1.0,False,1.8472000001565902,805,10,post_filter,1.0,1.0,1.0,correlated,0.0
58,1.0,False,1.9050000000788714,818,10,post_filter,1.0,1.0,1.0,correlated,0.0
59,1.0,False,1.6642999999021413,465,10,post_filter,1.0,1.0,1.0,correlated,0.0
60,1.0,False,1.866100000370352,778,10,post_filter,1.0,1.0,1.0,correlated,0.0
61,1.0,False,1.7023000000335742,563,10,post_filter,1.0,1.0,1.0,correlated,0.0
62,1.0,False,1.657500000874279,376,10,post_filter,1.0,1.0,1.0,correlated,0.0
63,1.0,False,1.7696000004434609,635,10,post_filter,1.0,1.0,1.0,correlated,0.0
64,1.0,False,1.9441999993432546,573,10,post_filter,1.0,1.0,1.0,correlated,0.0
65,1.0,False,1.7619999998714775,577,10,post_filter,1.0,1.0,1.0,correlated,0.0
66,1.0,False,1.714699999865843,501,10,post_filter,1.0,1.0,1.0,correlated,0.0
67,1.0,False,1.7593000002307235,600,10,post_filter,1.0,1.0,1.0,correlated,0.0
68,1.0,False,1.6768000004958594,570,10,post_filter,1.0,1.0,1.0,correlated,0.0
69,0.8,False,1.7668999998932122,778,10,post_filter,1.0,1.0,1.0,correlated,0.0
70,1.0,False,1.6177999996216386,404,10,post_filter,1.0,1.0,1.0,correlated,0.0
71,1.0,False,1.7413999994460028,575,10,post_filter,1.0,1.0,1.0,correlated,0.0
72,0.9,False,1.9352999997863662,878,10,post_filter,1.0,1.0,1.0,correlated,0.0
73,1.0,False,2.2871999999551917,762,10,post_filter,1.0,1.0,1.0,correlated,0.0
74,1.0,False,2.0629999999073334,713,10,post_filter,1.0,1.0,1.0,correlated,0.0
75,1.0,False,1.981299999897601,788,10,post_filter,1.0,1.0,1.0,correlated,0.0
76,1.0,False,2.0397000007505994,668,10,post_filter,1.0,1.0,1.0,correlated,0.0
77,1.0,False,1.8645999998625484,764,10,post_filter,1.0,1.0,1.0,correlated,0.0
78,0.9,False,1.8759999993562815,805,10,post_filter,1.0,1.0,1.0,correlated,0.0
79,1.0,False,1.634100000046601,477,10,post_filter,1.0,1.0,1.0,correlated,0.0
80,0.9,False,1.8817000000126427,729,10,post_filter,1.0,1.0,1.0,correlated,0.0
81,1.0,False,2.0162999999229214,864,10,post_filter,1.0,1.0,1.0,correlated,0.0
82,1.0,False,2.042299999629904,955,10,post_filter,1.0,1.0,1.0,correlated,0.0
83,1.0,False,1.8043000000034226,686,10,post_filter,1.0,1.0,1.0,correlated,0.0
84,1.0,False,1.960999999937485,871,10,post_filter,1.0,1.0,1.0,correlated,0.0
85,1.0,False,1.779599999281345,552,10,post_filter,1.0,1.0,1.0,correlated,0.0
86,1.0,False,1.6507000000274274,547,10,post_filter,1.0,1.0,1.0,correlated,0.0
87,1.0,False,1.5278000000762404,392,10,post_filter,1.0,1.0,1.0,correlated,0.0
88,1.0,False,1.5439999997397535,356,10,post_filter,1.0,1.0,1.0,correlated,0.0
89,1.0,False,1.6871999996510567,576,10,post_filter,1.0,1.0,1.0,correlated,0.0
90,1.0,False,1.8130999997083563,590,10,post_filter,1.0,1.0,1.0,correlated,0.0
91,1.0,False,1.745399999890651,579,10,post_filter,1.0,1.0,1.0,correlated,0.0
92,1.0,False,1.8976999999722466,817,10,post_filter,1.0,1.0,1.0,correlated,0.0
93,1.0,False,1.7520000001240987,611,10,post_filter,1.0,1.0,1.0,correlated,0.0
94,1.0,False,1.5664000002288958,424,10,post_filter,1.0,1.0,1.0,correlated,0.0
95,1.0,False,1.9155999998474726,791,10,post_filter,1.0,1.0,1.0,correlated,0.0
96,0.9,False,2.006900000196765,834,10,post_filter,1.0,1.0,1.0,correlated,0.0
97,0.9,False,2.0346999999674154,764,10,post_filter,1.0,1.0,1.0,correlated,0.0
98,1.0,False,1.6856000002007931,420,10,post_filter,1.0,1.0,1.0,correlated,0.0
99,1.0,False,1.7878999997265055,715,10,post_filter,1.0,1.0,1.0,correlated,0.0
100,1.0,False,1.7447999998694286,587,10,post_filter,1.0,1.0,1.0,correlated,0.0
101,1.0,False,1.8503000001146575,678,10,post_filter,1.0,1.0,1.0,correlated,0.0
102,0.8,False,1.8810999999914202,822,10,post_filter,1.0,1.0,1.0,correlated,0.0
103,1.0,False,1.967599999261438,829,10,post_filter,1.0,1.0,1.0,correlated,0.0
104,1.0,False,1.726000000417116,563,10,post_filter,1.0,1.0,1.0,correlated,0.0
105,1.0,False,1.8669999999474385,730,10,post_filter,1.0,1.0,1.0,correlated,0.0
106,1.0,False,1.719799999591487,510,10,post_filter,1.0,1.0,1.0,correlated,0.0
107,1.0,False,1.9238000004406786,559,10,post_filter,1.0,1.0,1.0,correlated,0.0
108,1.0,False,1.5020999999251217,270,10,post_filter,1.0,1.0,1.0,correlated,0.0
109,1.0,False,1.8767000001389533,622,10,post_filter,1.0,1.0,1.0,correlated,0.0
110,1.0,False,1.752400000441412,590,10,post_filter,1.0,1.0,1.0,correlated,0.0
111,0.9,False,1.8149000006815186,759,10,post_filter,1.0,1.0,1.0,correlated,0.0
112,1.0,False,1.6562000000703847,488,10,post_filter,1.0,1.0,1.0,correlated,0.0
113,1.0,False,1.9115999994028243,797,10,post_filter,1.0,1.0,1.0,correlated,0.0
114,1.0,False,1.7696999993859208,592,10,post_filter,1.0,1.0,1.0,correlated,0.0
115,1.0,False,1.8186999996032682,801,10,post_filter,1.0,1.0,1.0,correlated,0.0
116,1.0,False,1.9204000000172528,344,10,post_filter,1.0,1.0,1.0,correlated,0.0
117,1.0,False,2.137699999366305,892,10,post_filter,1.0,1.0,1.0,correlated,0.0
118,0.9,False,1.9593999995777267,818,10,post_filter,1.0,1.0,1.0,correlated,0.0
119,1.0,False,1.6309000002365792,342,10,post_filter,1.0,1.0,1.0,correlated,0.0
120,1.0,False,1.9820999996227329,795,10,post_filter,1.0,1.0,1.0,correlated,0.0
121,1.0,False,1.855999999861524,675,10,post_filter,1.0,1.0,1.0,correlated,0.0
122,1.0,False,2.0366000007925322,850,10,post_filter,1.0,1.0,1.0,correlated,0.0
123,1.0,False,1.8030999999609776,631,10,post_filter,1.0,1.0,1.0,correlated,0.0
124,1.0,False,2.0518999999694643,691,10,post_filter,1.0,1.0,1.0,correlated,0.0
125,1.0,False,1.996799999687937,803,10,post_filter,1.0,1.0,1.0,correlated,0.0
126,1.0,False,1.9947999999203603,883,10,post_filter,1.0,1.0,1.0,correlated,0.0
127,1.0,False,1.9363999999768566,841,10,post_filter,1.0,1.0,1.0,correlated,0.0
128,1.0,False,1.8487000006643939,718,10,post_filter,1.0,1.0,1.0,correlated,0.0
129,1.0,False,1.7308000005868962,535,10,post_filter,1.0,1.0,1.0,correlated,0.0
130,0.8,False,2.0046999998157844,882,10,post_filter,1.0,1.0,1.0,correlated,0.0
131,1.0,False,1.8911999995907536,755,10,post_filter,1.0,1.0,1.0,correlated,0.0
132,1.0,False,2.034299999650102,913,10,post_filter,1.0,1.0,1.0,correlated,0.0
133,0.9,False,2.0209000003887923,898,10,post_filter,1.0,1.0,1.0,correlated,0.0
134,0.9,False,1.6605999999228516,425,10,post_filter,1.0,1.0,1.0,correlated,0.0
135,1.0,False,1.9340999997439212,832,10,post_filter,1.0,1.0,1.0,correlated,0.0
136,1.0,False,1.8420999995214515,847,10,post_filter,1.0,1.0,1.0,correlated,0.0
137,1.0,False,2.032600000347884,897,10,post_filter,1.0,1.0,1.0,correlated,0.0
138,1.0,False,1.8588000002637273,716,10,post_filter,1.0,1.0,1.0,correlated,0.0
139,1.0,False,1.8894000004365807,785,10,post_filter,1.0,1.0,1.0,correlated,0.0
140,1.0,False,1.8976999999722466,752,10,post_filter,1.0,1.0,1.0,correlated,0.0
141,1.0,False,1.6966000002867077,521,10,post_filter,1.0,1.0,1.0,correlated,0.0
142,1.0,False,1.9214999992982484,877,10,post_filter,1.0,1.0,1.0,correlated,0.0
143,1.0,False,1.7047000001184642,575,10,post_filter,1.0,1.0,1.0,correlated,0.0
144,1.0,False,1.7763000005288632,702,10,post_filter,1.0,1.0,1.0,correlated,0.0
145,1.0,False,1.7493000004833448,601,10,post_filter,1.0,1.0,1.0,correlated,0.0
146,1.0,False,1.8457000005582813,759,10,post_filter,1.0,1.0,1.0,correlated,0.0
147,0.9,False,1.9052999996347353,855,10,post_filter,1.0,1.0,1.0,correlated,0.0
148,1.0,False,1.8685000004552421,710,10,post_filter,1.0,1.0,1.0,correlated,0.0
149,1.0,False,2.039800000602554,684,10,post_filter,1.0,1.0,1.0,correlated,0.0
150,0.9,False,1.8700999999055057,766,10,post_filter,1.0,1.0,1.0,correlated,0.0
151,1.0,False,1.6740999999456108,439,10,post_filter,1.0,1.0,1.0,correlated,0.0
152,1.0,False,1.8428000003041234,779,10,post_filter,1.0,1.0,1.0,correlated,0.0
153,1.0,False,1.8909000000348897,735,10,post_filter,1.0,1.0,1.0,correlated,0.0
154,1.0,False,1.7785999998523039,723,10,post_filter,1.0,1.0,1.0,correlated,0.0
155,0.9,False,1.834900000176276,818,10,post_filter,1.0,1.0,1.0,correlated,0.0
156,0.6,False,1.798600000256556,830,10,post_filter,1.0,1.0,1.0,correlated,0.0
157,1.0,False,2.020799999627343,892,10,post_filter,1.0,1.0,1.0,correlated,0.0
158,1.0,False,1.8924000005426933,836,10,post_filter,1.0,1.0,1.0,correlated,0.0
159,0.8,False,1.8251000001328066,794,10,post_filter,1.0,1.0,1.0,correlated,0.0
160,1.0,False,2.0191999992675846,926,10,post_filter,1.0,1.0,1.0,correlated,0.0
161,1.0,False,1.911600000312319,832,10,post_filter,1.0,1.0,1.0,correlated,0.0
162,1.0,False,1.992900000004738,947,10,post_filter,1.0,1.0,1.0,correlated,0.0
163,0.9,False,1.8691000004764646,819,10,post_filter,1.0,1.0,1.0,correlated,0.0
164,1.0,False,1.775600000655686,730,10,post_filter,1.0,1.0,1.0,correlated,0.0
165,1.0,False,1.8684999995457474,787,10,post_filter,1.0,1.0,1.0,correlated,0.0
166,0.9,False,1.9434999994700775,784,10,post_filter,1.0,1.0,1.0,correlated,0.0
167,1.0,False,1.9564000003811088,873,10,post_filter,1.0,1.0,1.0,correlated,0.0
168,1.0,False,1.821199999540113,810,10,post_filter,1.0,1.0,1.0,correlated,0.0
169,0.9,False,2.0001000002594083,807,10,post_filter,1.0,1.0,1.0,correlated,0.0
170,0.9,False,1.8203999998149811,783,10,post_filter,1.0,1.0,1.0,correlated,0.0
171,1.0,False,1.9037000001844717,793,10,post_filter,1.0,1.0,1.0,correlated,0.0
172,0.7,False,1.9610999997894396,833,10,post_filter,1.0,1.0,1.0,correlated,0.0
173,0.8,False,2.0842000003540306,818,10,post_filter,1.0,1.0,1.0,correlated,0.0
174,0.9,False,1.8393999998806976,843,10,post_filter,1.0,1.0,1.0,correlated,0.0
175,1.0,False,1.7832000003181747,759,10,post_filter,1.0,1.0,1.0,correlated,0.0
176,1.0,False,1.7772000001059496,765,10,post_filter,1.0,1.0,1.0,correlated,0.0
177,1.0,False,1.8422000002829009,823,10,post_filter,1.0,1.0,1.0,correlated,0.0
178,1.0,False,1.810499999919557,778,10,post_filter,1.0,1.0,1.0,correlated,0.0
179,1.0,False,1.7953999995370395,746,10,post_filter,1.0,1.0,1.0,correlated,0.0
180,1.0,False,1.8129999998564017,707,10,post_filter,1.0,1.0,1.0,correlated,0.0
181,0.8,False,1.99849999989965,840,10,post_filter,1.0,1.0,1.0,correlated,0.0
182,1.0,False,1.917900000080408,796,10,post_filter,1.0,1.0,1.0,correlated,0.0
183,0.9,False,1.8449999997756095,762,10,post_filter,1.0,1.0,1.0,correlated,0.0
184,1.0,False,1.8740999994406593,791,10,post_filter,1.0,1.0,1.0,correlated,0.0
185,1.0,False,1.5296999999918626,308,10,post_filter,1.0,1.0,1.0,correlated,0.0
186,1.0,False,1.7522999996799626,593,10,post_filter,1.0,1.0,1.0,correlated,0.0
187,1.0,False,1.8029000002570683,824,10,post_filter,1.0,1.0,1.0,correlated,0.0
188,1.0,False,1.9110000002910965,827,10,post_filter,1.0,1.0,1.0,correlated,0.0
189,1.0,False,1.8411999999443651,743,10,post_filter,1.0,1.0,1.0,correlated,0.0
190,1.0,False,1.8433999994158512,610,10,post_filter,1.0,1.0,1.0,correlated,0.0
191,1.0,False,1.963400000022375,913,10,post_filter,1.0,1.0,1.0,correlated,0.0
192,0.8,False,2.0521000005828682,979,10,post_filter,1.0,1.0,1.0,correlated,0.0
193,1.0,False,1.8835000000763102,776,10,post_filter,1.0,1.0,1.0,correlated,0.0
194,1.0,False,1.8891999998231768,827,10,post_filter,1.0,1.0,1.0,correlated,0.0
195,1.0,False,1.930999999785854,831,10,post_filter,1.0,1.0,1.0,correlated,0.0
196,1.0,False,1.9283999999970547,909,10,post_filter,1.0,1.0,1.0,correlated,0.0
197,1.0,False,1.9049000002269167,865,10,post_filter,1.0,1.0,1.0,correlated,0.0
198,1.0,False,1.7318000000159373,509,10,post_filter,1.0,1.0,1.0,correlated,0.0
199,0.7,False,1.9446999995125225,912,10,post_filter,1.0,1.0,1.0,correlated,0.0
